﻿Profile,ProfileNumber,ProfileParty,ProfileSubstantive,ProfileCooperation
1,0,None,1,1
2,0,None,1,0
3,0,None,0,1
4,0,None,0,0
5,1,SDSM,1,1
6,1,Albanian,1,1
7,1,SDSM,0,1
8,1,Albanian,0,1
9,1,SDSM,1,0
10,1,Albanian,1,0
11,1,SDSM,0,0
12,1,Albanian,0,0
13,6,SDSM,1,1
14,6,Albanian,1,1
15,6,SDSM,0,1
16,6,Albanian,0,1
17,6,SDSM,1,0
18,6,Albanian,1,0
19,6,SDSM,0,0
20,6,Albanian,0,0
21,10,SDSM,1,1
22,10,Albanian,1,1
23,10,SDSM,0,1
24,10,Albanian,0,1
25,10,SDSM,1,0
26,10,Albanian,1,0
27,10,SDSM,0,0
28,10,Albanian,0,0