﻿Sent Date,Unique IDs,q_4_meta Date of Interview,q_6 6. Name of municipal corporation on which corporator serves ,q_7 7. Name of corporator ,Surname,q_8 8. Gender of corporator ,q_9 9. Corporator constituency (Reserved for SC/ST or general),q_9_resvd • Reserved,,q_10 10. State where the corporator lives,coded_reservation,coded_surname,coded_fullname,coded_archival,coded_guess,"caste (Brahmin, other forward, scheduled caste, scheduled tribe, other backward class, other religion)"
24-Mar-20,1001,13-Jan-20,Surat nagar nigam,Anil dipchand goplani,goplani,1,2,,,Gujarat,0,1,0,0,0,Other religion
24-Mar-20,1001,1-Jan-20,Agra nagar nigam,Shyam veer,veer,1,2,,,UP,0,0,1,0,0,OF
24-Mar-20,1001,16-Mar-20,Siliguri,Ram bhajan mahto,mahto,1,2,,,West Bengal,0,1,0,0,0,OF
24-Mar-20,1001,24-Feb-20,Mysore municipal corporation,Namratha,namratha,2,1,5,,Karnataka,1,0,0,0,0,OBC
24-Mar-20,1001,6-Mar-20,Kollam,Meenakumari,meenakumari,2,1,4,,Kerala,0,0,0,1,0,OBC
24-Mar-20,1002,16-Mar-20,Siliguri,Rita oraon,oraon,2,1,4,,West Bengal,0,1,0,0,0,ST
24-Mar-20,1002,1-Jan-20,Agra nagar nigam,Aneeta,aneeta,2,1,1,,UP,1,0,0,0,0,SC
24-Mar-20,1002,13-Jan-20,Surat nagar nigam,Kalpanaben madansinh atodaria,atodaria,2,2,,,Gujarat,0,0,1,0,0,OF
24-Mar-20,1002,24-Feb-20,Mysore municipal corporation,Hajeera seema,seema,2,1,5,,Karnataka,1,0,0,0,0,OBC
24-Mar-20,1002,6-Mar-20,Kollam,S prasannan,prasannan,1,2,,,Kerala,0,0,0,1,0,OBC
24-Mar-20,1003,24-Feb-20,Mysore municipal corporation,C.Vedavathi,vedavathi,2,1,6,,Karnataka,1,0,0,0,0,SC
24-Mar-20,1003,6-Mar-20,Kollam,K babu,babu,1,2,,,Kerala,0,0,1,0,0,OF
24-Mar-20,1003,1-Jan-20,Agra nagar nigam,Dharmveer singh,singh,1,2,,,UP,0,0,1,0,0,OF
24-Mar-20,1003,13-Jan-20,Surat nagar nigam,Vijaykumar prahladray chowmal,chowmal,1,2,,,Gujarat,0,0,1,0,0,Brahmin
24-Mar-20,1003,16-Mar-20,Siliguri,Ashok narayan bhattacharya,bhattacharya,1,2,,,West Bengal,0,1,0,0,0,Brahmin
24-Mar-20,1004,2-Jan-20,Agra nagar nigam,Amit kumar,kumar,1,1,1,,UP,1,0,0,0,0,SC
24-Mar-20,1004,16-Mar-20,Siliguri,Pintu ghosh,ghosh,1,2,,,West Bengal,0,1,0,0,0,OF
24-Mar-20,1004,24-Feb-20,Mysore municipal corporation,Ayub khan,khan,1,1,3,,Karnataka,1,0,0,0,0,OBC
24-Mar-20,1004,13-Jan-20,Surat nagar nigam,Rakeshbhai champaklal mali,mali,1,1,3,,Gujarat,1,0,0,0,0,OBC
24-Mar-20,1004,6-Mar-20,Kollam,Prem ushar,ushar,1,2,,,Kerala,0,0,0,1,0,OBC
24-Mar-20,1005,24-Feb-20,Mysore municipal corporation,Reshma bhanu,bhanu,2,1,7,,Karnataka,1,0,0,0,0,ST
24-Mar-20,1005,6-Mar-20,Kollam,Vinitha vincent,vincent,2,1,4,,Kerala,0,0,1,0,0,Other religion
24-Mar-20,1005,2-Jan-20,Agra nagar nigam,Radhika agarwal,agarwal,2,2,,,UP,0,1,0,0,0,OF
24-Mar-20,1005,16-Mar-20,Siliguri,Khushboo mittal,mittal,2,1,4,,West Bengal,0,1,0,0,0,OF
24-Mar-20,1005,13-Jan-20,Surat nagar nigam,Pravinbhai maganbhai patel,patel,1,2,,,Gujarat,0,1,0,0,0,OF
24-Mar-20,1006,24-Feb-20,Mysore municipal corporation,Syad hasarathulla,hasarathulla,1,1,2,,Karnataka,1,0,0,0,0,ST
24-Mar-20,1006,2-Jan-20,Agra nagar nigam,Rajesh kumar,kumar,1,1,1,,UP,1,0,0,0,0,SC
24-Mar-20,1006,16-Mar-20,Siliguri,Pardeep kumar goal,goal,1,2,,,West Bengal,0,1,0,0,0,OF
24-Mar-20,1006,6-Mar-20,Kollam,Karumalil k udaya sukumaran,sukumaran,2,1,4,,Kerala,0,0,0,1,0,OBC
24-Mar-20,1006,13-Jan-20,Surat nagar nigam,Rajeshbhai manubhai desai,desai,1,2,,,Gujarat,0,1,0,0,0,Brahmin
24-Mar-20,1007,24-Feb-20,Mysore municipal corporation,M.S shobha,shobha,2,1,6,,Karnataka,1,0,0,0,0,SC
24-Mar-20,1007,13-Jan-20,Surat nagar nigam,Shankarlal Vrajlal chevli,chevli,1,2,,,Gujarat,0,0,1,0,0,OF
24-Mar-20,1007,6-Mar-20,Kollam,M A sathar,sathar,1,2,,,Kerala,0,0,1,0,0,OF
24-Mar-20,1007,16-Mar-20,Siliguri,Kamal agarwal,agarwal,1,2,,,West Bengal,0,1,0,0,0,OF
24-Mar-20,1007,3-Jan-20,Agra nagar nigam,Vivek tomar,tomar,1,2,,,UP,0,1,0,0,0,OF
24-Mar-20,1008,13-Jan-20,Surat nagar nigam,Nancy mohanbhai sumara,sumara,2,1,6,,Gujarat,1,0,0,0,0,SC
24-Mar-20,1008,16-Mar-20,Siliguri municipal corporation,Manju shree paul,paul,2,1,4,,West Bengal,0,1,0,0,0,OF
24-Mar-20,1008,24-Feb-20,Mysore municipal corporation,Chayadevi,chayadevi,2,1,5,,Karnataka,1,0,0,0,0,OBC
24-Mar-20,1008,6-Mar-20,Kollam,Ajithkumar b,ajithkumar,1,2,,,Kerala,0,0,1,0,0,Brahmin
24-Mar-20,1008,4-Jan-20,Agra nagar nigam,Jagdeesh pachauri,pachauri,1,2,,,UP,0,1,0,0,0,Brahmin
24-Mar-20,1009,24-Feb-20,Mysore municipal corporation,Begum (palavi),begum,2,2,,,Karnataka,0,1,0,0,0,Other religion
24-Mar-20,1009,4-Jan-20,Agra nagar nigam,Vimal gupta,gupta,1,2,,,UP,0,1,0,0,0,OF 
24-Mar-20,1009,13-Jan-20,Surat nagar nigam,Dayashankar sakalnarayan singh,singh,1,2,,,Gujarat,0,0,1,0,0,OF
24-Mar-20,1009,16-Mar-20,Siliguri municipal corporation,Mantu Paul,paul,1,2,,,West Bengal,0,1,0,0,0,OF
24-Mar-20,1009,6-Mar-20,Kollam,Parasnath,parasnath,1,2,,,Kerala,0,0,0,1,0,OF
24-Mar-20,1010,24-Feb-20,Mysore municipal corporation,Pradeep chandra,chandra,1,1,1,,Karnataka,1,0,0,0,0,SC
24-Mar-20,1010,4-Jan-20,Agra nagar nigam,Gulab singh,singh,1,1,1,,UP,1,0,0,0,0,SC
24-Mar-20,1010,6-Mar-20,Kollam,A nijzar,nijzar,1,2,,,Kerala,0,1,0,0,0,Other religion
24-Mar-20,1010,16-Mar-20,Siliguri municipal corporation,Manik dey,dey,1,2,,,West Bengal,0,1,0,0,0,OF
24-Mar-20,1010,13-Jan-20,Surat nagar nigam,Anitaben yashodharbhai desai,desai,2,2,,,Gujarat,0,1,0,0,0,Brahmin
24-Mar-20,1011,24-Feb-20,Mysore municipal corporation,Samiulla khan,khan,1,1,2,,Karnataka,1,0,0,0,0,ST
24-Mar-20,1011,16-Mar-20,Siliguri municipal corporation,Sarabani dutta,dutta,2,1,4,,West Bengal,0,1,0,0,0,OF
24-Mar-20,1011,6-Mar-20,Kollam,J saiju,saiju,1,2,,,Kerala,0,0,0,1,0,OBC
24-Mar-20,1011,4-Jan-20,Agra nagar nigam,Sanjay rai,rai,1,2,,,UP,0,0,1,0,0,Brahmin
24-Mar-20,1011,13-Jan-20,Surat nagar nigam,Kantibhai hirjibhai bhanderi,bhanderi,1,2,,,Gujarat,0,1,0,0,0,Brahmin
24-Mar-20,1012,24-Feb-20,Mysore municipal corporation,Arif husen,husen,1,2,,,Karnataka,0,1,0,0,0,Other religion
24-Mar-20,1012,4-Jan-20,Agra nagar nigam,Rakesh jain,jain,1,2,,,UP,0,1,0,0,0,Other religion
24-Mar-20,1012,13-Jan-20,Surat nagar nigam,Ujjwalaben shashikantbhai nikam,nikam,2,2,,,Gujarat,0,1,0,0,0,OF
24-Mar-20,1012,6-Mar-20,Kollam,K valsala kumari,kumari,2,1,4,,Kerala,0,0,0,1,0,OF
24-Mar-20,1012,16-Mar-20,Siliguri municipal corporation,Sujoy ghatak,ghatak,1,2,,,West Bengal,0,1,0,0,0,Brahmin
24-Mar-20,1013,8-Jan-20,Muradabad,Naseem pasa,pasa,1,2,,,UP,0,1,0,0,0,Other religion
24-Mar-20,1013,13-Jan-20,Surat nagar nigam,Digvijaysinh naharsinh barad,barad,1,2,,,Gujarat,0,1,0,0,0,OF
24-Mar-20,1013,16-Mar-20,Siliguri municipal corporation,Shukla deb,deb,2,1,4,,West Bengal,0,1,0,0,0,OF
24-Mar-20,1013,25-Feb-20,Mysore municipal corporation,M. lakshmi,lakshmi,2,1,3,,Karnataka,1,0,0,0,0,OBC
24-Mar-20,1013,6-Mar-20,Kollam,P J Rajendran,rajendran,1,2,,,Kerala,0,0,0,1,0,OBC
24-Mar-20,1014,8-Jan-20,Jhansi nagar nigam,Vikas khatree,khatree,1,2,,,UP,0,1,0,0,0,OF 
24-Mar-20,1014,16-Mar-20,Siliguri municipal corporation,Nikhil sahani,sahani,1,2,,,West Bengal,0,1,0,0,0,OF
24-Mar-20,1014,13-Jan-20,Surat nagar nigam,Sadhanaben hareshbhi raval,raval,2,1,5,,Gujarat,1,0,0,0,0,OBC
24-Mar-20,1014,25-Feb-20,Mysore municipal corporation,N. Sowmya,sowmya,2,1,3,,Karnataka,1,0,0,0,0,OBC
24-Mar-20,1014,6-Mar-20,Kollam,S geetha kumari,kumari,1,2,,,Kerala,0,0,0,1,0,OBC
24-Mar-20,1015,16-Mar-20,Siliguri Municipal corporation,Mausami hazra,hazra,2,1,6,,West Bengal,1,0,0,0,0,SC
24-Mar-20,1015,6-Mar-20,Kollam,Sonisha,sonisha,2,1,6,,Kerala,1,0,0,0,0,SC
24-Mar-20,1015,13-Jan-20,Surat nagar nigam,Nareshbhai mafatbhai patel,patel,1,2,,,Gujarat,0,1,0,0,0,OF
24-Mar-20,1015,25-Feb-20,Mysore municipal corporation,Sathyaraj,sathyaraj,1,1,3,,Karnataka,1,0,0,0,0,OBC
24-Mar-20,1015,8-Jan-20,Jhansi nagar nigam,Avinas yadav,yadav,1,2,,,UP,0,1,0,0,0,OBC
24-Mar-20,1016,8-Jan-20,Jhansi nagar nigam,Jugal kisor,kisor,1,1,1,,UP,1,0,0,0,0,SC
24-Mar-20,1016,25-Feb-20,Mysore municipal corporation,Pushpalatha,pushpalatha,2,1,6,,Karnataka,1,0,0,0,0,SC
24-Mar-20,1016,16-Mar-20,Siliguri municipal corporation,Ranjan sarkar,sarkar,2,1,6,,West Bengal,1,0,0,0,0,SC
24-Mar-20,1016,6-Mar-20,Kollam,Vijayalekshmi j,vijayalekshmi,2,1,4,,Kerala,0,0,0,1,0,OF
24-Mar-20,1016,13-Jan-20,Surat nagar nigam,Maganadevi radheshyam shukla,shukla,2,1,5,,Gujarat,1,0,0,0,0,OBC
24-Mar-20,1017,16-Mar-20,Siliguri municipal corporation,Swapna dutta,dutta,1,2,,,West Bengal,0,1,0,0,0,OF
24-Mar-20,1017,6-Mar-20,Kollam,S R Bindhu,bindhu,2,1,4,,Kerala,0,0,0,1,0,OF
24-Mar-20,1017,8-Jan-20,Jhansi nagar nigam,Kisori,kisori,2,1,3,,UP,1,0,0,0,0,OBC
24-Mar-20,1017,25-Feb-20,Mysore municipal corporation,R.Rangaswamy,rangaswamy,1,1,3,,Karnataka,1,0,0,0,0,OBC
24-Mar-20,1017,13-Jan-20,Surat nagar nigam,Rav saheb rawan patil,patil,1,2,,,Gujarat,0,1,0,0,0,OBC
24-Mar-20,1018,25-Feb-20,Mysore municipal corporation,Bashir ahamed,ahamed,1,1,2,,Karnataka,1,0,0,0,0,ST
24-Mar-20,1018,8-Jan-20,Jhansi nagar nigam,Mahesh gautam,gautam,1,1,1,,UP,1,0,0,0,0,SC
24-Mar-20,1018,6-Mar-20,Kollam,M salim,salim,1,2,,,Kerala,0,1,0,0,0,Other religion
24-Mar-20,1018,13-Jan-20,Surat nagar nigam,Manjuben balubhai dudhat,dudhat,2,2,,,Gujarat,0,0,1,0,0,OF
24-Mar-20,1018,16-Mar-20,Siliguri municipal corporation,Rinki das,das,2,1,5,,West Bengal,1,0,0,0,0,OBC
24-Mar-20,1019,8-Jan-20,Jhansi nagar nigam,Urmila devi,devi,2,1,4,,UP,0,0,0,1,0,SC
24-Mar-20,1019,6-Mar-20,Kollam,Girija sundaran,sundaran,2,1,4,,Kerala,0,0,0,1,0,SC
24-Mar-20,1019,16-Mar-20,Siliguri municipal corporation,Shankar ghosh,ghosh,1,2,,,West Bengal,0,1,0,0,0,OF
24-Mar-20,1019,13-Jan-20,Surat nagar nigam,Ramanbhai makanbhai parmar,parmar,1,2,,,Gujarat,0,1,0,0,0,OF
24-Mar-20,1019,25-Feb-20,Mysore municipal corporation,Gopi,gopi,1,1,3,,Karnataka,1,0,0,0,0,OBC
24-Mar-20,1020,7-Jan-20,Jhansi nagar nigam,Shanti,shanti,2,1,1,,UP,1,0,0,0,0,SC
24-Mar-20,1020,13-Jan-20,Surat nagar nigam,Nareshbhai jasmatbhai jiyani,jiyani,1,2,,,Gujarat,0,0,1,0,0,OF
24-Mar-20,1020,25-Feb-20,Mysore municipal corporation,Savitha,savitha,2,1,5,,Karnataka,1,0,0,0,0,OBC
24-Mar-20,1020,7-Mar-20,Kollam,S jayan,jayan,1,2,,,Kerala,0,0,0,1,0,OBC
24-Mar-20,1020,16-Mar-20,Siliguri municipal corporation,Prasanta chakravarti,chakravarti,1,2,,,West Bengal,0,1,0,0,0,Brahmin
24-Mar-20,1021,16-Mar-20,Siliguri municipal corporation,Sharmila das,das,2,1,4,,West Bengal,0,0,1,0,0,SC
24-Mar-20,1021,25-Feb-20,Mysore municipal corporation,Bhuvaneshwari,bhuvaneshwari,2,1,6,,Karnataka,1,0,0,0,0,SC
24-Mar-20,1021,7-Mar-20,Kollam,N mohnan,mohnan,1,1,1,,Kerala,1,0,0,0,0,SC
24-Mar-20,1021,7-Jan-20,Jhansi nagar nigam,Lakhan kusvaha,kusvaha,1,2,,,UP,0,0,1,0,0,OF
24-Mar-20,1021,13-Jan-20,Surat nagar nigam,Lilaben bhaidash Sonavane,sonavane,2,2,,,Gujarat,0,0,1,0,0,OF
24-Mar-20,1022,25-Feb-20,Mysore municipal corporation,Sharadamma,sharadamma,2,1,6,,Karnataka,1,0,0,0,0,SC
24-Mar-20,1022,7-Mar-20,Kollam,Baby xavier,xavier,2,1,4,,Kerala,0,1,0,0,0,Other religion
24-Mar-20,1022,13-Jan-20,Surat nagar nigam,Somnathbhai raghunathbhai marathe,marathe,1,2,,,Gujarat,0,1,0,0,0,OF
24-Mar-20,1022,7-Jan-20,Jhansi nagar nigam,Ramkumari yadav,yadav,2,1,4,,UP,0,1,0,0,0,OBC
24-Mar-20,1022,16-Mar-20,Siliguri municipal corporation,Sarahind chakravarti,chakravarti,1,2,,,West Bengal,0,1,0,0,0,Brahmin
24-Mar-20,1023,25-Feb-20,Mysore municipal corporation,Anwar baig,baig,1,1,2,,Karnataka,1,0,0,0,0,ST
24-Mar-20,1023,13-Jan-20,Surat nagar nigam,Laljibhai bhimjibhai ghori,ghori,1,2,,,Gujarat,0,1,0,0,0,Other religion
24-Mar-20,1023,7-Jan-20,Jhansi nagar nigam,Pradeep nagariya,nagariya,1,2,,,UP,0,0,1,0,0,OF
24-Mar-20,1023,16-Mar-20,Siliguri municipal corporation,Swapna das,das,2,1,5,,West Bengal,1,0,0,0,0,OBC
24-Mar-20,1023,7-Mar-20,Kollam,Santhini subbhadevan,subbhadevan,2,1,4,,Kerala,0,0,0,1,0,OBC
24-Mar-20,1024,25-Feb-20,Mysore municipal corporation,Guru vinayak,vinayak,1,1,2,,Karnataka,1,0,0,0,0,ST
24-Mar-20,1024,16-Mar-20,Siliguri municipal corporation,Dipa visvas,visvas,2,1,4,,West Bengal,0,0,1,0,0,SC
24-Mar-20,1024,13-Jan-20,Surat nagar nigam,Mukesh chandrakant dalal,dalal,1,1,3,,Gujarat,1,0,0,0,0,OBC
24-Mar-20,1024,7-Mar-20,Kollam,Dr.d Sujith aneppil,aneppil,1,2,,,Kerala,0,0,1,0,0,Brahmin
24-Mar-20,1024,7-Jan-20,Jhansi nagar nigam,Vidhya prakas dube,dube,1,2,,,UP,0,1,0,0,0,Brahmin
24-Mar-20,1025,13-Jan-20,Surat nagar nigam,Vinodbhai amarshibhai moradiya,moradiya,1,2,,,Gujarat,0,0,1,0,0,OF
24-Mar-20,1025,7-Jan-20,Jhansi nagar nigam,Anil soni,soni,1,2,,,UP,0,0,1,0,0,OF
24-Mar-20,1025,26-Feb-20,Mysore municipal corporation,M. Sathish,sathish,1,1,3,,Karnataka,1,0,0,0,0,OBC
24-Mar-20,1025,7-Mar-20,Kollam,Ravindran p,ravindran,1,2,,,Kerala,0,0,0,1,0,OBC
24-Mar-20,1025,16-Mar-20,Siliguri municipal corporation,Alak bhakta,bhakta,1,2,,,West Bengal,0,0,1,0,0,Brahmin
24-Mar-20,1026,13-Jan-20,Surat nagar nigam,Hitendrabhai harishbhai gamit,gamit,1,1,2,,Gujarat,1,0,0,0,0,ST
24-Mar-20,1026,7-Jan-20,Aligarh nagar nigam,Suraj kumar mahaur,mahaur,1,1,1,,UP,1,0,0,0,0,SC
24-Mar-20,1026,7-Mar-20,Kollam,S rajmohanan,rajmohanan,1,2,,,Kerala,0,0,0,1,0,Other religion
24-Mar-20,1026,26-Feb-20,Mysore municipal corporation,R. Nagaraj,nagaraj,1,2,,,Karnataka,0,0,1,0,0,OF
24-Mar-20,1026,16-Mar-20,Siliguri municipal corporation,Ranjan sil sharma,sharma,1,2,,,West Bengal,0,1,0,0,0,Brahmin
24-Mar-20,1027,26-Feb-20,Mysore municipal corporation,Akmal pasha,pasha,1,1,8,Minority,Karnataka,0,1,0,0,0,Other religion
24-Mar-20,1027,7-Mar-20,Kollam,Saleena,saleena,2,1,4,,Kerala,0,0,0,1,0,Other religion
24-Mar-20,1027,7-Jan-20,Aligarh nagar nigam,Alka gupta,gupta,2,2,,,UP,0,1,0,0,0,OF 
24-Mar-20,1027,16-Mar-20,Siliguri municipal corporation,Dulal dutta,dutta,1,2,,,West Bengal,0,1,0,0,0,OF
24-Mar-20,1027,13-Jan-20,Surat nagar nigam,Pushpaben Govindbhai patel,patel,2,2,,,Gujarat,0,1,0,0,0,OF
24-Mar-20,1028,7-Mar-20,Kollam,"Satheesh,s","satheesh,s",1,2,,,Kerala,0,0,1,0,0,OF
24-Mar-20,1028,7-Jan-20,Aligarh nagar nigam,Virendra singh,singh,1,2,,,UP,0,0,1,0,0,OF
24-Mar-20,1028,13-Jan-20,Surat nagar nigam,Ramilaben Yogeshbhai patel,patel,2,2,,,Gujarat,0,1,0,0,0,OF
24-Mar-20,1028,16-Mar-20,Siliguri municipal corporation,Reba sarkar,sarkar,2,1,4,,West Bengal,0,1,0,0,0,OF
24-Mar-20,1028,26-Feb-20,Mysore municipal corporation,C. Sridhar,sridhar,1,1,8,Minority,Karnataka,0,0,1,0,0,OBC
24-Mar-20,1029,13-Jan-20,Surat nagar nigam,Charul kapil kaswala,kaswala,2,2,,,Gujarat,0,0,1,0,0,OF
24-Mar-20,1029,7-Jan-20,Aligarh nagar nigam,Pushpendra jalaun,jalaun,1,2,,,UP,0,0,0,0,1,OBC
24-Mar-20,1029,26-Feb-20,Mysore municipal corporation,B.V. Manjunath,manjunath,1,1,3,,Karnataka,1,0,0,0,0,OBC
24-Mar-20,1029,7-Mar-20,Kollam,V girija kumari,kumari,2,1,4,,Kerala,0,0,0,1,0,OBC
24-Mar-20,1029,16-Mar-20,Siliguri municipal corporation,Satya jeet adhikari,adhikari,2,1,4,,West Bengal,0,1,0,0,0,Brahmin
24-Mar-20,1030,16-Mar-20,Siliguri municipal corporation,Rabi roy,roy,2,1,4,,West Bengal,0,0,1,0,0,SC
24-Mar-20,1030,26-Feb-20,Mysore municipal corporation,V. Ramesh,ramesh,1,1,1,,Karnataka,1,0,0,0,0,SC
24-Mar-20,1030,7-Mar-20,Kollam,A k hafeez,hafeez,1,2,,,Kerala,0,1,0,0,0,Other religion
24-Mar-20,1030,13-Jan-20,Surat nagar nigam,Dineshbhai nanubhai savaliya,savaliya,1,2,,,Gujarat,0,0,1,0,0,OF
24-Mar-20,1030,7-Jan-20,Aligarh nagar nigam,Narendra saini,saini,1,1,3,,UP,1,0,0,0,0,OBC
24-Mar-20,1031,7-Mar-20,Kollam,N sahrudayan,sahrudayan,1,1,1,,Kerala,1,0,0,0,0,SC
24-Mar-20,1031,7-Jan-20,Aligarh nagar nigam,Subodh gupta,gupta,1,2,,,UP,0,1,0,0,0,OF 
24-Mar-20,1031,16-Mar-20,Siliguri municipal corporation,Dilip singh,singh,1,2,,,West Bengal,0,0,1,0,0,OF
24-Mar-20,1031,13-Jan-20,Surat nagar nigam,Ramesh ukani,ukani,1,2,,,Gujarat,0,0,1,0,0,OF
24-Mar-20,1031,26-Feb-20,Mysore municipal corporation,M. Pramila,pramila,2,1,3,,Karnataka,1,0,0,0,0,OBC
24-Mar-20,1032,26-Feb-20,Mysore municipal corporation,Shaphi ahamed,ahamed,1,1,8,Minority,Karnataka,0,1,0,0,0,Other religion
24-Mar-20,1032,16-Mar-20,Siliguri municipal corporation,Ragini singh,singh,2,1,4,,West Bengal,0,0,1,0,0,OF
24-Mar-20,1032,13-Jan-20,Surat nagar nigam,Sureshbhai kanjibhai kansagra,kansagra,1,2,,,Gujarat,0,1,0,0,0,OF
24-Mar-20,1032,7-Jan-20,Ayodhya nagar nigam,Poonam Yadav,yadav,2,2,,,UP,0,1,0,0,0,OBC
24-Mar-20,1032,7-Mar-20,Kollam,Sandhya baiju,baiju,2,1,4,,Kerala,0,0,0,1,0,OBC
24-Mar-20,1033,16-Mar-20,Siliguri municipal corporation,Pritikana bisvas,bisvas,2,1,4,,West Bengal,0,0,1,0,0,ST
24-Mar-20,1033,26-Feb-20,Mysore municipal corporation,Shivakumar,shivakumar,1,1,2,,Karnataka,1,0,0,0,0,ST
24-Mar-20,1033,7-Mar-20,Kollam,Reena sebastian,sebastian,2,1,4,,Kerala,0,1,0,0,0,Other religion
24-Mar-20,1033,13-Jan-20,Surat nagar nigam,Pravinbhai manjibhai ghoghari,ghoghari,1,2,,,Gujarat,0,1,0,0,0,OF
24-Mar-20,1033,7-Jan-20,Ayodhya nagar nigam,Shakuntala gautam,gautam,2,2,,,UP,0,1,0,0,0,Brahmin
24-Mar-20,1034,7-Jan-20,Ayodhya nagar nigam,Ramesh das,das,1,2,,,UP,0,0,1,0,0,OF
24-Mar-20,1034,7-Mar-20,Kollam,Suresh Kumar  v,kumar,1,2,,,Kerala,0,0,0,1,0,OF
24-Mar-20,1034,26-Feb-20,Mysore municipal corporation,Puttanigamma,puttanigamma,2,1,3,,Karnataka,1,0,0,0,0,OBC
24-Mar-20,1034,13-Jan-20,Surat nagar nigam,Archanaben ashokbhai patil,patil,2,2,,,Gujarat,0,1,0,0,0,OBC
24-Mar-20,1035,26-Feb-20,Mysore municipal corporation,Sunanda,sunanda,2,1,6,,Karnataka,1,0,0,0,0,SC
24-Mar-20,1035,7-Jan-20,Ayodhya nagar nigam,Santosh singh,singh,1,2,,,UP,0,0,1,0,0,OF
24-Mar-20,1035,13-Jan-20,Surat nagar nigam,Kirankunvar laxmansinh bhati,bhati,1,2,,,Gujarat,0,1,0,0,0,OF
24-Mar-20,1035,7-Mar-20,Kollam,T r santosh Kumar,kumar,1,2,,,Kerala,0,0,0,1,0,OF
24-Mar-20,1036,7-Mar-20,Kollam,Janet,janet,2,1,4,,Kerala,0,0,0,1,0,Other religion
24-Mar-20,1036,7-Jan-20,Ayodhya nagar nigam,Anubhav jaiswal,jaiswal,1,1,3,,UP,1,0,0,0,0,OBC
24-Mar-20,1036,26-Feb-20,Mysore municipal corporation,B. Lakshmi,lakshmi,2,1,5,,Karnataka,1,0,0,0,0,OBC
24-Mar-20,1036,13-Jan-20,Surat nagar nigam,Rohini chhotubhai patil,patil,2,2,,,Gujarat,0,1,0,0,0,OBC
24-Mar-20,1037,7-Jan-20,Ayodhya nagar nigam,Buddhipal prajapati,prajapati,1,1,3,,UP,1,0,0,0,0,OBC
24-Mar-20,1037,26-Feb-20,Mysore municipal corporation,Pailavan srinivas,srinivas,1,1,3,,Karnataka,1,0,0,0,0,OBC
24-Mar-20,1037,13-Jan-20,Surat nagar nigam,Ratnaben shamrao fule,fule,2,2,,,Gujarat,0,1,0,0,0,OBC
24-Mar-20,1037,7-Mar-20,Kollam,Rajalekshmi chandran,chandran,2,1,4,,Kerala,0,0,0,1,0,OBC
24-Mar-20,1038,7-Mar-20,Kollam,Deepa thomas,thomas,2,1,4,,Kerala,0,0,1,0,0,Other religion
24-Mar-20,1038,13-Jan-20,Surat nagar nigam,Jyotiben chandubhai sojitra,sojitra,2,2,,,Gujarat,0,1,0,0,0,OF
24-Mar-20,1038,7-Jan-20,Ayodhya nagar nigam,Vishal pal,pal,1,1,3,,UP,1,0,0,0,0,OBC
24-Mar-20,1038,26-Feb-20,Mysore municipal corporation,M. Shivakumar,shivakumar,1,1,3,,Karnataka,1,0,0,0,0,OBC
24-Mar-20,1039,26-Feb-20,Mysore municipal corporation,Mohammad raphik,raphik,1,1,8,Minority,Karnataka,0,1,0,0,0,Other religion
24-Mar-20,1039,14-Jan-20,Surat nagar nigam,Rashmikaben dashrathbhai patel,patel,2,2,,,Gujarat,0,1,0,0,0,OF
24-Mar-20,1039,8-Jan-20,Muradabad,Yogendra rastogi,rastogi,1,2,,,UP,0,1,0,0,0,OF
24-Mar-20,1039,6-Mar-20,Trisur,Beena murali,murali,2,1,4,,Kerala,0,0,0,1,0,OBC
24-Mar-20,1040,8-Jan-20,Muradabad,Heera bharti,bharti,1,1,1,,UP,1,0,0,0,0,SC
24-Mar-20,1040,14-Jan-20,Surat nagar nigam,Artiben hanish patel,patel,2,2,,,Gujarat,0,1,0,0,0,OF
24-Mar-20,1040,26-Feb-20,Mysore municipal corporation,Sathvik,sathvik,1,1,8,Minority,Karnataka,0,0,1,0,0,OBC
24-Mar-20,1040,6-Mar-20,Trisur,Subi babu,babu,2,1,4,,Kerala,0,0,0,1,0,OBC
24-Mar-20,1041,6-Mar-20,Trisur,George chandy,chandy,1,2,,,Kerala,0,0,1,0,0,Other religion
24-Mar-20,1041,8-Jan-20,Muradabad,Kamar saleem,saleem,1,2,,,UP,0,1,0,0,0,Other religion
24-Mar-20,1041,14-Jan-20,Surat nagar nigam,Rupal kamalbhai shah,shah,1,2,,,Gujarat,0,1,0,0,0,OF
24-Mar-20,1041,26-Feb-20,Bengaluru municipal corporation,Hemalatha satish seth,seth,2,1,3,,Karnataka,1,0,0,0,0,OBC
24-Mar-20,1042,6-Mar-20,Trisur,Varg jese kandamkulathy,kandamkulathy,1,2,,,Kerala,0,0,0,1,0,Other religion
24-Mar-20,1042,9-Jan-20,Varanasi,Sushil Gupta,gupta,1,2,,,UP,0,1,0,0,0,OF 
24-Mar-20,1042,14-Jan-20,Surat nagar nigam,Purnima harishbhai davle,davle,2,2,,,Gujarat,0,1,0,0,0,OF
24-Mar-20,1042,26-Feb-20,Bengaluru municipal corporation,B. Bhadregowda,bhadregowda,1,1,3,,Karnataka,1,0,0,0,0,OBC
24-Mar-20,1043,6-Mar-20,Trisur,M S Sampoorna,sampoorna,1,2,,,Kerala,0,0,1,0,0,OF
24-Mar-20,1043,14-Jan-20,Surat nagar nigam,Vaishaliben devangbhai shah,shah,2,2,,,Gujarat,0,1,0,0,0,OF
24-Mar-20,1043,26-Feb-20,Bengaluru municipal corporation,S. Keshavmurthy,keshavmurthy,1,1,3,,Karnataka,1,0,0,0,0,OBC
24-Mar-20,1043,9-Jan-20,Varanasi,Vijay shri,shri,2,1,5,,UP,1,0,0,0,0,OBC
24-Mar-20,1044,6-Mar-20,Trisur,Sheeba paulson,paulson,2,1,4,,Kerala,0,0,0,1,0,Other religion
24-Mar-20,1044,9-Jan-20,Varanasi,Ajeet singh,singh,1,2,,,UP,0,0,1,0,0,OF
24-Mar-20,1044,26-Feb-20,Bengaluru municipal corporation,Padmavathi narasimhamurthy,narasimhamurthy,2,2,,,Karnataka,0,1,0,0,0,Brahmin
24-Mar-20,1044,14-Jan-20,Surat nagar nigam,Bhartiben karuna shankar tiwari,tiwari,2,2,,,Gujarat,0,1,0,0,0,Brahmin
24-Mar-20,1045,9-Jan-20,Varanasi,Seetaram,seetaram,1,2,,,UP,0,0,1,0,0,OF
24-Mar-20,1045,14-Jan-20,Surat nagar nigam,Hansaben karshanbhai sangani,sangani,2,2,,,Gujarat,0,1,0,0,0,OF
24-Mar-20,1045,26-Feb-20,Bengaluru municipal corporation,Bhagyamma krishnaya,krishnaya,2,1,3,,Karnataka,1,0,0,0,0,OBC
24-Mar-20,1045,6-Mar-20,Trisur,Ajitha vijayan,vijayan,2,1,4,,Kerala,0,0,0,1,0,OBC
24-Mar-20,1046,9-Jan-20,Varanasi,Narsingh das,das,1,2,,,UP,0,0,1,0,0,OF
24-Mar-20,1046,14-Jan-20,Surat nagar nigam,Amitsingh jamunasingh rajput,rajput,1,2,,,Gujarat,0,1,0,0,0,OF
24-Mar-20,1046,6-Mar-20,Trisur,Vk suresh kumar,kumar,1,2,,,Kerala,0,0,0,1,0,OF
24-Mar-20,1046,26-Feb-20,Bengaluru municipal corporation,Rajanna,rajanna,1,1,3,,Karnataka,1,0,0,0,0,OBC
24-Mar-20,1047,9-Jan-20,Varanasi,Bablu shah,shah,1,2,,,UP,0,1,0,0,0,OF
24-Mar-20,1047,6-Mar-20,Trisur,Geetha b,geetha,2,1,5,,Kerala,1,0,0,0,0,OBC
24-Mar-20,1047,26-Feb-20,Bengaluru municipal corporation,G mohan kumar,kumar,1,1,3,,Karnataka,1,0,0,0,0,OBC
24-Mar-20,1047,14-Jan-20,Surat nagar nigam,Jayantilal dahyabhai bhanderi,bhanderi,1,2,,,Gujarat,0,1,0,0,0,Brahmin
24-Mar-20,1048,14-Jan-20,Surat nagar nigam,Sudha Mukesh nahata,nahata,2,2,,,Gujarat,0,1,0,0,0,OF
24-Mar-20,1048,9-Jan-20,Varanasi,Gopal Prasad yadaw,yadaw,1,2,,,UP,0,1,0,0,0,OF
24-Mar-20,1048,6-Mar-20,Trisur,Sheeba babu,babu,2,1,4,,Kerala,0,0,0,1,0,OF
24-Mar-20,1048,26-Feb-20,Bengaluru municipal corporation,Gangamma rajanna,rajanna,2,2,,,Karnataka,0,0,1,0,0,OBC
24-Mar-20,1049,8-Mar-20,Trisur,Shomy francis,francis,1,2,,,Kerala,0,1,0,0,0,Other religion
24-Mar-20,1049,26-Feb-20,Bengaluru municipal corporation,Chandrakala girish lekanna,lekanna,2,2,,,Karnataka,0,0,1,0,0,OF
24-Mar-20,1049,14-Jan-20,Surat nagar nigam,Gitaben hasmukhbhai patel,patel,2,2,,,Gujarat,0,1,0,0,0,OF
24-Mar-20,1049,9-Jan-20,Varanasi,Shivprakash mourya,mourya,1,1,3,,UP,1,0,0,0,0,OBC
24-Mar-20,1050,7-Mar-20,Trisur,Pauly c p,pauly,1,2,,,Kerala,0,0,1,0,0,Other religion
24-Mar-20,1050,14-Jan-20,Surat nagar nigam,Kishoriben rajendrabhai kapadia,kapadia,2,2,,,Gujarat,0,1,0,0,0,OF
24-Mar-20,1050,9-Jan-20,Varanasi,Rajesh yadaw,yadaw,1,1,3,,UP,1,0,0,0,0,OBC
24-Mar-20,1050,26-Feb-20,Bengaluru municipal corporation,R. S. Sathyanarayana,sathyanarayana,1,2,,,Karnataka,0,0,1,0,0,Brahmin
24-Mar-20,1051,14-Jan-20,Surat nagar nigam,Anil kanjibhai bhoj,bhoj,1,1,1,,Gujarat,1,0,0,0,0,SC
24-Mar-20,1051,9-Jan-20,Varanasi,Mo.Salim,mo.salim,1,2,,,UP,0,1,0,0,0,Other religion
24-Mar-20,1051,7-Mar-20,Trisur,Poornima suresh,suresh,2,1,4,,Kerala,0,0,0,1,0,OF
24-Mar-20,1051,26-Feb-20,Bengaluru municipal corporation,Abdul rakeeb zakir,zakir,1,1,3,,Karnataka,1,0,0,0,0,OBC
24-Mar-20,1052,7-Mar-20,Trisur,Jakob pulikottil,pulikottil,1,2,,,Kerala,0,0,1,0,0,Other religion
24-Mar-20,1052,9-Jan-20,Varanasi,Pooranmasi Gupta,gupta,1,2,,,UP,0,1,0,0,0,OF 
24-Mar-20,1052,14-Jan-20,Surat nagar nigam,Mitaben krushnalal patel,patel,2,2,,,Gujarat,0,1,0,0,0,OF
24-Mar-20,1052,26-Feb-20,Bengaluru municipal corporation,Shashirekha mukund,mukund,2,1,5,,Karnataka,1,0,0,0,0,OBC
24-Mar-20,1053,7-Mar-20,Trisur,John Danial,danial,1,2,,,Kerala,0,0,1,0,0,Other religion
24-Mar-20,1053,9-Jan-20,Muradabad,Vinay kumar,kumar,1,2,,,UP,0,0,1,0,0,OF
24-Mar-20,1053,14-Jan-20,Surat nagar nigam,Dineshbhai manubhai kachhadiya,kachhadiya,1,2,,,Gujarat,0,1,0,0,0,OF
24-Mar-20,1053,26-Feb-20,Bengaluru municipal corporation,S G nagaraj,nagaraj,1,1,3,,Karnataka,1,0,0,0,0,OBC
24-Mar-20,1054,7-Mar-20,Trisur,Sasidharan,sasidharan,1,2,,,Kerala,0,0,1,0,0,OF
24-Mar-20,1054,14-Jan-20,Surat nagar nigam,Dhansukhbhai bhagawatiprasad rajput,rajput,1,2,,,Gujarat,0,1,0,0,0,OF
24-Mar-20,1054,9-Jan-20,Muradabad,Manorma,manorma,2,2,,,UP,0,0,0,0,1,OBC
24-Mar-20,1054,26-Feb-20,Bengaluru municipal corporation,BN Nithish Purushotham,purushotham,1,1,3,,Karnataka,1,0,0,0,0,OBC
24-Mar-20,1055,7-Mar-20,Trisur,Bindu kuttan,kuttan,2,1,6,,Kerala,1,0,0,0,0,SC
24-Mar-20,1055,26-Feb-20,Bengaluru municipal corporation,S Muniswamy,muniswamy,1,1,1,,Karnataka,1,0,0,0,0,SC
24-Mar-20,1055,14-Jan-20,Surat nagar nigam,Hemlataben ashokkumar rana,rana,2,2,,,Gujarat,0,1,0,0,0,OF
24-Mar-20,1055,9-Jan-20,Muradabad,Shivraj singh,singh,1,1,3,,UP,1,0,0,0,0,OBC
24-Mar-20,1056,9-Jan-20,Muradabad,Mo.junaid,mo.junaid,1,2,,,UP,0,1,0,0,0,Other religion
24-Mar-20,1056,7-Mar-20,Trisur,Vinshy arunkumar,arunkumar,2,1,4,,Kerala,0,0,0,1,0,OF
24-Mar-20,1056,14-Jan-20,Surat nagar nigam,Anilbhai hasmukhbhai biscuitwala,biscuitwala,1,1,3,,Gujarat,1,0,0,0,0,OBC
24-Mar-20,1056,26-Feb-20,Bengaluru municipal corporation,Shwetha vijaykumar,vijaykumar,2,1,5,,Karnataka,1,0,0,0,0,OBC
24-Mar-20,1057,26-Feb-20,Bengaluru municipal corporation,N Manjunath,manjunath,1,1,1,,Karnataka,1,0,0,0,0,SC
24-Mar-20,1057,9-Jan-20,Muradabad,Srimati priyanka,priyanka,2,1,1,,UP,1,0,0,0,0,SC
24-Mar-20,1057,7-Mar-20,Trisur,Greeshma ajay ghosh,ghosh,2,1,4,,Kerala,0,1,0,0,0,OF
24-Mar-20,1057,14-Jan-20,Surat nagar nigam,Gitaben Tejabhai rabari,rabari,2,2,,,Gujarat,0,1,0,0,0,OF
24-Mar-20,1058,9-Jan-20,Muradabad,Ajay divakar,divakar,1,1,1,,UP,1,0,0,0,0,SC
24-Mar-20,1058,7-Mar-20,Trisur,Francis chalissery,chalissery,1,2,,,Kerala,0,0,1,0,0,Other religion
24-Mar-20,1058,14-Jan-20,Surat nagar nigam,Kapila palkeshkumar patel,patel,1,2,,,Gujarat,0,1,0,0,0,OF
24-Mar-20,1058,27-Feb-20,Bengaluru municipal corporation,Mamatha saravana,saravana,2,1,5,,Karnataka,1,0,0,0,0,OBC
24-Mar-20,1059,9-Jan-20,Muradabad,Samsher ali,ali,1,2,,,UP,0,1,0,0,0,Other religion
24-Mar-20,1059,7-Mar-20,Trisur,M L rosy,rosy,2,1,4,,Kerala,0,0,0,1,0,Other religion
24-Mar-20,1059,27-Feb-20,Bengaluru municipal corporation,Shakeel ahmad,ahmad,1,1,3,,Karnataka,1,0,0,0,0,OBC
24-Mar-20,1059,14-Jan-20,Surat nagar nigam,Manojbhai prabhatbhai chovatiya,chovatiya,1,2,,,Gujarat,0,0,1,0,0,Brahmin
24-Mar-20,1060,9-Jan-20,Muradabad,Shakeel ahmad,ahmad,1,2,,,UP,0,1,0,0,0,Other religion
24-Mar-20,1060,7-Mar-20,Trisur,Byju k V,byju,1,2,,,Kerala,0,0,1,0,0,OF
24-Mar-20,1060,27-Feb-20,Bengaluru municipal corporation,Fareeda ishtiaq,ishtiaq,2,1,5,,Karnataka,1,0,0,0,0,OBC
24-Mar-20,1060,14-Jan-20,Surat nagar nigam,Muljibhai madhavjibhai thakkar,thakkar,1,2,,,Gujarat,0,1,0,0,0,Brahmin
24-Mar-20,1061,27-Feb-20,Bengaluru municipal corporation,S. Sampath kumar,kumar,1,1,3,,Karnataka,1,0,0,0,0,OBC
24-Mar-20,1061,14-Jan-20,Surat nagar nigam,Urvashiben animeshbhai ramimali,ramimali,2,1,5,,Gujarat,1,0,0,0,0,OBC
24-Mar-20,1061,8-Jan-20,Allahabad nagar nigam,Urmila yadav,yadav,2,1,4,,UP,0,1,0,0,0,OBC
24-Mar-20,1061,7-Mar-20,Trisur,Premakumaran,premakumaran,1,2,,,Kerala,0,0,0,1,0,OBC
24-Mar-20,1062,8-Jan-20,Allahabad nagar nigam,Mithlesh kumar singh,singh,1,2,,,UP,0,0,1,0,0,OF
24-Mar-20,1062,7-Mar-20,Trisur,K Mahesh,mahesh,1,2,,,Kerala,0,0,0,1,0,OF
24-Mar-20,1062,14-Jan-20,Surat nagar nigam,Sonuben ambaliya,ambaliya,2,1,5,,Gujarat,1,0,0,0,0,OBC
24-Mar-20,1062,27-Feb-20,Bengaluru municipal corporation,L. Govindaraju,govindaraju,1,1,3,,Karnataka,1,0,0,0,0,OBC
24-Mar-20,1063,7-Mar-20,Trisur,Sateesh chandran,chandran,1,2,,,Kerala,0,0,1,0,0,SC
24-Mar-20,1063,14-Jan-20,Surat nagar nigam,Dr. D M wankhede,wankhede,1,2,,,Gujarat,0,1,0,0,0,OF
24-Mar-20,1063,27-Feb-20,Bengaluru municipal corporation,Padmavathi G,padmavathi,2,2,,,Karnataka,0,0,1,0,0,OBC
24-Mar-20,1063,8-Jan-20,Allahabad nagar nigam,Neelam yadav,yadav,2,1,4,,UP,0,1,0,0,0,OBC
24-Mar-20,1064,14-Jan-20,Surat nagar nigam,Kailashben vitthalbhai bhaliya,bhaliya,2,2,,,Gujarat,0,1,0,0,0,Other religion
24-Mar-20,1064,27-Feb-20,Bengaluru municipal corporation,Roopa R,roopa,2,2,,,Karnataka,0,0,1,0,0,OF
24-Mar-20,1064,8-Jan-20,Allahabad nagar nigam,Suneeta srivastava,srivastava,2,1,4,,UP,0,1,0,0,0,OF
24-Mar-20,1064,7-Mar-20,Trisur,Jaya muthipeedika,muthipeedika,2,1,4,,Kerala,0,0,0,1,0,OBC
24-Mar-20,1065,27-Feb-20,Bengaluru municipal corporation,Sri latha gopinathraju,gopinathraju,2,1,6,,Karnataka,1,0,0,0,0,SC
24-Mar-20,1065,8-Jan-20,Allahabad nagar nigam,kamlesh singh,singh,1,2,,,UP,0,0,1,0,0,OF
24-Mar-20,1065,14-Jan-20,Surat nagar nigam,Bhartiben pankajbhai kapadiya,kapadiya,2,2,,,Gujarat,0,1,0,0,0,OF
24-Mar-20,1065,7-Mar-20,Trisur,Sunitha vinod,vinod,2,1,4,,Kerala,0,0,0,1,0,OF
24-Mar-20,1066,14-Jan-20,Surat nagar nigam,Dakshaben bavchnadbhai bhuva,bhuva,2,2,,,Gujarat,0,0,1,0,0,OF
24-Mar-20,1066,8-Jan-20,Allahabad nagar nigam,Ashok singh,singh,1,2,,,UP,0,0,1,0,0,OF
24-Mar-20,1066,27-Feb-20,Bengaluru municipal corporation,Umavathi padmaraj,padmaraj,2,1,5,,Karnataka,1,0,0,0,0,OBC
24-Mar-20,1066,7-Mar-20,Trisur,M P Srinivasan,srinivasan,1,2,,,Kerala,0,0,1,0,0,Brahmin
24-Mar-20,1067,8-Jan-20,Allahabad nagar nigam,Anees ahmad,ahmad,1,2,,,UP,0,1,0,0,0,Other religion
24-Mar-20,1067,15-Jan-20,Surat nagar nigam,Suchitraben subhashbhai patel,patel,2,2,,,Gujarat,0,1,0,0,0,OF
24-Mar-20,1067,7-Mar-20,Trisur,V ravunni,ravunni,1,2,,,Kerala,0,0,0,1,0,OF
24-Mar-20,1067,27-Feb-20,Bengaluru municipal corporation,Pratima R,pratima,2,1,3,,Karnataka,1,0,0,0,0,OBC
24-Mar-20,1068,7-Mar-20,Trisur,Jonhy ED,jonhy,1,2,,,Kerala,0,0,1,0,0,Other religion
24-Mar-20,1068,15-Jan-20,Surat nagar nigam,Bharatbhai monabhai vaghasiya,vaghasiya,1,2,,,Gujarat,0,0,1,0,0,OF
24-Mar-20,1068,27-Feb-20,Bengaluru municipal corporation,Hemalatha gopalaiah,gopalaiah,2,1,5,,Karnataka,1,0,0,0,0,OBC
24-Mar-20,1068,8-Jan-20,Allahabad nagar nigam,Ratan dixit,dixit,1,2,,,UP,0,1,0,0,0,Brahmin
24-Mar-20,1069,15-Jan-20,Surat nagar nigam,Reshmaben Rupeshkumar lapsiwala,lapsiwala,2,2,,,Gujarat,0,0,0,1,0,OF
24-Mar-20,1069,7-Mar-20,Trisur,T r santosh,santosh,1,2,,,Kerala,0,0,1,0,0,OF
24-Mar-20,1069,27-Feb-20,Bengaluru municipal corporation,Umesh Shetty K,shetty,1,2,,,Karnataka,0,1,0,0,0,OF
24-Mar-20,1069,8-Jan-20,Allahabad nagar nigam,O. P dwivedi,dwivedi,1,2,,,UP,0,1,0,0,0,Brahmin
24-Mar-20,1070,15-Jan-20,Surat nagar nigam,Hinaben rajeshbhai chaudhari,chaudhari,2,1,6,,Gujarat,1,0,0,0,0,SC
24-Mar-20,1070,7-Mar-20,Trisur,Sureshini suresh,suresh,2,1,4,,Kerala,0,0,0,1,0,OF
24-Mar-20,1070,9-Jan-20,Muradabad,Jaheer,jaheer,1,1,3,,UP,1,0,0,0,0,OBC
24-Mar-20,1070,27-Feb-20,Bengaluru municipal corporation,Agrahara dasarahalli,dasarahalli,1,2,,,Karnataka,0,0,0,0,1,Brahmin
24-Mar-20,1071,8-Jan-20,Allahabad nagar nigam,Shiv kumar,kumar,1,2,,,UP,0,0,1,0,0,OF
24-Mar-20,1071,15-Jan-20,Surat nagar nigam,Ushaben maheshbhai patel,patel,2,2,,,Gujarat,0,1,0,0,0,OF
24-Mar-20,1071,7-Mar-20,Trisur,Jyothilakshmi pc,jyothilakshmi,2,1,4,,Kerala,0,0,0,1,0,OF
24-Mar-20,1071,27-Feb-20,Bengaluru municipal corporation,Manjula Vijaykumar,vijaykumar,2,1,5,,Karnataka,1,0,0,0,0,OBC
24-Mar-20,1072,8-Jan-20,Allahabad nagar nigam,Anil kushwaha,kushwaha,1,2,,,UP,0,0,1,0,0,OF
24-Mar-20,1072,15-Jan-20,Surat nagar nigam,Harshaben jayeshbhai sanghani,sanghani,2,2,,,Gujarat,0,1,0,0,0,OF
24-Mar-20,1072,28-Feb-20,Bengaluru municipal corporation,Deepa nagesh,nagesh,2,1,5,,Karnataka,1,0,0,0,0,OBC
24-Mar-20,1072,7-Mar-20,Trisur,M K Mukundan,mukundan,1,2,,,Kerala,0,0,0,1,0,OBC
24-Mar-20,1073,8-Jan-20,Allahabad nagar nigam,Ziya ubaid,ubaid,1,2,,,UP,0,1,0,0,0,Other religion
24-Mar-20,1073,7-Mar-20,Trisur,M R Rosily,rosily,2,1,4,,Kerala,0,0,0,1,0,Other religion
24-Mar-20,1073,15-Jan-20,Surat nagar nigam,Arunaben sanjaybhai davra,davra,2,2,,,Gujarat,0,1,0,0,0,OF
24-Mar-20,1073,28-Feb-20,Bengaluru municipal corporation,Leela shivakumar,shivakumar,1,2,,,Karnataka,0,0,0,0,1,OBC
24-Mar-20,1074,7-Mar-20,Trisur,Anoop k k,anoop,1,1,2,,Kerala,1,0,0,0,0,ST
24-Mar-20,1074,15-Jan-20,Surat nagar nigam,Bhavanbhai vashrambhai sisara,sisara,1,2,,,Gujarat,0,0,1,0,0,Other religion
24-Mar-20,1074,28-Feb-20,Bengaluru municipal corporation,R vasanth kumar,kumar,1,1,3,,Karnataka,1,0,0,0,0,OBC
24-Mar-20,1074,9-Jan-20,Muradabad,Mo. Nadeem,nadeem,1,1,3,,UP,1,0,0,0,0,OBC
24-Mar-20,1075,28-Feb-20,Bengaluru municipal corporation,Lakshminarayan,lakshminarayan,1,1,2,,Karnataka,1,0,0,0,0,ST
24-Mar-20,1075,15-Jan-20,Surat nagar nigam,Pravinbhai jerambhai kahar,kahar,1,1,1,,Gujarat,1,0,0,0,0,SC
24-Mar-20,1075,9-Jan-20,Muradabad,Sardar dimpal singh,singh,1,2,,,UP,0,0,1,0,0,OF
24-Mar-20,1075,7-Mar-20,Trisur,Beena pk,beena,2,1,4,,Kerala,0,0,0,1,0,OF
24-Mar-20,1076,7-Mar-20,Trisur,Raphy JosÃ© p,raphy josa,1,2,,,Kerala,0,0,1,0,0,Other religion
24-Mar-20,1076,15-Jan-20,Surat nagar nigam,Piyushkumar balavantrai jariwala,jariwala,1,2,,,Gujarat,0,1,0,0,0,Other religion
24-Mar-20,1076,28-Feb-20,Bengaluru municipal corporation,Bhavya N,bhavya,1,2,,,Karnataka,0,0,1,0,0,OBC
24-Mar-20,1076,8-Jan-20,Ayodhya nagar nigam,Umesh yadav,yadav,1,2,,,UP,0,1,0,0,0,OBC
24-Mar-20,1077,15-Jan-20,Surat nagar nigam,Imran hasanbhai solanki,solanki,1,1,2,,Gujarat,1,0,0,0,0,ST
24-Mar-20,1077,8-Jan-20,Ayodhya nagar nigam,Om prakash adani,adani,1,2,,,UP,0,1,0,0,0,Other religion
24-Mar-20,1077,7-Mar-20,Trisur,Sheena chandran,chandran,2,1,4,,Kerala,0,0,0,1,0,OF
24-Mar-20,1077,28-Feb-20,Bengaluru municipal corporation,K shivakumar,shivakumar,1,1,3,,Karnataka,1,0,0,0,0,OBC
24-Mar-20,1078,9-Mar-20,Trisur,C B geetha,geetha,2,1,4,,Kerala,0,0,1,0,0,SC
24-Mar-20,1078,8-Jan-20,Ayodhya nagar nigam,Kamlesh solanki,solanki,1,1,1,,UP,1,0,0,0,0,SC
24-Mar-20,1078,15-Jan-20,Surat nagar nigam,Geetaben maheshbhai sosa,sosa,2,2,,,Gujarat,0,0,1,0,0,OF
24-Mar-20,1078,28-Feb-20,Bengaluru municipal corporation,P. Sowmya,sowmya,2,2,,,Karnataka,0,0,1,0,0,OF
24-Mar-20,1079,9-Mar-20,Trisur,A parsad,parsad,1,2,,,Kerala,0,0,1,0,0,OF
24-Mar-20,1079,28-Feb-20,Bengaluru municipal corporation,Pratibha dhanaraj,dhanaraj,2,1,3,,Karnataka,1,0,0,0,0,OBC
24-Mar-20,1079,15-Jan-20,Surat nagar nigam,Mukeshbhai babubhai patel,patel,1,1,3,,Gujarat,1,0,0,0,0,OBC
24-Mar-20,1079,8-Jan-20,Ayodhya nagar nigam,Archana srivastava,srivastava,2,1,5,,UP,1,0,0,0,0,OBC
24-Mar-20,1080,9-Mar-20,Trisur,P sukumaran,sukumaran,1,2,,,Kerala,0,0,1,0,0,SC
24-Mar-20,1080,8-Jan-20,Ayodhya nagar nigam,Babu nandan sonkar,sonkar,1,1,1,,UP,1,0,0,0,0,SC
24-Mar-20,1080,15-Jan-20,Surat nagar nigam,Nitaben maheshbhai savaliya,savaliya,2,2,,,Gujarat,0,0,1,0,0,OF
24-Mar-20,1080,28-Feb-20,Bengaluru municipal corporation,Gayathri m,gayathri,2,1,5,,Karnataka,1,0,0,0,0,OBC
24-Mar-20,1081,9-Jan-20,Saharanpur nagar nigam,Abhisekh,abhisekh,1,2,,,UP,0,0,1,0,0,OF
24-Mar-20,1081,9-Mar-20,Trisur,Lalithambika,lalithambika,2,1,4,,Kerala,0,0,0,1,0,OF
24-Mar-20,1081,28-Feb-20,Bengaluru municipal corporation,Mahalakshmi H Ravindra,ravindra,2,1,5,,Karnataka,1,0,0,0,0,OBC
24-Mar-20,1081,15-Jan-20,Surat nagar nigam,Reenaben rajendrabhai upadhyay,upadhyay,2,2,,,Gujarat,0,1,0,0,0,Brahmin
24-Mar-20,1082,9-Mar-20,Trisur,Sanstha k M,sanstha,2,1,4,,Kerala,0,0,0,1,0,SC
24-Mar-20,1082,9-Jan-20,Saharanpur nagar nigam,Chaudari shahjad,shahjad,1,2,,,UP,0,1,0,0,0,Other religion
24-Mar-20,1082,28-Feb-20,Bengaluru municipal corporation,Madhu kumari vageesh,vageesh,2,2,,,Karnataka,0,0,1,0,0,OF
24-Mar-20,1082,15-Jan-20,Surat nagar nigam,Subhashbhai namdev patil,patil,1,1,3,,Gujarat,1,0,0,0,0,OBC
24-Mar-20,1083,9-Jan-20,Saharanpur nagar nigam,Mansingh,mansingh,1,2,,,UP,0,0,1,0,0,OF
24-Mar-20,1083,28-Feb-20,Bengaluru municipal corporation,N. Shanthakumari,shanthakumari,2,2,,,Karnataka,0,0,1,0,0,OF
24-Mar-20,1083,15-Jan-20,Surat nagar nigam,Satishbhai champakbhai patel,patel,1,1,3,,Gujarat,1,0,0,0,0,OBC
24-Mar-20,1083,9-Mar-20,Trisur,Rajani vijayakumar,vijayakumar,2,1,4,,Kerala,0,0,0,1,0,OBC
24-Mar-20,1084,9-Mar-20,Trisur,Anoop Davis cada,cada,1,2,,,Kerala,0,0,1,0,0,Other religion
24-Mar-20,1084,9-Jan-20,Saharanpur nagar nigam,Asutos sahagal,sahagal,1,2,,,UP,0,1,0,0,0,OF
24-Mar-20,1084,15-Jan-20,Surat nagar nigam,Vasantben ghanshyambhai vaghani,vaghani,2,2,,,Gujarat,0,1,0,0,0,OF
24-Mar-20,1084,28-Feb-20,Bengaluru municipal corporation,Mohan kumar,kumar,1,1,3,,Karnataka,1,0,0,0,0,OBC
24-Mar-20,1085,9-Mar-20,Trisur,Princy raju,raju,2,1,4,,Kerala,0,0,0,1,0,Other religion
24-Mar-20,1085,9-Jan-20,Saharanpur nagar nigam,Rames chabda,chabda,1,2,,,UP,0,1,0,0,0,OF
24-Mar-20,1085,15-Jan-20,Surat nagar nigam,Hemali kalpeshkumar boghawala,boghawala,2,1,5,,Gujarat,1,0,0,0,0,OBC
24-Mar-20,1085,28-Feb-20,Bengaluru municipal corporation,Savitha V Krishna,krishna,2,1,5,,Karnataka,1,0,0,0,0,OBC
24-Mar-20,1086,15-Jan-20,Surat nagar nigam,Rashilaben batukbhai pansuriya,pansuriya,2,2,,,Gujarat,0,0,1,0,0,OF
24-Mar-20,1086,9-Jan-20,Saharanpur nagar nigam,Nares rawat,rawat,1,2,,,UP,0,1,0,0,0,OF
24-Mar-20,1086,9-Mar-20,Trisur,Valsala baburaj,baburaj,1,1,4,,Kerala,0,0,0,1,0,OBC
24-Mar-20,1087,15-Jan-20,Surat nagar nigam,Daxaben sudhakar chaudhari,chaudhari,2,2,,,Gujarat,0,0,1,0,0,OF
24-Mar-20,1087,9-Mar-20,Trisur,Parseeja gopakumar,gopakumar,2,1,4,,Kerala,0,0,0,1,0,OBC
24-Mar-20,1087,9-Jan-20,Saharanpur nagar nigam,Gaurav,gaurav,1,2,,,UP,0,1,0,0,0,Brahmin
24-Mar-20,1088,9-Jan-20,Saharanpur nagar nigam,Chandrajeet,chandrajeet,1,2,,,UP,0,0,1,0,0,OF
24-Mar-20,1088,15-Jan-20,Surat nagar nigam,Nileshbhai mansukhbhai kumbhani,kumbhani,1,2,,,Gujarat,0,1,0,0,0,OF
24-Mar-20,1088,9-Mar-20,Trisur,P krishnankutty master,master,1,2,,,Kerala,0,0,0,1,0,OF
24-Mar-20,1089,15-Jan-20,Surat nagar nigam,Dhirajlal popatlal vekariya,vekariya,1,2,,,Gujarat,0,0,1,0,0,OF
24-Mar-20,1089,9-Mar-20,Trisur,A s ramadasan,ramadasan,1,2,,,Kerala,0,0,0,1,0,OBC
24-Mar-20,1089,9-Jan-20,Saharanpur nagar nigam,Anjana sharma,sharma,2,2,,,UP,0,1,0,0,0,Brahmin
24-Mar-20,1090,9-Mar-20,Trisur,Karoli joshwa,joshwa,2,1,4,,Kerala,0,0,0,1,0,Other religion
24-Mar-20,1090,15-Jan-20,Surat nagar nigam,Bhaveshbhai govindbhai bhumbhaliya,bhumbhaliya,1,2,,,Gujarat,0,1,0,0,0,OF
24-Mar-20,1090,9-Jan-20,Saharanpur nagar nigam,Aapko rajpoot,rajpoot,1,2,,,UP,0,1,0,0,0,OF
24-Mar-20,1091,9-Mar-20,Trisur,Laly james,james,2,1,4,,Kerala,0,1,0,0,0,Other religion
24-Mar-20,1091,9-Jan-20,Saharanpur nagar nigam,Kusal kumar,kumar,1,2,,,UP,0,0,1,0,0,OF
24-Mar-20,1091,15-Jan-20,Surat nagar nigam,Mamtaben hiteshbhai savani,savani,2,2,,,Gujarat,0,0,1,0,0,OF
24-Mar-20,1092,9-Jan-20,Saharanpur nagar nigam,Haji gulsher,gulsher,1,2,,,UP,0,1,0,0,0,Other religion
24-Mar-20,1092,8-Mar-20,Thiruvananthapuram municipal corporation,Rakhi Ravikumar,ravikumar,2,1,4,,Kerala,0,0,0,1,0,OF
24-Mar-20,1092,28-Jan-20,Jamnagar nagar nigam,Subhashbhai Girjashanker joshi,joshi,1,2,,,Gujarat,0,1,0,0,0,Brahmin
24-Mar-20,1093,9-Jan-20,Gorakhpur,Brajesh Singh chhotu,chhotu,1,2,,,UP,0,0,1,0,0,OF
24-Mar-20,1093,28-Jan-20,Jamnagar nagar nigam,Pravinbhai Hamirbhai madam,madam,1,2,,,Gujarat,0,1,0,0,0,OBC
24-Mar-20,1093,8-Mar-20,Thiruvananthapuram municipal corporation,Latha kumari N.S,kumari,2,1,4,,Kerala,0,0,0,1,0,OBC
24-Mar-20,1094,8-Mar-20,Thiruvananthapuram municipal corporation,Suni chandran,chandran,1,1,1,,Kerala,1,0,0,0,0,SC
24-Mar-20,1094,28-Jan-20,Jamnagar nagar nigam,Meramanbhai Bhimsibhai Bhaatu,bhaatu,1,2,,,Gujarat,0,1,0,0,0,Other religion
24-Mar-20,1094,9-Jan-20,Gorakhpur,Alok kumar,kumar,1,2,,,UP,0,0,1,0,0,OF
24-Mar-20,1095,28-Jan-20,Jamnagar nagar nigam,Ramaben babubhai chavda,chavda,2,1,6,,Gujarat,1,0,0,0,0,SC
24-Mar-20,1095,8-Mar-20,Thiruvananthapuram municipal corporation,Beena Murugan,murugan,2,1,6,,Kerala,1,0,0,0,0,SC
24-Mar-20,1095,9-Jan-20,Gorakhpur,Anand vardhan,vardhan,1,2,,,UP,0,0,1,0,0,OF
24-Mar-20,1096,9-Jan-20,Gorakhpur,Manu jaiswal,jaiswal,1,2,,,UP,0,0,1,0,0,OF
24-Mar-20,1096,28-Jan-20,Jamnagar nagar nigam,Ketanbhai jayantilal nakhva,nakhva,1,2,,,Gujarat,0,0,1,0,0,OF
24-Mar-20,1096,8-Mar-20,Thiruvananthapuram municipal corporation,S. K. P ramesh,ramesh,1,2,,,Kerala,0,0,0,1,0,OF
24-Mar-20,1097,8-Mar-20,Thiruvananthapuram municipal corporation,Geetha kumary. S,kumary,2,1,4,,Kerala,0,0,0,1,0,OF
24-Mar-20,1097,28-Jan-20,Jamnagar nagar nigam,Dimpleben jagatbhai raval,raval,2,1,4,,Gujarat,0,1,0,0,0,OBC
24-Mar-20,1097,9-Jan-20,Gorakhpur,Shakun mishra,mishra,2,2,,,UP,0,1,0,0,0,Brahmin
24-Mar-20,1098,8-Mar-20,Thiruvananthapuram municipal corporation,Peter Soloman,soloman,1,2,,,Kerala,0,1,0,0,0,Other religion
24-Mar-20,1098,28-Jan-20,Jamnagar nagar nigam,Jashrajbhai Damjibhai Parmar,parmar,1,2,,,Gujarat,0,1,0,0,0,OF
24-Mar-20,1098,9-Jan-20,Gorakhpur,Ramesh yadaw,yadaw,1,2,,,UP,0,1,0,0,0,OF
24-Mar-20,1099,8-Mar-20,Thiruvananthapuram municipal corporation,Manju G.S,manju,2,1,4,,Kerala,0,0,0,1,0,OF
24-Mar-20,1099,9-Jan-20,Gorakhpur,Ram bhuwal,bhuwal,1,1,3,,UP,1,0,0,0,0,OBC
24-Mar-20,1099,28-Jan-20,Jamnagar nagar nigam,Keshubhai merubhai madam,madam,1,2,,,Gujarat,0,1,0,0,0,OBC
24-Mar-20,1100,28-Jan-20,Jamnagar nagar nigam,Jayendrasinh mahipatsinh zala,zala,1,2,,,Gujarat,0,1,0,0,0,OF
24-Mar-20,1100,8-Mar-20,Thiruvananthapuram municipal corporation,Vijayakumar. V,vijayakumar,1,2,,,Kerala,0,0,0,1,0,OF
24-Mar-20,1100,9-Jan-20,Gorakhpur,Abhishek Kumar nishad,nishad,1,2,,,UP,0,1,0,0,0,OBC
24-Mar-20,1101,8-Mar-20,Thiruvananthapuram municipal corporation,Thresiamma thomas,thomas,2,1,4,,Kerala,0,0,1,0,0,Other religion
24-Mar-20,1101,28-Jan-20,Jamnagar nagar nigam,Atulbhai vithalbhai bhanderi,bhanderi,1,2,,,Gujarat,0,1,0,0,0,Brahmin
24-Mar-20,1101,20-Jan-20,Kanpur nagar nigam,Mahendra pandey,pandey,1,2,,,UP,0,1,0,0,0,Brahmin
24-Mar-20,1102,20-Jan-20,Kanpur nagar nigam,Liyakat ali,ali,1,1,1,,UP,1,0,0,0,0,SC
24-Mar-20,1102,8-Mar-20,Thiruvananthapuram municipal corporation,Medayil vikraman,vikraman,1,2,,,Kerala,0,0,1,0,0,OF
24-Mar-20,1102,28-Jan-20,Jamnagar nagar nigam,Dharamrajsinh surendrasinh jadeja,jadeja,1,2,,,Gujarat,0,1,0,0,0,OF
24-Mar-20,1103,28-Jan-20,Jamnagar nagar nigam,Manishbhai parsottambhai kataria,kataria,1,2,,,Gujarat,0,1,0,0,0,SC
24-Mar-20,1103,20-Jan-20,Kanpur nagar nigam,Hari shankar gupta,gupta,1,2,,,UP,0,1,0,0,0,OF 
24-Mar-20,1103,8-Mar-20,Thiruvananthapuram municipal corporation,Vanchiyoor P Babu,babu,1,2,,,Kerala,0,0,1,0,0,OF
24-Mar-20,1104,8-Mar-20,Thiruvananthapuram municipal corporation,Johnson joseph,joseph,1,2,,,Kerala,0,1,0,0,0,Other religion
24-Mar-20,1104,29-Jan-20,Jaam nager,Arvindbhai vallabhbhai sabhaya,sabhaya,1,2,,,Gujarat,0,0,1,0,0,OF
24-Mar-20,1104,20-Jan-20,Kanpur nagar nigam,Jai prakash pal,pal,1,1,3,,UP,1,0,0,0,0,OBC
24-Mar-20,1105,8-Mar-20,Thiruvananthapuram municipal corporation,Solomon vettukad,vettukad,1,2,,,Kerala,0,0,0,1,0,Other religion
24-Mar-20,1105,20-Jan-20,Kanpur nagar nigam,Ashwani kumar chadda,chadda,1,2,,,UP,0,1,0,0,0,OF
24-Mar-20,1105,29-Jan-20,Jaam nager,Alkaba vikramsinh jadeja,jadeja,2,2,,,Gujarat,0,1,0,0,0,OF
24-Mar-20,1106,8-Mar-20,Thiruvananthapuram municipal corporation,Shajitha nazar,nazar,2,1,4,,Kerala,0,1,0,0,0,Other religion
24-Mar-20,1106,29-Jan-20,Jaam nager,Kamlasingh Satyadevsingh rajput,rajput,2,2,,,Gujarat,0,1,0,0,0,OF
24-Mar-20,1106,20-Jan-20,Kanpur nagar nigam,Dinesh tiwari,tiwari,1,2,,,UP,0,1,0,0,0,Brahmin
24-Mar-20,1107,29-Jan-20,Jaam nager,Janakbha khodubha jadeja,jadeja,1,2,,,Gujarat,0,1,0,0,0,OF
24-Mar-20,1107,20-Jan-20,Kanpur nagar nigam,Avneesh khanna,khanna,1,2,,,UP,0,1,0,0,0,OF
24-Mar-20,1107,8-Mar-20,Thiruvananthapuram municipal corporation,Chinchu,chinchu,2,1,4,,Kerala,0,0,0,1,0,OF
24-Mar-20,1108,8-Mar-20,Thiruvananthapuram municipal corporation,Santosh kumar P,kumar,1,1,1,,Kerala,1,0,0,0,0,SC
24-Mar-20,1108,29-Jan-20,Jaam nager,Umarbhai usmanbhai chamadiya,chamadiya,1,2,,,Gujarat,0,1,0,0,0,SC
24-Mar-20,1108,20-Jan-20,Kanpur nagar nigam,Jitendra,jitendra,1,1,3,,UP,1,0,0,0,0,OBC
24-Mar-20,1109,29-Jan-20,Jaam nager,Yogeshbhai  virjibhai Kanjaria,kanjaria,1,2,,,Gujarat,0,0,1,0,0,OF
24-Mar-20,1109,8-Mar-20,Thiruvananthapuram municipal corporation,A G krishnaveni,krishnaveni,2,1,4,,Kerala,0,0,0,1,0,OBC
24-Mar-20,1109,20-Jan-20,Kanpur nagar nigam,Anoop kumar shukla,shukla,1,2,,,UP,0,1,0,0,0,Brahmin
24-Mar-20,1110,20-Jan-20,Kanpur nagar nigam,Reeta paswan,paswan,2,1,1,,UP,1,0,0,0,0,SC
24-Mar-20,1110,8-Mar-20,Thiruvananthapuram municipal corporation,R Sanil kumar,kumar,1,2,,,Kerala,0,0,0,1,0,OBC
24-Mar-20,1110,29-Jan-20,Jaam nager,Chetnaben  viaybhai Purohit,purohit,2,2,,,Gujarat,0,1,0,0,0,Brahmin
24-Mar-20,1111,20-Jan-20,Kanpur nagar nigam,Haji Suhail ahmad,ahmad,1,2,,,UP,0,1,0,0,0,Other religion
24-Mar-20,1111,29-Jan-20,Jaam nager,Natubhai dhanjibhai Rathod,rathod,1,2,,,Gujarat,0,1,0,0,0,OF
24-Mar-20,1111,8-Mar-20,Thiruvananthapuram municipal corporation,R P Sivaji,sivaji,1,2,,,Kerala,0,0,0,1,0,OF
24-Mar-20,1112,20-Jan-20,Kanpur nagar nigam,Mohd ameem,ameem,1,2,,,UP,0,1,0,0,0,Other religion
24-Mar-20,1112,29-Jan-20,Jaam nager,Bhanjibhai nanjibhai khandhar,khandhar,1,2,,,Gujarat,0,0,1,0,0,OF
24-Mar-20,1112,8-Mar-20,Thiruvananthapuram municipal corporation,Komala kumary,kumary,2,1,4,,Kerala,0,0,0,1,0,OF
24-Mar-20,1113,8-Mar-20,Thiruvananthapuram municipal corporation,Helen G,helen,2,1,6,,Kerala,1,0,0,0,0,SC
24-Mar-20,1113,23-Jan-20,Bareilly nagar nigam,Ajay kumar singh chauhan,chauhan,1,2,,,UP,0,1,0,0,0,OF
24-Mar-20,1113,29-Jan-20,Jaam nager,Binaben Ashokbhai kothari,kothari,2,2,,,Gujarat,0,1,0,0,0,OF
24-Mar-20,1114,29-Jan-20,Jaam nager,Leelaben Dineshbhai Bhadra,bhadra,2,2,,,Gujarat,0,1,0,0,0,OF
24-Mar-20,1114,23-Jan-20,Bareilly nagar nigam,Mukesh singhal,singhal,1,2,,,UP,0,1,0,0,0,OF
24-Mar-20,1114,8-Mar-20,Thiruvananthapuram municipal corporation,Bindu sreekumar,sreekumar,2,1,4,,Kerala,0,0,0,1,0,OF
24-Mar-20,1115,29-Jan-20,Jaam nager,Dineshbhai karamsibhai gajara,gajara,1,2,,,Gujarat,0,0,1,0,0,OF
24-Mar-20,1115,8-Mar-20,Thiruvananthapuram municipal corporation,K Sobha rani,rani,2,1,4,,Kerala,0,0,0,1,0,OBC
24-Mar-20,1116,29-Jan-20,Jaam nager,Rekhaben Harishbhai Chauhan,chauhan,2,2,,,Gujarat,0,1,0,0,0,OF
24-Mar-20,1116,8-Mar-20,Thiruvananthapuram municipal corporation,Sindhu S S,sindhu,2,1,4,,Kerala,0,0,0,1,0,OBC
24-Mar-20,1117,8-Mar-20,Thiruvananthapuram municipal corporation,Sheela K S,sheela,2,1,4,,Kerala,0,0,0,1,0,OBC
24-Mar-20,1117,30-Jan-20,Jaam nager,Prafullaben  Jani,jani,2,2,,,Gujarat,0,1,0,0,0,Brahmin
24-Mar-20,1118,8-Mar-20,Thiruvananthapuram municipal corporation,Noorjahan S,noorjahan,2,1,4,,Kerala,0,1,0,0,0,Other religion
24-Mar-20,1118,30-Jan-20,Jaam nager,Meghnaben Haria,haria,2,2,,,Gujarat,0,1,0,0,0,OF
24-Mar-20,1119,8-Mar-20,Thiruvananthapuram municipal corporation,Shini W,shini,2,1,4,,Kerala,0,0,0,1,0,Other religion
24-Mar-20,1119,30-Jan-20,Jaam nager,Ushaben kumandas kantariya,kantariya,2,2,,,Gujarat,0,0,1,0,0,OF
24-Mar-20,1120,30-Jan-20,Jaam nager,Jaishriben pratapbhai Nandani,nandani,2,2,,,Gujarat,0,0,1,0,0,OF
24-Mar-20,1120,8-Mar-20,Thiruvananthapuram municipal corporation,M R Gopan,gopan,1,2,,,Kerala,0,0,0,1,0,OF
24-Mar-20,1121,8-Mar-20,Thiruvananthapuram municipal corporation,Lakshmi M,lakshmi,2,1,6,,Kerala,1,0,0,0,0,SC
24-Mar-20,1121,30-Jan-20,Jaam nager,Rachnaben sanjaybhai Nandaniya,nandaniya,2,2,,,Gujarat,0,1,0,0,0,OF
24-Mar-20,1122,8-Mar-20,Thiruvananthapuram municipal corporation,Kanjirampara Ravi,ravi,1,2,,,Kerala,0,0,0,1,0,SC
24-Mar-20,1122,30-Jan-20,Jaam nager,Ritaben Maheshbhai Zinzuvadiya,zinzuvadiya,2,2,,,Gujarat,0,0,1,0,0,OF
24-Mar-20,1123,30-Jan-20,Jaam nager,Krishnaben kamleshbhai sodha,sodha,2,2,,,Gujarat,0,1,0,0,0,OF
24-Mar-20,1123,8-Mar-20,Thiruvananthapuram municipal corporation,Maya R S,maya,2,1,4,,Kerala,0,0,0,1,0,OBC
24-Mar-20,1124,8-Mar-20,Thiruvananthapuram municipal corporation,Muraleedharan K,muraleedharan,1,1,1,,Kerala,1,0,0,0,0,SC
24-Mar-20,1124,30-Jan-20,Jaam nager,Pratibhaben prakashbhai kanakhara,kanakhara,2,2,,,Gujarat,0,0,0,1,0,OF
24-Mar-20,1125,30-Jan-20,Jaam nager,Hussainaben anvarbhai sanghar,sanghar,2,2,,,Gujarat,0,1,0,0,0,OF
24-Mar-20,1125,8-Mar-20,Thiruvananthapuram municipal corporation,R Dinesh kumar,kumar,1,2,,,Kerala,0,0,0,1,0,OBC
24-Mar-20,1126,8-Mar-20,Thiruvananthapuram municipal corporation,R Geetha gopal,gopal,2,1,4,,Kerala,0,0,0,1,0,OF
24-Mar-20,1126,30-Jan-20,Jaam nager,Kusumben Hariharbhai Pandya,pandya,2,2,,,Gujarat,0,1,0,0,0,Brahmin
24-Mar-20,1127,8-Mar-20,Thiruvananthapuram municipal corporation,Remya Remesh S R,remesh,2,1,6,,Kerala,1,0,0,0,0,SC
24-Mar-20,1127,3-Feb-20,Vadodara nager Nigam,Suneetaben Shukla,shukla,2,2,,,Gujarat,0,1,0,0,0,Brahmin
24-Mar-20,1128,3-Feb-20,Vadodara nager Nigam,Nileshsinh  Rathod,rathod,1,2,,,Gujarat,0,1,0,0,0,OF
24-Mar-20,1128,8-Mar-20,Thiruvananthapuram municipal corporation,Sivadath S,sivadath,1,2,,,Kerala,0,0,0,1,0,OBC
24-Mar-20,1129,8-Mar-20,Thiruvananthapuram municipal corporation,Binu I P,binu,1,2,,,Kerala,0,0,0,1,0,OBC
24-Mar-20,1129,3-Feb-20,Vadodara nager Nigam,Pannaben Desai,desai,2,2,,,Gujarat,0,1,0,0,0,Brahmin
24-Mar-20,1130,3-Feb-20,Vadodara nager Nigam,Dharmendra Panchal,panchal,1,2,,,Gujarat,0,1,0,0,0,OBC
24-Mar-20,1130,8-Mar-20,Thiruvananthapuram municipal corporation,V salini,salini,2,1,4,,Kerala,0,0,0,1,0,OBC
24-Mar-20,1131,3-Feb-20,Vadodara nager Nigam,Jelam Rakeshbhai Choksi,choksi,1,2,,,Gujarat,0,1,0,0,0,OF
24-Mar-20,1131,8-Mar-20,Thiruvananthapuram municipal corporation,Anil Kumar D,kumar,1,2,,,Kerala,0,0,0,1,0,OBC
24-Mar-20,1132,3-Feb-20,Vadodara nager Nigam,Ritaben Singh,singh,2,2,,,Gujarat,0,0,1,0,0,OF
24-Mar-20,1132,8-Mar-20,Thiruvananthapuram municipal corporation,R Suresh,suresh,1,2,,,Kerala,0,0,0,1,0,Brahmin
24-Mar-20,1133,3-Feb-20,Vadodara nager Nigam,Mohanbhai vasava,vasava,1,2,,,Gujarat,0,1,0,0,0,ST
24-Mar-20,1133,8-Mar-20,Thiruvananthapuram municipal corporation,Sajeena teacher,teacher,2,1,4,,Kerala,0,0,0,1,0,Other religion
24-Mar-20,1134,8-Mar-20,Thiruvananthapuram municipal corporation,Nedumom V Mohanan,mohanan,1,2,,,Kerala,0,0,0,1,0,OBC
24-Mar-20,1134,3-Feb-20,Vadodara nager Nigam,Jyotiben pandya,pandya,2,2,,,Gujarat,0,1,0,0,0,Brahmin
24-Mar-20,1135,3-Feb-20,Vadodara nager Nigam,Deepak shrivastava,shrivastava,1,2,,,Gujarat,0,1,0,0,0,OF
24-Mar-20,1135,8-Mar-20,Thiruvananthapuram municipal corporation,Jyothi satheesan,satheesan,2,1,4,,Kerala,0,0,0,1,0,OF
24-Mar-20,1136,8-Mar-20,Thiruvananthapuram municipal corporation,N A Rasheed,rasheed,1,2,,,Kerala,0,1,0,0,0,Other religion
24-Mar-20,1136,3-Feb-20,Vadodara nager Nigam,Chandrakant Thakkar,thakkar,1,2,,,Gujarat,0,1,0,0,0,Brahmin
24-Mar-20,1137,8-Mar-20,Thiruvananthapuram municipal corporation,C Sathyan,sathyan,1,2,,,Kerala,0,0,0,1,0,SC
24-Mar-20,1137,3-Feb-20,Vadodara nager Nigam,Chaitanya Makrand Desai,desai,1,2,,,Gujarat,0,1,0,0,0,Brahmin
24-Mar-20,1138,8-Mar-20,Thiruvananthapuram municipal corporation,Dr. B Vijayalekshmi,vijayalekshmi,2,1,4,,Kerala,0,0,0,1,0,OF
24-Mar-20,1138,3-Feb-20,Vadodara nager Nigam,Dharmisthaben Machhi,machhi,2,1,5,,Gujarat,1,0,0,0,0,OBC
24-Mar-20,1139,8-Mar-20,Thiruvananthapuram municipal corporation,Karishma MA,karishma,2,1,6,,Kerala,1,0,0,0,0,SC
24-Mar-20,1139,3-Feb-20,Vadodara nager Nigam,Bhavanaben Patanwadiya,patanwadiya,2,1,5,,Gujarat,1,0,0,0,0,OBC
24-Mar-20,1140,8-Mar-20,Thiruvananthapuram municipal corporation,S Pushpalatha,pushpalatha,2,1,4,,Kerala,0,0,0,1,0,OF
24-Mar-20,1140,3-Feb-20,Vadodara nager Nigam,Hemlataben dipakbhai Gaur,gaur,2,2,,,Gujarat,0,1,0,0,0,Brahmin
24-Mar-20,1141,3-Feb-20,Vadodara nager Nigam,Pushpaben Vaghela,vaghela,2,1,6,,Gujarat,1,0,0,0,0,SC
24-Mar-20,1141,8-Mar-20,Thiruvananthapuram municipal corporation,Anil Kumar N,kumar,1,2,,,Kerala,0,0,0,1,0,OBC
24-Mar-20,1142,3-Feb-20,Vadodara nager Nigam,Alkaben Shaileshbhai Patel,patel,2,2,,,Gujarat,0,1,0,0,0,OF
24-Mar-20,1142,8-Mar-20,Thiruvananthapuram municipal corporation,Komalavally,komalavally,2,1,4,,Kerala,0,0,0,1,0,OF
24-Mar-20,1143,3-Feb-20,Vadodara nager Nigam,Daxaben Patel,patel,2,2,,,Gujarat,0,1,0,0,0,OF
24-Mar-20,1143,8-Mar-20,Thiruvananthapuram municipal corporation,M V Jayalekshmi,jayalekshmi,2,1,4,,Kerala,0,0,0,1,0,OF
24-Mar-20,1144,8-Mar-20,Thiruvananthapuram municipal corporation,Beemapally Rasheed,rasheed,1,2,,,Kerala,0,1,0,0,0,Other religion
24-Mar-20,1144,3-Feb-20,Vadodara nager Nigam,Jayaben Patel,patel,2,2,,,Gujarat,0,1,0,0,0,OF
24-Mar-20,1145,8-Mar-20,Thiruvananthapuram municipal corporation,Rasia beegum,beegum,2,1,4,,Kerala,0,1,0,0,0,Other religion
24-Mar-20,1145,4-Feb-20,Vadodara nager Nigam,Kalpanaben Patel,patel,2,2,,,Gujarat,0,1,0,0,0,OF
24-Mar-20,1146,8-Mar-20,Thiruvananthapuram municipal corporation,V Giri,giri,1,2,,,Kerala,0,1,0,0,0,Brahmin
24-Mar-20,1146,4-Feb-20,Vadodara nager Nigam,Tejalben Vyas,vyas,2,2,,,Gujarat,0,1,0,0,0,Brahmin
24-Mar-20,1147,8-Mar-20,Thiruvananthapuram municipal corporation,C Omana,omana,1,2,,,Kerala,0,1,0,0,0,ST
24-Mar-20,1147,4-Feb-20,Vadodara nager Nigam,Bhavanaben Seth,seth,2,2,,,Gujarat,0,1,0,0,0,OF
24-Mar-20,1148,8-Mar-20,Thiruvananthapuram municipal corporation,Anil kumar K,kumar,1,2,,,Kerala,0,0,0,1,0,OF
24-Mar-20,1148,4-Feb-20,Vadodara nager Nigam,Virenbhai Rami,rami,1,2,,,Gujarat,0,0,0,1,0,OBC
24-Mar-20,1149,4-Feb-20,Vadodara nager Nigam,Balu Surve,surve,1,2,,,Gujarat,0,1,0,0,0,OF
24-Mar-20,1149,8-Mar-20,Thiruvananthapuram municipal corporation,S Harisankar,harisankar,1,2,,,Kerala,0,0,0,1,0,OF
24-Mar-20,1150,4-Feb-20,Vadodara nager Nigam,Jagruti Rana,rana,2,1,5,,Gujarat,1,0,0,0,0,OBC
24-Mar-20,1150,8-Mar-20,Thiruvananthapuram municipal corporation,Balan T,balan,1,2,,,Kerala,0,1,0,0,0,Brahmin
24-Mar-20,1151,4-Feb-20,Vadodara nager Nigam,Arvind Prajapati,prajapati,1,1,3,,Gujarat,1,0,0,0,0,OBC
24-Mar-20,1151,8-Mar-20,Thiruvananthapuram municipal corporation,Hima siji,siji,2,1,4,,Kerala,0,0,0,1,0,OBC
24-Mar-20,1152,9-Mar-20,Thiruvananthapuram municipal corporation,Palayam rajan,rajan,1,2,,,Kerala,0,0,0,1,0,Other religion
24-Mar-20,1152,4-Feb-20,Vadodara nager Nigam,Shakuntala Shinde,shinde,2,2,,,Gujarat,0,1,0,0,0,OF
24-Mar-20,1153,9-Mar-20,Thiruvananthapuram municipal corporation,Mary lilly rajad,rajad,2,1,4,,Kerala,0,1,0,0,0,Other religion
24-Mar-20,1153,4-Feb-20,Vadodara nager Nigam,Hasmukh Patel,patel,1,2,,,Gujarat,0,1,0,0,0,OF
24-Mar-20,1154,9-Mar-20,Thiruvananthapuram municipal corporation,Nissa beevi,beevi,2,1,4,,Kerala,0,1,0,0,0,Other religion
24-Mar-20,1154,4-Feb-20,Vadodara nager Nigam,Jayshreeben Solanki,solanki,2,2,,,Gujarat,0,0,1,0,0,OF
24-Mar-20,1155,9-Mar-20,Thiruvananthapuram municipal corporation,Vijayan A,vijayan,1,2,,,Kerala,0,0,1,0,0,SC
24-Mar-20,1155,4-Feb-20,Vadodara nager Nigam,Rajesh kiritkant Shah,shah,1,2,,,Gujarat,0,1,0,0,0,OF
24-Mar-20,1156,9-Mar-20,Thiruvananthapuram municipal corporation,Asha nath G S,nath,1,1,1,,Kerala,1,0,0,0,0,SC
24-Mar-20,1156,4-Feb-20,Vadodara nager Nigam,Manoramaben kharde,kharde,2,2,,,Gujarat,0,1,0,0,0,OF
24-Mar-20,1157,9-Mar-20,Thiruvananthapuram municipal corporation,Shafeera beegum S,beegum,2,1,4,,Kerala,0,1,0,0,0,Other religion
24-Mar-20,1157,4-Feb-20,Vadodara nager Nigam,Kaminiben Soni,soni,2,2,,,Gujarat,0,0,1,0,0,OF
24-Mar-20,1158,4-Feb-20,Vadodara nager Nigam,Poonamben Shah,shah,2,2,,,Gujarat,0,1,0,0,0,OF
24-Mar-20,1158,9-Mar-20,Thiruvananthapuram municipal corporation,Gopakumar V,gopakumar,1,2,,,Kerala,0,0,0,1,0,OBC
24-Mar-20,1159,4-Feb-20,Vadodara nager Nigam,Geetaben Patel,patel,2,2,,,Gujarat,0,1,0,0,0,OF
24-Mar-20,1159,9-Mar-20,Thiruvananthapuram municipal corporation,Sheeja madhu,madhu,2,2,,,Kerala,0,0,0,1,0,OF
24-Mar-20,1160,9-Mar-20,Thiruvananthapuram municipal corporation,Kodunganoor Hari,hari,1,2,,,Kerala,0,0,0,1,0,OF
24-Mar-20,1160,4-Feb-20,Vadodara nager Nigam,Hemangini kolekar,kolekar,2,2,,,Gujarat,0,1,0,0,0,Brahmin
24-Mar-20,1161,4-Feb-20,Vadodara nager Nigam,Manish Pagar,pagar,1,1,3,,Gujarat,1,0,0,0,0,OBC
24-Mar-20,1161,9-Mar-20,Thiruvananthapuram municipal corporation,Raji Mol P,mol,1,2,,,Kerala,0,0,0,1,0,OBC
24-Mar-20,1162,4-Feb-20,Vadodara nager Nigam,Bhavinaben Yogeshbhai Chauhan,chauhan,2,2,,,Gujarat,0,1,0,0,0,OF
24-Mar-20,1162,9-Mar-20,Thiruvananthapuram municipal corporation,Vidya Mohan M A,mohan,2,1,4,,Kerala,0,0,0,1,0,OBC
24-Mar-20,1163,4-Feb-20,Vadodara nager Nigam,Vandana khode,khode,2,2,,,Gujarat,0,1,0,0,0,SC
24-Mar-20,1163,9-Mar-20,Thiruvananthapuram municipal corporation,Satheesh kumar R,kumar,1,2,,,Kerala,0,0,0,1,0,OF
24-Mar-20,1164,4-Feb-20,Vadodara nager Nigam,Jayshreeben Shah,shah,2,2,,,Gujarat,0,1,0,0,0,OF
24-Mar-20,1164,9-Mar-20,Thiruvananthapuram municipal corporation,Simi jyothish,jyothish,2,1,4,,Kerala,0,0,0,1,0,OF
24-Mar-20,1165,9-Mar-20,Thiruvananthapuram municipal corporation,Sheeba patrick,patrick,2,1,4,,Kerala,0,1,0,0,0,Other religion
24-Mar-20,1165,4-Feb-20,Vadodara nager Nigam,Anilbhai Parmar,parmar,1,1,3,,Gujarat,1,0,0,0,0,OBC
24-Mar-20,1166,4-Feb-20,Vadodara nager Nigam,Jayeshkumar Rathwa,rathwa,1,1,2,,Gujarat,1,0,0,0,0,ST
24-Mar-20,1166,9-Mar-20,Thiruvananthapuram municipal corporation,S Vijayakumari,vijayakumari,2,1,4,,Kerala,0,0,0,1,0,OBC
24-Mar-20,1167,4-Feb-20,Vadodara nager Nigam,Kalpesh Patel,patel,1,2,,,Gujarat,0,1,0,0,0,OF
24-Mar-20,1167,9-Mar-20,Thiruvananthapuram municipal corporation,Mini R,mini,2,1,4,,Kerala,0,0,0,1,0,OF
24-Mar-20,1168,4-Feb-20,Vadodara nager Nigam,Sarojben Rathwa,rathwa,2,2,,,Gujarat,0,1,0,0,0,ST
24-Mar-20,1168,9-Mar-20,Thiruvananthapuram municipal corporation,Priya biju,biju,2,1,6,,Kerala,1,0,0,0,0,SC
24-Mar-20,1169,4-Feb-20,Vadodara nager Nigam,Gulamfarid Yusufbhai,yusufbhai,1,2,,,Gujarat,0,1,0,0,0,Other religion
24-Mar-20,1169,9-Mar-20,Thiruvananthapuram municipal corporation,Alathara anil kumar,kumar,1,2,,,Kerala,0,0,0,1,0,OBC
24-Mar-20,1170,9-Mar-20,Thiruvananthapuram municipal corporation,Manju P V,manju,2,1,4,,Kerala,0,0,0,1,0,OF
24-Mar-20,1170,4-Feb-20,Vadodara nager Nigam,Shakuntala Mehta,mehta,2,2,,,Gujarat,0,1,0,0,0,Brahmin
24-Mar-20,1171,9-Mar-20,Thiruvananthapuram municipal corporation,S Madhusoodanan Nair,nair,1,2,,,Kerala,0,1,0,0,0,OF
24-Mar-20,1171,4-Feb-20,Vadodara nager Nigam,Radhika Bhatt,bhatt,2,2,,,Gujarat,0,1,0,0,0,Brahmin
24-Mar-20,1172,9-Mar-20,Thiruvananthapuram municipal corporation,Krishnankutty nair V,nair,1,2,,,Kerala,0,1,0,0,0,OF
24-Mar-20,1172,4-Feb-20,Vadodara nager Nigam,Kanchanben Ray,ray,2,2,,,Gujarat,0,1,0,0,0,OF
24-Mar-20,1173,16-Mar-20,Rajkot municipal corporation,Durga ba jadeja,jadeja,2,2,,,Gujarat,0,1,0,0,0,OF
24-Mar-20,1173,9-Mar-20,Thiruvananthapuram municipal corporation,Anitha S,anitha,2,1,4,,Kerala,0,0,0,1,0,Brahmin
24-Mar-20,1174,16-Mar-20,Rajkot municipal corporation,Ashish vaghadiya,vaghadiya,1,2,,,Gujarat,0,1,0,0,0,ST
24-Mar-20,1174,9-Mar-20,Thiruvananthapuram municipal corporation,Pradeep Kumar A,kumar,1,2,,,Kerala,0,0,0,1,0,OBC
24-Mar-20,1175,16-Mar-20,Rajkot municipal corporation,Darshitaben shah,shah,2,2,,,Gujarat,0,1,0,0,0,OF
24-Mar-20,1175,9-Mar-20,Thiruvananthapuram municipal corporation,V R Sini,sini,2,1,4,,Kerala,0,0,0,1,0,OBC
24-Mar-20,1176,16-Mar-20,Rajkot municipal corporation,Geetaben purabiya,purabiya,2,2,,,Gujarat,0,1,0,0,0,OF
24-Mar-20,1176,9-Mar-20,Thiruvananthapuram municipal corporation,Sudharsanan C,sudharsanan,1,2,,,Kerala,0,0,0,1,0,OF
24-Mar-20,1177,16-Mar-20,Rajkot municipal corporation,Dilip bhai ashwani,ashwani,1,2,,,Gujarat,0,0,1,0,0,OF
24-Mar-20,1177,9-Mar-20,Thiruvananthapuram municipal corporation,Bindhu S,bindhu,2,1,4,,Kerala,0,0,0,1,0,OBC
24-Mar-20,1178,16-Mar-20,Rajkot municipal corporation,Arvind bhai raiyani,raiyani,1,2,,,Gujarat,0,1,0,0,0,OF
24-Mar-20,1178,9-Mar-20,Thiruvananthapuram municipal corporation,Anju S R,anju,2,1,4,,Kerala,0,0,0,1,0,OBC
24-Mar-20,1179,16-Mar-20,Rajkot municipal corporation,Devuben Jadv,jadv,2,2,,,Gujarat,0,1,0,0,0,OF
24-Mar-20,1179,9-Mar-20,Thiruvananthapuram municipal corporation,Beena R C,beena,2,1,4,,Kerala,0,0,0,1,0,OF
24-Mar-20,1180,16-Mar-20,Rajkot municipal corporation,Sajuben kalotara,kalotara,2,2,,,Gujarat,0,1,0,0,0,OF
24-Mar-20,1180,9-Mar-20,Thiruvananthapuram municipal corporation,S Unnikrishnan,unnikrishnan,1,2,,,Kerala,0,1,0,0,0,Brahmin
24-Mar-20,1181,16-Mar-20,Rajkot municipal corporation,Shilpaben javiya,javiya,2,2,,,Gujarat,0,1,0,0,0,OF
24-Mar-20,1181,9-Mar-20,Thiruvananthapuram municipal corporation,Karamana ajith,ajith,1,2,,,Kerala,0,0,1,0,0,Brahmin
24-Mar-20,1182,16-Mar-20,Rajkot municipal corporation,Jayaben dangar,dangar,2,2,,,Gujarat,0,1,0,0,0,SC
24-Mar-20,1182,9-Mar-20,Thiruvananthapuram municipal corporation,Girikumar,girikumar,1,2,,,Kerala,0,0,1,0,0,OF
24-Mar-20,1183,16-Mar-20,Rajkot municipal corporation,Harunbhai Dakora,dakora,1,2,,,Gujarat,0,0,1,0,0,OF
24-Mar-20,1183,9-Mar-20,Thiruvananthapuram municipal corporation,Anil kumar P S,kumar,1,2,,,Kerala,0,0,0,1,0,OF
24-Mar-20,1184,9-Mar-20,Thiruvananthapuram municipal corporation,Aishabaker,aishabaker,2,1,4,,Kerala,0,0,0,1,0,Other religion
24-Mar-20,1184,16-Mar-20,Rajkot municipal corporation,Anitaben goswami,goswami,2,2,,,Gujarat,0,1,0,0,0,Brahmin
24-Mar-20,1185,16-Mar-20,Rajkot municipal corporation,Jayaben Jayanti tank,tank,2,2,,,Gujarat,0,1,0,0,0,OF
24-Mar-20,1185,9-Mar-20,Thiruvananthapuram municipal corporation,Narayana Mangalam rajendran,rajendran,1,2,,,Kerala,0,0,0,1,0,OF
24-Mar-20,1186,16-Mar-20,Rajkot municipal corporation,Nirmal bhai Maru,maru,1,2,,,Gujarat,0,1,0,0,0,OF
24-Mar-20,1186,9-Mar-20,Thiruvananthapuram municipal corporation,Sindhu sasi,sasi,1,2,,,Kerala,0,0,0,1,0,OBC
30-Mar-20,1187,19-Mar-20,Bhavnagar. Municipal corporation,Geetaben baraiya,baraiya,2,1,4,,Gujarat,0,0,1,0,0,OBC
24-Mar-20,1187,9-Mar-20,Thiruvananthapuram municipal corporation,Prathibha jayakumar,jayakumar,2,1,4,,Kerala,0,0,0,1,0,OBC
30-Mar-20,1188,19-Mar-20,Bhavnagar municipal corporation,Kamtaben makwana,makwana,2,1,4,,Gujarat,0,0,1,0,0,SC
24-Mar-20,1188,9-Mar-20,Kochi municipal corporation,K.R. Premakumar,premakumar,1,1,3,,Kerala,1,0,0,0,0,OBC
24-Mar-20,1189,9-Mar-20,Kochi municipal corporation,Gracy Babu Jacob,jacob,2,2,,,Kerala,0,1,0,0,0,Other religion
30-Mar-20,1189,19-Mar-20,Bhavnagar municipal corporation,Yogita trivedi,trivedi,2,1,4,,Gujarat,0,0,0,1,0,Brahmin
30-Mar-20,1190,19-Mar-20,Bhavnagar municipal corporation,B D gohil,gohil,1,2,,,Gujarat,0,0,1,0,0,OF
24-Mar-20,1190,9-Mar-20,Kochi municipal corporation,M B Muraledharan,muraledharan,1,2,,,Kerala,0,0,0,1,0,OF
24-Mar-20,1191,9-Mar-20,Kochi municipal corporation,K J Prakashan,prakashan,1,2,,,Kerala,0,0,0,1,0,Other religion
30-Mar-20,1191,19-Mar-20,Bhavnagar municipal corporation,Yuvraj singh gohil,gohil,1,2,,,Gujarat,0,0,1,0,0,OF
24-Mar-20,1192,9-Mar-20,Kochi municipal corporation,Antony Francis,francis,1,1,3,,Kerala,1,0,0,0,0,OBC
30-Mar-20,1192,19-Mar-20,Bhavnagar municipal corporation,Divyaben vyas,vyas,2,1,4,,Gujarat,0,1,0,0,0,Brahmin
24-Mar-20,1193,9-Mar-20,Kochi municipal corporation,Aji Francis,francis,1,2,,,Kerala,0,1,0,0,0,Other religion
30-Mar-20,1193,19-Mar-20,Bhavnagar municipal corporation,Yogitaben pandya,pandya,2,1,4,,Gujarat,0,1,0,0,0,Brahmin
24-Mar-20,1194,9-Mar-20,Kochi municipal corporation,Delina Pinhero,pinhero,2,1,1,,Kerala,1,0,0,0,0,SC
30-Mar-20,1194,19-Mar-20,Bhavnagar municipal corporation,Kalpesh bhai vohra,vohra,1,2,,,Gujarat,0,0,1,0,0,OF
24-Mar-20,1195,9-Mar-20,Kochi municipal corporation,Gracy joseph,joseph,2,2,,,Kerala,0,1,0,0,0,Other religion
30-Mar-20,1195,19-Mar-20,Bhavnagar municipal corporation,Lilaben khijariya,khijariya,2,1,4,,Gujarat,0,0,0,0,1,OF 
24-Mar-20,1196,9-Mar-20,Kochi municipal corporation,M G Aristottil,aristottil,1,2,,,Kerala,0,0,0,1,0,Other religion
30-Mar-20,1196,19-Mar-20,Bhavnagar municipal corporation,Hitesh bhai solanki,solanki,1,2,,,Gujarat,0,0,1,0,0,OF
30-Mar-20,1197,19-Mar-20,Bhavnagar municipal corporation,Kumarbhai shah,shah,1,2,,,Gujarat,0,1,0,0,0,OF
24-Mar-20,1197,9-Mar-20,Kochi municipal corporation,Antony painuthara,painuthara,1,1,8,Minority,Kerala,0,0,1,0,0,OBC
24-Mar-20,1198,9-Mar-20,Kochi municipal corporation,Jessy jacob,jacob,2,1,8,Minority,Kerala,0,1,0,0,0,Other religion
30-Mar-20,1198,19-Mar-20,Bhavnagar municipal corporation,Rajubhai pandya,pandya,1,2,,,Gujarat,0,1,0,0,0,Brahmin
24-Mar-20,1199,9-Mar-20,Kochi municipal corporation,C K Peter,peter,1,1,8,Minority,Kerala,0,1,0,0,0,Other religion
30-Mar-20,1199,19-Mar-20,Bhavnagar municipal corporation,Ushaben talreja,talreja,2,1,4,,Gujarat,0,0,0,1,0,OF
30-Mar-20,1200,19-Mar-20,Bhavnagar municipal corporation,Kirtiben danidhariya,danidhariya,2,1,4,,Gujarat,0,0,0,0,1,OBC
24-Mar-20,1200,9-Mar-20,Kochi municipal corporation,Bindu levin,levin,2,1,5,,Kerala,1,0,0,0,0,OBC
24-Mar-20,1201,9-Mar-20,Kochi municipal corporation,Malini Biju,biju,2,2,,,Kerala,0,0,1,0,0,OF
30-Mar-20,1201,19-Mar-20,Bhavnagar municipal corporation,Dhirubhai dhamiliya,dhamiliya,1,2,,,Gujarat,0,0,1,0,0,OF
24-Mar-20,1202,9-Mar-20,Kochi municipal corporation,Simi V R,simi,2,2,,,Kerala,0,0,1,0,0,OF
30-Mar-20,1202,19-Mar-20,Bhavnagar municipal corporation,Anil bhai trivedi,trivedi,1,2,,,Gujarat,0,0,1,0,0,Brahmin
24-Mar-20,1203,9-Mar-20,Kochi municipal corporation,Ansa james,james,2,1,8,Minority,Kerala,0,1,0,0,0,Other religion
30-Mar-20,1203,19-Mar-20,Bhavnagar municipal corporation,Abhaybhai chauhan,chauhan,1,2,,,Gujarat,0,1,0,0,0,OF
24-Mar-20,1204,9-Mar-20,Kochi municipal corporation,Elizabeth Teacher,teacher,2,2,,,Kerala,0,0,1,0,0,OF
30-Mar-20,1204,19-Mar-20,Bhavnagar municipal corporation,Jalviben gondaliya,gondaliya,2,1,4,,Gujarat,0,0,1,0,0,OBC
30-Mar-20,1205,19-Mar-20,Bhavnagar municipal corporation,Ashaben badani,badani,2,1,4,,Gujarat,0,0,1,0,0,OF
24-Mar-20,1205,9-Mar-20,Kochi municipal corporation,Jagathambika Sudarsan,sudarsan,1,1,3,,Kerala,1,0,0,0,0,OBC
30-Mar-20,1206,19-Mar-20,Bhavnagar municipal corporation,Kantaben boricha,boricha,2,1,4,,Gujarat,0,0,1,0,0,ST
24-Mar-20,1206,9-Mar-20,Kochi municipal corporation,P D Martin,martin,1,1,3,,Kerala,1,0,0,0,0,OBC
30-Mar-20,1207,19-Mar-20,Bhavnagar municipal corporation,Bhartiben baraiya,baraiya,2,1,4,,Gujarat,0,0,1,0,0,OBC
24-Mar-20,1207,9-Mar-20,Kochi municipal corporation,Shakrutha sureshbabu,sureshbabu,1,1,3,,Kerala,1,0,0,0,0,OBC
30-Mar-20,1208,19-Mar-20,Bhavnagar municipal corporation,Kishorbhai gurumukhani,gurumukhani,1,2,,,Gujarat,0,0,1,0,0,OF
24-Mar-20,1208,9-Mar-20,Kochi municipal corporation,P S Shine,shine,1,1,3,,Kerala,1,0,0,0,0,OBC
24-Mar-20,1209,9-Mar-20,Kochi municipal corporation,Saneesha Ajeeb,ajeeb,2,2,,,Kerala,0,0,1,0,0,Other religion
30-Mar-20,1209,19-Mar-20,Bhavnagar municipal corporation,Hareshbhai makwana,makwana,1,2,,,Gujarat,0,0,1,0,0,OF
24-Mar-20,1210,9-Mar-20,Kochi municipal corporation,Joseph alex,alex,1,2,,,Kerala,0,1,0,0,0,Other religion
30-Mar-20,1210,20-Mar-20,Bhavnagar municipal corporation,Urmilaben bhal,bhal,2,1,4,,Gujarat,0,0,0,0,1,Brahmin
24-Mar-20,1211,9-Mar-20,Kochi municipal corporation,K X Francis,francis,1,1,3,,Kerala,1,0,0,0,0,OBC
30-Mar-20,1211,21-Mar-20,Ahamadabad municipal corporation,Amulbhai balvantrai bhatt,bhatt,1,2,,,Gujarat,0,1,0,0,0,Brahmin
24-Mar-20,1212,9-Mar-20,Kochi municipal corporation,Shameena A R,shameena,2,1,8,Minority,Kerala,0,1,0,0,0,Other religion
30-Mar-20,1212,21-Mar-20,Ahamadabad municipal corporation,Chanchalben shamalbhai parmar,parmar,2,1,4,,Gujarat,0,1,0,0,0,OF
30-Mar-20,1213,21-Mar-20,Ahamadabad municipal corporation,Jatinkumar zaverbhai Patel,patel,1,2,,,Gujarat,0,1,0,0,0,OF
24-Mar-20,1213,9-Mar-20,Kochi municipal corporation,T K Shamsudheen,shamsudheen,1,1,3,,Kerala,1,0,0,0,0,OBC
30-Mar-20,1214,21-Mar-20,Ahamadabad municipal corporation,Jayeshbhai parmanand patel,patel,1,2,,,Gujarat,0,1,0,0,0,OF
24-Mar-20,1214,9-Mar-20,Kochi municipal corporation,Adv Minimol V K,minimol,1,1,3,,Kerala,1,0,0,0,0,OBC
24-Mar-20,1215,9-Mar-20,Kochi municipal corporation,Sheebalal,sheebalal,1,1,3,,Kerala,1,0,0,0,0,OBC
30-Mar-20,1215,21-Mar-20,Ahamadabad municipal corporation,Hemben jaiprakash bhai acharya,acharya,2,1,4,,Gujarat,0,0,0,1,0,Brahmin
24-Mar-20,1216,9-Mar-20,Kochi municipal corporation,Jimini,jimini,2,1,6,,Kerala,1,0,0,0,0,SC
30-Mar-20,1216,21-Mar-20,Ahamadabad municipal corporation,Bindu kaunty patel,patel,2,1,4,,Gujarat,0,1,0,0,0,OF
30-Mar-20,1217,21-Mar-20,Ahamadabad municipal corporation,Dr.chandravati vinayak kumar chouhan,chouhan,2,1,4,,Gujarat,0,0,1,0,0,OBC
24-Mar-20,1217,9-Mar-20,Kochi municipal corporation,V P Chandran,chandran,1,1,3,,Kerala,1,0,0,0,0,OBC
30-Mar-20,1218,21-Mar-20,Ahamadabad municipal corporation,Kirti kumar jivanlal parmar,parmar,1,2,,,Gujarat,0,1,0,0,0,OF
24-Mar-20,1218,12-Mar-20,Kochi municipal corporation,P M Harris,harris,1,1,8,Minority,Kerala,0,0,1,0,0,OBC
30-Mar-20,1219,21-Mar-20,Ahamadabad municipal corporation,Bhavnaben harish kumar nayak,nayak,2,1,4,,Gujarat,0,0,1,0,0,ST
24-Mar-20,1219,12-Mar-20,Kochi municipal corporation,Geetha prabhakaran,prabhakaran,2,1,5,,Kerala,1,0,0,0,0,OBC
30-Mar-20,1220,21-Mar-20,Ahamadabad municipal corporation,Aniruddhsingh jasavntsingah zala,zala,1,1,2,,Gujarat,1,0,0,0,0,ST
24-Mar-20,1220,12-Mar-20,Kochi municipal corporation,Vijayakumar,vijayakumar,1,2,,,Kerala,0,0,0,1,0,OF
30-Mar-20,1221,21-Mar-20,Ahamadabad municipal corporation,Mahesh hai amrutbhai patel,patel,1,2,,,Gujarat,0,1,0,0,0,OF
24-Mar-20,1221,12-Mar-20,Kochi municipal corporation,David parambithara,parambithara,1,1,3,,Kerala,1,0,0,0,0,OBC
30-Mar-20,1222,21-Mar-20,Ahamadabad municipal corporation,Mahendrabhai parsottambhai patel,patel,1,2,,,Gujarat,0,1,0,0,0,OF
24-Mar-20,1222,12-Mar-20,Kochi municipal corporation,Thampi subramanian,subramanian,1,1,3,,Kerala,1,0,0,0,0,OBC
30-Mar-20,1223,21-Mar-20,Ahamadabad municipal corporation,Rashmikant natvarlal shah,shah,1,2,,,Gujarat,0,1,0,0,0,OF
24-Mar-20,1223,12-Mar-20,Kochi municipal corporation,K J Baisil,baisil,1,1,3,,Kerala,1,0,0,0,0,OBC
30-Mar-20,1224,21-Mar-20,Ahamadabad municipal corporation,Nayankumar jaidevbhai bhrambhatt,bhrambhatt,1,1,2,,Gujarat,1,0,0,0,0,ST
24-Mar-20,1224,12-Mar-20,Kochi municipal corporation,Rajeev K Chandrashekharan,chandrashekharan,1,2,,,Kerala,0,0,0,1,0,OBC
24-Mar-20,1225,12-Mar-20,Kochi municipal corporation,Sunitha ashraf,ashraf,2,1,3,,Kerala,1,0,0,0,0,OBC
30-Mar-20,1225,21-Mar-20,Ahamadabad municipal corporation,Lalsingh ramtuji thakor,thakor,1,1,3,,Gujarat,1,0,0,0,0,OBC
24-Mar-20,1226,12-Mar-20,Kochi municipal corporation,T K Ashraf,ashraf,1,2,,,Kerala,0,1,0,0,0,Other religion
30-Mar-20,1226,21-Mar-20,Ahamadabad municipal corporation,Dineshbhi maljibhai desai,desai,1,1,3,,Gujarat,1,0,0,0,0,OBC
24-Mar-20,1227,12-Mar-20,Kochi municipal corporation,K J Antony,antony,1,1,3,,Kerala,1,0,0,0,0,OBC
30-Mar-20,1227,21-Mar-20,Ahamadabad municipal. Corporation,Nandiniben nirdeahkumar pandya,pandya,2,1,4,,Gujarat,0,1,0,0,0,Brahmin
30-Mar-20,1228,21-Mar-20,Ahamadabad municipal corporation,Nareshkumar narenderKumar patel,patel,1,2,,,Gujarat,0,1,0,0,0,OF
24-Mar-20,1228,12-Mar-20,Kochi municipal corporation,Albert ambalathikal,ambalathikal,1,1,3,,Kerala,1,0,0,0,0,OBC
30-Mar-20,1229,21-Mar-20,Ahamadabad municipal corporation,Gitaben jibhaidas patel,patel,2,1,4,,Gujarat,0,1,0,0,0,OF
24-Mar-20,1229,12-Mar-20,Kochi municipal corporation,Benedict fernandez,fernandez,2,1,3,,Kerala,1,0,0,0,0,OBC
30-Mar-20,1230,21-Mar-20,Ahamadabad municipal corporation,Kashyap bansilal patel,patel,1,2,,,Gujarat,0,1,0,0,0,OF
24-Mar-20,1230,12-Mar-20,Kochi municipal corporation,O P Sunil,sunil,1,1,3,,Kerala,1,0,0,0,0,OBC
24-Mar-20,1231,12-Mar-20,Kochi municipal corporation,K K Ravikuttan,ravikuttan,1,1,1,,Kerala,1,0,0,0,0,SC
30-Mar-20,1231,21-Mar-20,Ahamadabad municipal corporation,Pratibha rakesh kumar jain,jain,2,1,4,,Gujarat,0,1,0,0,0,Other religion
30-Mar-20,1232,21-Mar-20,Ahamadabad municipal corporation,Pankajsingh himatsingh solanki,solanki,1,1,2,,Gujarat,1,0,0,0,0,ST
24-Mar-20,1232,12-Mar-20,Kochi municipal corporation,Adv Sunil selvan,selvan,1,1,3,,Kerala,1,0,0,0,0,OBC
30-Mar-20,1233,21-Mar-20,Ahamadabad municipal corporation,Asishdirubhai shah,shah,1,2,,,Gujarat,0,1,0,0,0,OF
24-Mar-20,1233,12-Mar-20,Kochi municipal corporation,V R Sudheer,sudheer,1,1,3,,Kerala,1,0,0,0,0,OBC
24-Mar-20,1234,12-Mar-20,Kochi municipal corporation,K V P Krishnakumar,krishnakumar,1,2,,,Kerala,0,0,1,0,0,OF
30-Mar-20,1234,21-Mar-20,Ahamadabad municipal corporation,Rajeshwariben rameshkumar panchal,panchal,2,1,5,,Gujarat,1,0,0,0,0,OBC
24-Mar-20,1235,12-Mar-20,Kochi municipal corporation,P J Joseph,joseph,1,2,,,Kerala,0,1,0,0,0,Other religion
30-Mar-20,1235,21-Mar-20,Ahamadabad municipal corporation,Shilpaben hasmukhbhai patel,patel,2,1,4,,Gujarat,0,1,0,0,0,OF
24-Mar-20,1236,12-Mar-20,Kochi municipal corporation,P G Radhakrishnan,radhakrishnan,1,1,3,,Kerala,1,0,0,0,0,OBC
30-Mar-20,1236,21-Mar-20,Ahamadabad municipal corporation,Pardip deviparsad dave,dave,1,2,,,Gujarat,0,0,1,0,0,Brahmin
30-Mar-20,1237,21-Mar-20,Ahamadabad municipal corporation,Alkaben pradhumanbhai mistry,mistry,2,1,4,,Gujarat,0,0,1,0,0,OBC
24-Mar-20,1237,12-Mar-20,Kochi municipal corporation,K K Kunjachan,kunjachan,1,1,3,,Kerala,1,0,0,0,0,OBC
24-Mar-20,1238,12-Mar-20,Kochi municipal corporation,Deepak joy,joy,1,1,3,,Kerala,1,0,0,0,0,OBC
30-Mar-20,1238,21-Mar-20,Ahamadabad municipal corporation,Ami manesh joshi,joshi,2,1,4,,Gujarat,0,1,0,0,0,Brahmin
24-Mar-20,1239,12-Mar-20,Kochi municipal corporation,Syamala S Prabhu,prabhu,1,2,,,Kerala,0,0,1,0,0,OF
30-Mar-20,1239,22-Mar-20,Ahamadabad municipal corporation,Ramesh bhai ratanbhai desai,desai,1,2,,,Gujarat,0,1,0,0,0,Brahmin
30-Mar-20,1240,22-Mar-20,Ahamadabad municipal corporation,Sureshbhai mithabhai patel,patel,1,2,,,Gujarat,0,1,0,0,0,OF
24-Mar-20,1240,12-Mar-20,Kochi municipal corporation,P S Prakash,prakash,1,2,,,Kerala,0,0,0,1,0,OBC
30-Mar-20,1241,22-Mar-20,Ahamadabad municipal corporation,Nishaben kalpeshkumer jha,jha,2,1,4,,Gujarat,0,0,1,0,0,OBC
24-Mar-20,1241,12-Mar-20,Kochi municipal corporation,Nisha Dinesh,dinesh,2,1,5,,Kerala,1,0,0,0,0,OBC
24-Mar-20,1242,12-Mar-20,Kochi municipal corporation,Poornima narayanan,narayanan,2,2,,,Kerala,0,0,1,0,0,OF
30-Mar-20,1242,22-Mar-20,Ahamadabad municipal corporation,Jaishreeben kaushikbhai pandya,pandya,2,1,4,,Gujarat,0,1,0,0,0,Brahmin
24-Mar-20,1243,12-Mar-20,Kochi municipal corporation,Hema prahaladan,prahaladan,2,2,,,Kerala,0,0,1,0,0,OF
30-Mar-20,1243,22-Mar-20,Ahamadabad municipal corporation,Ashvinbhai babubhai pethani,pethani,1,1,3,,Gujarat,1,0,0,0,0,OBC
24-Mar-20,1244,12-Mar-20,Kochi municipal corporation,Josmery,josmery,2,2,,,Kerala,0,0,1,0,0,Other religion
30-Mar-20,1244,22-Mar-20,Ahamadabad municipal corporation,Pulkit bhai tarunbhai vyas,vyas,1,1,3,,Gujarat,1,0,0,0,0,OBC
30-Mar-20,1245,22-Mar-20,Ahamadabad municipal corporation,Bhagyesh rajnikant patel,patel,1,2,,,Gujarat,0,1,0,0,0,OF
24-Mar-20,1245,12-Mar-20,Kochi municipal corporation,Seenath Rasheed,rasheed,1,1,3,,Kerala,1,0,0,0,0,OBC
24-Mar-20,1246,12-Mar-20,Kochi municipal corporation,Jalajamani,jalajamani,1,1,1,,Kerala,1,0,0,0,0,SC
30-Mar-20,1246,22-Mar-20,Ahamadabad municipal corporation,Vasantiben narenderbhai patel,patel,2,1,4,,Gujarat,0,1,0,0,0,OF
30-Mar-20,1247,22-Mar-20,Ahamadabad municipal corporation,Dixitkumar ranchhodbhai patel,patel,1,2,,,Gujarat,0,1,0,0,0,OF
24-Mar-20,1247,12-Mar-20,Kochi municipal corporation,Valsala girish,girish,1,1,3,,Kerala,1,0,0,0,0,OBC
30-Mar-20,1248,22-Mar-20,Ahamadabad municipal corporation,Bharatbhai keshavlal patel,patel,1,2,,,Gujarat,0,1,0,0,0,OF
24-Mar-20,1248,12-Mar-20,Kochi municipal corporation,Jayanthi premnath,premnath,1,1,3,,Kerala,1,0,0,0,0,OBC
30-Mar-20,1249,22-Mar-20,Ahamadabad municipal corporation,Parvinbhai narottambhai modi,modi,1,2,,,Gujarat,0,0,1,0,0,OBC
24-Mar-20,1249,12-Mar-20,Kochi municipal corporation,Elizabeth sebastian,sebastian,2,1,5,,Kerala,1,0,0,0,0,OBC
30-Mar-20,1250,22-Mar-20,Ahamadabad municipal corporation,Vandana rajivbhai shah,shah,2,1,4,,Gujarat,0,1,0,0,0,OF
24-Mar-20,1250,12-Mar-20,Kochi municipal corporation,Sudha dilip kumar,kumar,2,2,,,Kerala,0,0,0,1,0,Brahmin
30-Mar-20,1251,22-Mar-20,Ahamadabad municipal corporation,Jethiben chhaganbhai dangar,dangar,2,1,4,,Gujarat,0,1,0,0,0,SC
24-Mar-20,1251,13-Mar-20,Kozhikode municipal corporation,Sathyam v.t,sathyam,1,2,,,Kerala,0,0,1,0,0,Brahmin
24-Mar-20,1252,13-Mar-20,Kozhikode municipal corporation,Krishnan .k,krishnan,1,2,,,Kerala,0,0,1,0,0,OF
30-Mar-20,1252,22-Mar-20,Ahamadabad municipal corporation,Varshaben dharmeshkumar panchal,panchal,2,1,4,,Gujarat,0,1,0,0,0,OBC
24-Mar-20,1253,13-Mar-20,Kozhikode municipal corporation,Abdurhima .c,abdurhima,1,2,,,Kerala,0,0,1,0,0,Other religion
30-Mar-20,1253,22-Mar-20,Ahamadabad municipal corporation,Jayntilal rupabhai jadhav,jadhav,1,1,3,,Gujarat,1,0,0,0,0,OBC
30-Mar-20,1254,22-Mar-20,Ahamadabad municipal corporation,Urvashiben pareshkumar dabhi,dabhi,2,1,4,,Gujarat,0,0,1,0,0,SC
24-Mar-20,1254,13-Mar-20,Kozhikode municipal corporation,Rafeeq k.k,rafeeq,1,2,,,Kerala,0,1,0,0,0,Other religion
30-Mar-20,1255,23-Mar-20,Ahamadabad municipal corporation,Devang jitenderbhai dani,dani,1,2,,,Gujarat,0,0,1,0,0,OF
24-Mar-20,1255,13-Mar-20,Kozhikode municipal corporation,Shreena vijayan,vijayan,2,1,4,,Kerala,0,0,0,1,0,OBC
24-Mar-20,1256,13-Mar-20,Kozhikode municipal corporation,Nambidi narayanan,narayanan,1,2,,,Kerala,0,0,1,0,0,OF
30-Mar-20,1256,23-Mar-20,Ahamadabad municipal corporation,Heeraben maganbhai patel,patel,2,1,4,,Gujarat,0,1,0,0,0,OF
30-Mar-20,1257,23-Mar-20,Ahamadabad municipal corporation,Bipinchandra ambalal patel,patel,1,2,,,Gujarat,0,1,0,0,0,OF
24-Mar-20,1257,13-Mar-20,Kozhikode municipal corporation,P m sureshbabu,sureshbabu,1,2,,,Kerala,0,0,0,1,0,OF
24-Mar-20,1258,13-Mar-20,Kozhikode municipal corporation,Thomes mathew,mathew,1,2,,,Kerala,0,1,0,0,0,Other religion
30-Mar-20,1258,23-Mar-20,Ahamadabad municipal corporation,Ajay singh balistersingh bhadoria,bhadoria,1,2,,,Gujarat,0,0,1,0,0,OF
24-Mar-20,1259,13-Mar-20,Kozhikode municipal corporation,P.P. beerankoya,beerankoya,1,2,,,Kerala,0,0,1,0,0,Other religion
30-Mar-20,1259,23-Mar-20,Ahamadabad municipal corporation,Falguniben shreyansbhai shah,shah,2,1,4,,Gujarat,0,1,0,0,0,OF
24-Mar-20,1260,13-Mar-20,Kozhikode municipal corporation,K.v baburaj,baburaj,1,2,,,Kerala,0,0,1,0,0,OF
30-Mar-20,1260,23-Mar-20,Ahamadabad municipal corporation,Rameshkumar narenderkumar patel,patel,1,2,,,Gujarat,0,1,0,0,0,OF
24-Mar-20,1261,13-Mar-20,Kozhikode municipal corporation,K.najma,najma,2,1,4,,Kerala,0,1,0,0,0,Other religion
30-Mar-20,1261,23-Mar-20,Ahamadabad municipal corporation,Pannaben santubhai rao,rao,2,1,4,,Gujarat,0,0,0,1,0,OF
24-Mar-20,1262,13-Mar-20,Kozhikode municipal corporation,Kattadaath hajara,hajara,2,1,4,,Kerala,0,1,0,0,0,OF
30-Mar-20,1262,23-Mar-20,Ahamadabad municipal corporation,Kiran pavankumar yadav,yadav,2,1,4,,Gujarat,0,1,0,0,0,OBC
30-Mar-20,1263,23-Mar-20,Ahamadabad municipal corporation,Ilaben dr.jatinbhai shah,shah,2,1,4,,Gujarat,0,1,0,0,0,OF
24-Mar-20,1263,13-Mar-20,Kozhikode municipal corporation,Prabheesh kumar ks,kumar,1,2,,,Kerala,0,0,0,1,0,OBC
24-Mar-20,1264,13-Mar-20,Kozhikode,Mullaveettil moideen,moideen,1,2,,,Kerala,0,1,0,0,0,Other religion
30-Mar-20,1264,23-Mar-20,Ahamadabad municipal corporation,Sudhaben ashokbhai sagar,sagar,2,1,4,,Gujarat,0,0,1,0,0,OBC
30-Mar-20,1265,23-Mar-20,Ahamadabad municipal corporation,Snehakumari vijayrajsingh parmar,parmar,2,1,4,,Gujarat,0,1,0,0,0,OF
24-Mar-20,1265,13-Mar-20,Kozhikode municipal corporation,N.satheeshkumar,satheeshkumar,1,2,,,Kerala,0,0,0,1,0,OF
24-Mar-20,1266,13-Mar-20,Kozhikode municipal corporation,Vidya balkrishnan,balkrishnan,1,2,,,Kerala,0,0,0,1,0,SC
30-Mar-20,1266,23-Mar-20,Ahamadabad municipal corporation,Taraben somabhai patel,patel,2,1,4,,Gujarat,0,1,0,0,0,OF
24-Mar-20,1267,13-Mar-20,Kozhikode municipal corporation,Bihula.p,bihula,1,2,,,Kerala,0,0,0,1,0,OF
30-Mar-20,1267,23-Mar-20,Ahamadabad municipal corporation,Meenaben sandipbhi panchal,panchal,2,1,4,,Gujarat,0,1,0,0,0,OBC
30-Mar-20,1268,23-Mar-20,Ahamadabad municipal corporation,Chetanbhai chinnubhai patel,patel,1,2,,,Gujarat,0,1,0,0,0,OF
24-Mar-20,1268,13-Mar-20,Kozhikode municipal corporation,T.v.lalitha prabha,prabha,2,1,4,,Kerala,0,0,0,1,0,OBC
24-Mar-20,1269,13-Mar-20,Kozhikode municipal corporation,K m rafeek,rafeek,1,2,,,Kerala,0,1,0,0,0,Other religion
30-Mar-20,1269,23-Mar-20,Ahamadabad municipal corporation,Bharat bababhai patel,patel,1,2,,,Gujarat,0,1,0,0,0,OF
30-Mar-20,1270,23-Mar-20,Ahamadabad municipal corporation,Ranjanben amrutbhai masiyava,masiyava,2,1,4,,Gujarat,0,0,0,0,1,OBC
24-Mar-20,1270,13-Mar-20,Kozhikode municipal corporation,N.ppadmanabhan,ppadmanabhan,1,2,,,Kerala,0,0,1,0,0,Brahmin
30-Mar-20,1271,23-Mar-20,Ahamadabad municipal corporation,Pareshbhai hargovind patel,patel,1,2,,,Gujarat,0,1,0,0,0,OF
24-Mar-20,1271,13-Mar-20,Kozhikode municipal corporation,Anil kumar m.c,kumar,1,2,,,Kerala,0,0,0,1,0,OF
24-Mar-20,1272,13-Mar-20,Kozhikode municipal corporation,M.p.ramani,ramani,2,1,4,,Kerala,0,0,0,1,0,OBC
30-Mar-20,1272,23-Mar-20,Ahamadabad municipal corporation,Jayeshbhai mahendarbhai trivedi,trivedi,1,2,,,Gujarat,0,0,1,0,0,Brahmin
30-Mar-20,1273,23-Mar-20,Ahamadabad municipal corporation,Kantibhai arjanbhai patel,patel,1,2,,,Gujarat,0,1,0,0,0,OF
24-Mar-20,1273,13-Mar-20,Kozhikode municipal corporation,Manak kal sasi,sasi,1,2,,,Kerala,0,0,0,1,0,OF
24-Mar-20,1274,13-Mar-20,Kozhikode municipal corporation,Ayishabi pandikasala,pandikasala,1,2,,,Kerala,0,0,0,1,0,Other religion
30-Mar-20,1274,23-Mar-20,Ahamadabad municipal corporation,Daxaben saileshbhai patel,patel,2,1,4,,Gujarat,0,1,0,0,0,OF
24-Mar-20,1275,13-Mar-20,Kozhikode municipal corporation,Navya haridas,haridas,2,1,4,,Kerala,0,0,1,0,0,SC
30-Mar-20,1275,23-Mar-20,Ahamadabad municipal corporation,Dasrathbhi ratilal vaghela,vaghela,1,2,,,Gujarat,0,1,0,0,0,OF
30-Mar-20,1276,23-Mar-20,Ahamadabad municipal corporation,Dr.sujai jyotindrbhai mehra,mehra,1,2,,,Gujarat,0,0,1,0,0,OF
24-Mar-20,1276,13-Mar-20,Kozhikode municipal corporation,Rajni u,rajni,2,1,4,,Kerala,0,0,0,1,0,OF
30-Mar-20,1277,23-Mar-20,Ahamadabad municipal corporation,Diptiben jitenderbhai amarkotiya,amarkotiya,2,1,4,,Gujarat,0,0,1,0,0,SC
24-Mar-20,1277,13-Mar-20,Kozhikode municipal corporation,K.t sushaj,sushaj,1,2,,,Kerala,0,0,0,1,0,OBC
24-Mar-20,1278,13-Mar-20,Kozhikode municipal corporation,Saheeda.p.p,saheeda,2,1,4,,Kerala,0,1,0,0,0,Other religion
30-Mar-20,1278,23-Mar-20,Ahamadabad municipal corporation,Jyotsanaben parvinbhai patel,patel,2,1,4,,Gujarat,0,1,0,0,0,OF
24-Mar-20,1279,13-Mar-20,Kozhikode municipal corporation,Sayad mohammad shmeel,shmeel,1,2,,,Kerala,0,1,0,0,0,Other religion
30-Mar-20,1279,23-Mar-20,Ahamadabad municipal corporation,Meenaben sandipbhai panchal,panchal,2,1,4,,Gujarat,0,1,0,0,0,OBC
24-Mar-20,1280,13-Mar-20,Kozhikode municipal corporation,Rathee devi K,devi,2,1,4,,Kerala,0,0,0,1,0,SC
30-Mar-20,1280,23-Mar-20,Ahamadabad municipal corporation,Suman bhanvarsingh solanki,solanki,2,1,4,,Gujarat,0,0,0,1,0,OF
24-Mar-20,1281,13-Mar-20,Kozhikode municipal corporation,Sreeja Hareesh,hareesh,1,2,,,Kerala,0,0,1,0,0,OF
30-Mar-20,1281,23-Mar-20,Ahamadabad municipal corporation,Mukeshkumar dineshbhai mistry,mistry,1,2,,,Gujarat,0,0,1,0,0,OBC
24-Mar-20,1282,13-Mar-20,Kozhikode municipal corporation,Shaniya P.K,shaniya,2,1,4,,Kerala,0,0,0,1,0,Other religion
30-Mar-20,1282,23-Mar-20,Ahamadabad municipal corporation,Arvindbhai naranbhai parmar,parmar,1,2,,,Gujarat,0,1,0,0,0,OF
30-Mar-20,1283,23-Mar-20,Ahamadabad municipal corporation,Brijeshbhai bhikhabhai patel,patel,1,2,,,Gujarat,0,1,0,0,0,OF
24-Mar-20,1283,13-Mar-20,Kozhikode municipal corporation,M.M Latha,latha,2,1,4,,Kerala,0,0,0,1,0,OF
24-Mar-20,1284,13-Mar-20,Kozhikode municipal corporation,Jisha Gireesh,gireesh,2,1,6,,Kerala,1,0,0,0,0,SC
30-Mar-20,1284,23-Mar-20,Ahamadabad municipal corporation,Jigneshbhai mahenderkumar patel,patel,1,2,,,Gujarat,0,1,0,0,0,OF
30-Mar-20,1285,23-Mar-20,Ahamadabad municipal corporation,Arunaben satishkumar shah,shah,2,1,4,,Gujarat,0,1,0,0,0,OF
24-Mar-20,1285,13-Mar-20,Kozhikode municipal corporation,M.C Sudhamani,sudhamani,1,2,,,Kerala,0,0,0,1,0,OBC
30-Mar-20,1286,23-Mar-20,Ahamadabad municipal corporation,Pritiben amrutlal bharvad,bharvad,2,1,4,,Gujarat,0,0,1,0,0,ST
24-Mar-20,1286,13-Mar-20,Kozhikode municipal corporation,M. Kunhamutty,kunhamutty,1,2,,,Kerala,0,0,0,1,0,Other religion
24-Mar-20,1287,13-Mar-20,Kozhikode municipal corporation,Pottangadi Kishan chand,chand,1,2,,,Kerala,0,1,0,0,0,Other religion
30-Mar-20,1287,23-Mar-20,Ahamadabad municipal corporation,Dr.krishnaben prafulbhai thaker,thaker,2,1,4,,Gujarat,0,0,0,1,0,OF
30-Mar-20,1288,23-Mar-20,Ahamadabad municipal corporation,Chetanbhai chinubhai patel,patel,1,2,,,Gujarat,0,1,0,0,0,OF
24-Mar-20,1288,13-Mar-20,Kozhikode municipal corporation,Anitha. P,anitha,2,1,4,,Kerala,0,0,0,1,0,OF
30-Mar-20,1289,23-Mar-20,Ahamadabad municipal corporation,Bhavnaben parmukhbhai patel,patel,2,1,4,,Gujarat,0,1,0,0,0,OF
24-Mar-20,1289,13-Mar-20,Kozhikode municipal corporation,Anitharajan,anitharajan,2,1,4,,Kerala,0,0,0,1,0,OBC
30-Mar-20,1290,23-Mar-20,Ahamadabad municipal corporation,Arunsingh ramayansingh rajput,rajput,1,2,,,Gujarat,0,1,0,0,0,OF
24-Mar-20,1290,13-Mar-20,Kozhikode municipal corporation,M.M Padmavathi,padmavathi,1,1,4,,Kerala,0,0,0,1,0,OBC
24-Mar-20,1291,13-Mar-20,kozhikode municipal corporation,M.P.  Radhakrishnan,radhakrishnan,1,1,1,,Kerala,1,0,0,0,0,SC
30-Mar-20,1291,23-Mar-20,Ahamadabad municipal corporation,Shitalben anandkumar daga,daga,2,1,4,,Gujarat,0,0,0,1,0,OF
24-Mar-20,1292,13-Mar-20,Kozhikode municipal corporation,R.V Ayishabi,ayishabi,2,1,4,,Kerala,0,1,0,0,0,Other religion
30-Mar-20,1292,23-Mar-20,Ahamadabad municipal corporation,Rekhaben badhaji chauhan,chauhan,2,1,4,,Gujarat,0,1,0,0,0,OF
30-Mar-20,1293,23-Mar-20,Ahamadabad municipal corporation,Alkaben pradhyumanbhai mistry,mistry,2,1,4,,Gujarat,0,0,1,0,0,OBC
24-Mar-20,1293,13-Mar-20,Kozhikode municipal corporation,Peroth prakashan,prakashan,1,2,,,Kerala,0,0,0,1,0,OBC
30-Mar-20,1294,23-Mar-20,Ahamadabad municipal corporation,Geetaben vishnubhai prajapati,prajapati,2,1,4,,Gujarat,0,1,0,0,0,SC
24-Mar-20,1294,13-Mar-20,Kozhikode municipal corporation,C. K Seenath,seenath,2,1,4,,Kerala,0,0,0,1,0,Other religion
30-Mar-20,1295,23-Mar-20,Ahamadabad municipal corporation,Kapilaben tulsibhai dabhi,dabhi,2,1,4,,Gujarat,0,0,1,0,0,SC
24-Mar-20,1295,13-Mar-20,Kozhikode municipal corporation,Shayma ponnath,ponnath,2,1,4,,Kerala,0,0,0,0,1,OF
30-Mar-20,1296,23-Mar-20,Ahamadabad municipal corporation,Baldevbhai kandas patel,patel,1,2,,,Gujarat,0,1,0,0,0,OF
24-Mar-20,1296,13-Mar-20,Kozhikode municipal corporation,T. V Lalitha Prabha,prabha,2,1,4,,Kerala,0,0,0,1,0,OBC
30-Mar-20,1297,23-Mar-20,Ahamadabad municipal corporation,Kanchanben sureshkumar panjvani,panjvani,2,1,4,,Gujarat,0,0,1,0,0,Other religion
24-Mar-20,1297,13-Mar-20,Kozhikode municipal corporation,K.M Rafeek,rafeek,1,2,,,Kerala,0,1,0,0,0,Other religion
30-Mar-20,1298,23-Mar-20,Ahamadabad municipal corporation,Bhavnaben hasmukhbhai vaghela,vaghela,2,1,4,,Gujarat,0,1,0,0,0,OF
24-Mar-20,1298,13-Mar-20,Kozhikode municipal corporation,N. P Padmanabhan,padmanabhan,1,2,,,Kerala,0,0,0,1,0,OF
30-Mar-20,1299,23-Mar-20,Ahamadabad municipal corporation,Gautambhai babarbhai patel,patel,1,2,,,Gujarat,0,1,0,0,0,OF
24-Mar-20,1299,13-Mar-20,Kozhikode municipal corporation,M. Sreeja,sreeja,2,1,4,,Kerala,0,0,0,1,0,OF
30-Mar-20,1300,23-Mar-20,Ahamadabad municipal corporation,Girivarsingh bhanvarsingh sekhavat,sekhavat,1,2,,,Gujarat,0,0,1,0,0,OF
24-Mar-20,1300,13-Mar-20,Kozhikode municipal corporation,E. Prasanth kumar,kumar,1,2,,,Kerala,0,0,0,1,0,OF
24-Mar-20,1301,13-Mar-20,Kozhikode municipal corporation,Soufiya Aneesh,aneesh,2,1,4,,Kerala,0,0,0,1,0,Other religion
30-Mar-20,1301,23-Mar-20,Ahamadabad municipal corporation,Ashish harshadbhai patel,patel,1,2,,,Gujarat,0,1,0,0,0,OF
30-Mar-20,1302,23-Mar-20,Ahamadabad municipal corporation,Gitaben kamleshkumar patel,patel,2,1,4,,Gujarat,0,1,0,0,0,OF
24-Mar-20,1302,13-Mar-20,Kozhikode municipal corporation,Ushadevi Teacher,teacher,2,1,4,,Kerala,0,0,0,1,0,OBC
24-Mar-20,1303,13-Mar-20,kozhikode municipal corporation,Asha sasankan,sasankan,1,2,,,Kerala,0,0,0,1,0,OBC
30-Mar-20,1303,23-Mar-20,Ahamadabad municipal corporation,Gayaparsad bhai mulchand kanojiya,kanojiya,1,2,,,Gujarat,0,0,1,0,0,Brahmin
30-Mar-20,1304,23-Mar-20,Ahamadabad municipal corporation,Tulsibhai chanduji bhai,bhai,1,2,,,Gujarat,0,0,1,0,0,OF
24-Mar-20,1304,13-Mar-20,Kozhikode municipal corporation,Jayasree keerthi,keerthi,2,1,4,,Kerala,0,0,0,1,0,OF
30-Mar-20,1305,23-Mar-20,Ahamadabad municipal corporation,Kishor kumar khubchand thavani,thavani,1,2,,,Gujarat,0,0,1,0,0,OF
24-Mar-20,1305,13-Mar-20,Kozhikode municipal corporation,K. Nirmala,nirmala,2,1,4,,Kerala,0,0,0,1,0,OBC
30-Mar-20,1306,23-Mar-20,Ahamadabad municipal corporation,Parvinbhai narottamdas modi,modi,1,2,,,Gujarat,0,0,1,0,0,OBC
24-Mar-20,1306,13-Mar-20,Kozhikode municipal corporation,Bijuraj T.C,bijuraj,1,2,,,Kerala,0,0,0,1,0,OBC
30-Mar-20,1307,23-Mar-20,Ahamadabad municipal corporation,Jotsanaben parvinbhai patel,patel,2,1,4,,Gujarat,0,1,0,0,0,OF
24-Mar-20,1307,13-Mar-20,Kozhikode municipal corporation,P. K Shalini,shalini,2,1,4,,Kerala,0,0,0,1,0,OBC
30-Mar-20,1308,23-Mar-20,Ahamadabad municipal corporation,Rajeshwari ben rameshkumar panchal,panchal,2,1,4,,Gujarat,0,1,0,0,0,OBC
24-Mar-20,1308,13-Mar-20,Kozhikode municipal corporation,Cheral Prameela,prameela,2,1,4,,Kerala,0,0,0,1,0,OBC
30-Mar-20,1309,23-Mar-20,Ahamadabad municipal corporation,Vallabhbhai kuberbhai patel,patel,1,2,,,Gujarat,0,1,0,0,0,OF
24-Mar-20,1309,13-Mar-20,Kozhikode municipal corporation,M. Radhakrishnan Master,master,1,2,,,Kerala,0,0,0,1,0,OBC
30-Mar-20,1310,23-Mar-20,Ahamadabad municipal corporation,Bhadreshkumar kantilal makwana,makwana,1,2,,,Gujarat,0,0,1,0,0,OF
24-Mar-20,1310,13-Mar-20,Kozhikode municipal corporation,M. Girija Teacher,teacher,2,1,4,,Kerala,0,0,0,1,0,OF
30-Mar-20,1311,23-Mar-20,Ahamadabad municipal corporation,Kalavatiben dasrathbhai kalburgi,kalburgi,2,1,4,,Gujarat,0,0,0,1,0,OF
24-Mar-20,1311,13-Mar-20,Kozhikode municipal corporation,N. M shimna,shimna,2,1,4,,Kerala,0,0,0,1,0,OBC
24-Mar-20,1312,13-Mar-20,Kozhikode municipal corporation,K.C Shobitha,shobitha,2,1,4,,Kerala,0,0,0,1,0,Other religion
30-Mar-20,1312,23-Mar-20,Ahamadabad municipal corporation,Dr.sujai jyotindrbhai,jyotindrbhai,1,2,,,Gujarat,0,0,0,1,0,OF
24-Mar-20,1313,13-Mar-20,Kozhikode municipal corporation,C. P. sreekala,sreekala,2,1,6,,Kerala,1,0,0,0,0,SC
30-Mar-20,1313,23-Mar-20,Ahamadabad municipal corporation,Rajendersingh vajesingh solanki,solanki,1,2,,,Gujarat,0,0,1,0,0,OF
30-Mar-20,1314,23-Mar-20,Ahmedabad municipal corporation,Ranjanben amrut bhai masiyava,masiyava,2,1,4,,Gujarat,0,0,0,0,1,OBC
24-Mar-20,1314,13-Mar-20,Kozhikode municipal corporation,Shimjith T. S,shimjith,1,2,,,Kerala,0,0,0,1,0,OBC
30-Mar-20,1315,23-Mar-20,Ahamadabad municipal corporation,Bhavnaben hasmukhbhai baghela,baghela,2,1,4,,Gujarat,0,0,1,0,0,OF
24-Mar-20,1315,13-Mar-20,Kozhikode municipal corporation,Beenarajan,beenarajan,2,1,4,,Kerala,0,0,0,1,0,OBC
30-Mar-20,1316,23-Mar-20,Ahamadabad municipal corporation,Yoginiben nareshbhai prajapati,prajapati,2,1,4,,Gujarat,0,1,0,0,0,SC
24-Mar-20,1316,13-Mar-20,Kozhikode municipal corporation,M. Saleena,saleena,2,1,4,,Kerala,0,0,0,1,0,Other religion
30-Mar-20,1317,23-Mar-20,Ahamadabad municipal corporation,Kalaben partapsingh yadav,yadav,2,1,4,,Gujarat,0,1,0,0,0,OBC
24-Mar-20,1317,13-Mar-20,Kozhikode municipal corporation,Prameela balagopalan,balagopalan,2,1,4,,Kerala,0,0,0,1,0,OBC
30-Mar-20,1318,23-Mar-20,Ahamadabad municipal corporation,Rekhaben badhai chouhan,chouhan,2,1,4,,Gujarat,0,0,1,0,0,OBC
30-Mar-20,1319,23-Mar-20,Ahamadabad municipal corporations,Brijesh hai bhikhabhai patel,patel,1,2,,,Gujarat,0,1,0,0,0,OF
30-Mar-20,1320,25-Mar-20,Ahamadabad municipal. Corporation,Dr.chandervati vinayakkumar chouhan,chouhan,2,1,4,,Gujarat,0,0,1,0,0,OBC
30-Mar-20,1321,25-Mar-20,Ahamadabad municipal corporation,Lal singh ramtuji thakor,thakor,1,1,3,,Gujarat,1,0,0,0,0,OBC
30-Mar-20,1322,25-Mar-20,Ahamadabad municipal corporation,Vasantiben narendrabhai patel,patel,2,1,4,,Gujarat,0,1,0,0,0,OF
30-Mar-20,1323,25-Mar-20,Ahamadabad municipal corporation,Bipinchandr ambalal patel,patel,1,2,,,Gujarat,0,1,0,0,0,OF