﻿corporation,Rioting_Total,Rioting_Communal,Rioting_Sectarian,Rioting_Political,Rioting_Caste,ST_TotalCrime,SC_TotalCrime,SC_ST_TotalCrime
Agra,485,0,0,0,0,0,183,183
Ahmedabad,188,1,2,1,1,9,145,154
Aligarh,265,0,0,0,28,0,175,175
Allahabad,85,0,0,0,0,0,547,547
Ayodhya,210,0,0,0,36,0,360,360
Bareilly,132,0,0,0,0,0,305,305
Bengaluru,258,0,0,11,0,14,141,155
Bhavnagar,120,0,0,0,0,3,28,31
Gorakhpur,379,0,0,0,6,0,324,324
Jamnagar,67,0,0,0,0,3,42,45
Jhansi,128,0,0,2,7,0,200,200
Kanpur,101,0,0,0,0,0,291,291
Kochi,25,0,0,0,0,0,20,20
Kollam,130,0,0,7,0,0,44,44
Kozhikode,347,0,0,19,0,1,26,27
Muradabad,75,0,0,0,17,0,78,78
Mysore,62,0,5,4,1,6,17,23
Rajkot,38,0,0,0,0,5,41,46
Saharanpur,66,0,0,0,0,0,72,72
Siliguri,8,0,0,1,0,10,2,12
Surat,141,1,0,0,0,13,29,42
Trisur,150,0,0,20,0,1,74,75
Thiruvananthapuram,63,0,0,41,0,0,17,17
Vadodara,75,10,0,1,0,11,37,48
Varanasi,73,0,0,2,0,0,272,272