﻿close_date,year,month,day,days_after,Incident Date,Report Date,Lord,Type,Adverse Finding,Disposition,Note
1/26/09,2009,1,26,1,25-Jan-09,14-May-09,"Moonie, Snape, Truscott, Taylor of Blackburn",Reimbursement,1,Apology,
5/5/09,2009,5,5,2,3-May-09,18-Oct-10,Baroness Uddin,Reimbursement,1,Suspension,
6/1/09,2009,6,1,1,31-May-09,31-Mar-10,Clarke of Hampstead,Registered interests,1,Apology,
7/7/09,2009,7,7,1,6-Jul-09,3-Mar-10,Fraser of Carmyllie,Registered interests,0,Dismissed,
10/12/09,2009,10,12,39,26-Jul-09,18-Oct-10,"Bhatia, Paul",Reimbursement,1,Suspension,
10/26/09,2009,10,26,1,25-Oct-09,8-Dec-10,Goudie,Reimbursement,1,Remedial Action,Apology and payment already made
12/15/09,2009,12,15,1,14-Dec-09,12-Mar-10,Ashcroft,Registered interests,0,Dismissed,
2/22/10,2010,2,22,12,10-Feb-10,7-Jul-10,,Contempt,0,Dismissed,"Trevor Phillips was the accused, but is not a Lord"
3/23/10,2010,3,23,1,22-Mar-10,28-Jul-10,Baroness Morgan of Huyton,,0,Dismissed,
5/18/10,2010,5,18,34,14-Apr-10,20-Jul-10,Earl of Caithness,Use of facilities,0,Remedial Action,Payment already made
1/26/11,2011,1,26,1,25-Jan-11,4-Nov-11,Taylor of Warwick,Convicted of a crime,1,Suspension,Providing false information
6/6/11,2011,6,6,11,26-May-11,4-Nov-11,Hanningfield,Convicted of a crime,1,Suspension,Providing false information
9/14/11,2011,9,14,1,13-Sep-11,13-Jan-12,Avebury,Registered interests,0,Dismissed,
4/18/12,2012,4,18,1,17-Apr-12,27-Nov-12,Blencathra,Pay to play,0,Dismissed,Provided services to the Cayman Islands
5/14/12,2012,5,14,4,10-May-12,27-Nov-12,Elder,Registered interests,1,Remedial Action,Apology
5/17/12,2012,5,17,1,16-May-12,27-Nov-12,Willoughby de Broke,Registered interests,1,Remedial Action,Apology
5/28/12,2012,5,28,1,27-May-12,27-Nov-12,Baronness Warsi,Registered interests,1,Remedial Action,Apology
6/20/12,2012,6,20,1,19-Jun-12,27-Nov-12,Fink,Use of facilities,0,Dismissed,
6/28/12,2012,6,28,2,26-Jun-12,27-Nov-12,Baroness Cumberlege,Conflict of interest,0,Dismissed,Declare conflict of interest during a debate
10/15/12,2012,10,15,1,14-Oct-12,13-Jun-13,"Stirrup, Dannatt",Conflict of interest,0,Dismissed,Military officers could procure contracts
2/13/13,2013,2,13,1,12-Feb-13,23-May-13,Baroness Knight of Collingtree,Registered interests,1,Remedial Action,Apology
5/13/13,2013,5,13,4,9-May-13,10-Jul-13,Clement-Jones,Conflict of interest,0,Dismissed,Declare conflict of interest during a debate
6/3/13,2013,6,3,1,2-Jun-13,16-Dec-13,"Laird, Mackenzie of Framwellgate, Cunningham of Felling, O'Neil of Clackmannan",Pay to play,1,Suspension,Help getting contracts
7/2/13,2013,7,2,1,1-Jul-13,16-Dec-13,Oxburgh,Registered interests,0,Remedial Action,
9/10/13,2013,9,10,4,6-Sep-13,23-Jan-14,Stephen,Registered interests,0,Remedial Action,
10/25/13,2013,10,25,1,24-Oct-13,23-Jan-14,Viscount Ridley,Registered interests,0,Remedial Action,
12/5/13,2013,12,5,1,4-Dec-13,15-Apr-16,Bhatia,Reimbursement,1,Suspension,
12/18/13,2013,12,18,1,17-Dec-13,12-May-14,Hanningfield,Reimbursement,1,Suspension,
3/25/14,2014,3,25,1,24-Mar-14,14-Jul-14,Blencathra,Pay to play,1,Apology,Provided services to the Cayman Islands
9/1/14,2014,9,1,12,20-Aug-14,11-Dec-14,Redesdale,Registered interests,1,Apology,
5/18/15,2015,5,18,36,12-Apr-15,18-Sep-15,Bates,Registered interests,0,Dismissed,