﻿year,month,day,days_after,Year,Seq,ISO,Group,Subgroup,Type,Subtype,Subsubtype,Event name,Entry criteria,Country name,Region,Continent,EU member,Location,Origin,Associated disater,Associated disater 2,OFDA response,Appeal,Declaration,Aid contribution ('000$),Magnitude (value),Magnitude (scale),Latitude,Longitude,Local time,River basin,Start year,Start month,Start day,End year,End month,End day,Total deaths,Num injured,Num affected,Num homeless,Total affected,Reconstruction cost ('000$),Insured losses ('000$),Total damage ('000$),CPI
2000,1,10,14,1999,0571,GBR,Natural,Meteorological,Storm,Extra-tropical storm,,Lothar,Kill,United Kingdom of Great Britain and Northern Ireland (the),Northern Europe,Europe,Yes,,,,,,No,No,,,Kph,,,,,1999,12,25,1999,12,27,8,,200,,200,,,100000,65.15554686
1999,12,6,1,1999,0590,GBR,Natural,Meteorological,Storm,Extra-tropical storm,,Anatol,Kill,United Kingdom of Great Britain and Northern Ireland (the),Northern Europe,Europe,Yes,,,,,,No,No,,,Kph,,,,,1999,12,4,1999,12,5,3,,,,,,,1000,65.15554686
2000,10,30,1,2000,0714,GBR,Natural,Meteorological,Storm,Convective storm,Severe storm,,Affect,United Kingdom of Great Britain and Northern Ireland (the),Northern Europe,Europe,Yes,"Larkhill city (Wiltshire district), Bognor Regis village, Selsey city (West Sussex district) (England province) ; West Yorkshire, South Yorkshire, North Yorkshire, Humberside (Yorkshire), West Sussex, East Sussex (Sussex), Kent, Wiltshire, Hamphshire districts (England province)",,Flood,,,,,,150,Kph,,,,,2000,10,28,2000,10,29,12,4,19500,,19504,,1100000,1500000,67.35575898
2000,10,16,2,2000,0662,GBR,Natural,Hydrological,Flood,Riverine flood,,,Affect,United Kingdom of Great Britain and Northern Ireland (the),Northern Europe,Europe,Yes,"Maidstone, Yalding, Tunbridge Wells, Edenbridge, Datford, Tenterden towns (Kent district, England province), Uckfield, Lewes towns (East Sussex district, England province), West Sussex district (England province), Hampshire district (England province), Devonshire district (England province)",Heavy rains,,,,,,,5300,Km2,,,,,2000,10,11,2000,10,14,,,1000,,1000,,75000,5900000,67.35575898
2000,5,2,5,2000,0248,GBR,Natural,Hydrological,Flood,,,,Affect,United Kingdom of Great Britain and Northern Ireland (the),Northern Europe,Europe,Yes,"Lothian (Edinburgh), Grampian (Aberdeenshire) - Scotland region",,,,,,,,,Km2,,,,,2000,4,27,2000,4,27,,,200,,200,,,,67.35575898
2001,1,15,19,2000,0856,GBR,Natural,Meteorological,Storm,,,,SigDis,United Kingdom of Great Britain and Northern Ireland (the),Northern Europe,Europe,Yes,Northern Ireland province,,,,,,,,,Kph,,,,,2000,12,27,2000,12,27,,,,,,,,,67.35575898
2001,3,1,1,2001,0101,GBR,Technological,Technological,Transport accident,Rail,,,Kill,United Kingdom of Great Britain and Northern Ireland (the),Northern Europe,Europe,Yes,Near Selby (North Yorkshire),,,,,,,,,,,,,,2001,2,28,2001,2,28,13,70,,,70,,,,69.25933995
2001,2,12,3,2001,0131,GBR,Natural,Hydrological,Flood,,,,Affect,United Kingdom of Great Britain and Northern Ireland (the),Northern Europe,Europe,Yes,"Cleveland, East Sussex, Kent districts (England province)",,,,,,,,,Km2,,,,,2001,2,9,2001,2,9,,,150,,150,,,,69.25933995
2001,10,24,1,2001,0645,GBR,Natural,Hydrological,Flood,Flash flood,,,SigDis,United Kingdom of Great Britain and Northern Ireland (the),Northern Europe,Europe,Yes,"Cambridgeshire, Essex and Kent districts (England province)",Brief torrential rain,,,,,,,5680,Km2,,,,"Cam, Colne, Roman, Stour.",2001,10,21,2001,10,23,,,90,,90,,,,69.25933995
2002,9,17,36,2002,0488,GBR,Natural,Hydrological,Flood,Riverine flood,,,Affect,United Kingdom of Great Britain and Northern Ireland (the),Northern Europe,Europe,Yes,"Scarborough, Filey towns (North Yorkshire district, England province)",Heavy rain,,,,,,,60,Km2,,,,,2002,8,10,2002,8,12,,,250,,250,,,,70.35781897
2002,11,26,1,2002,0774,GBR,Natural,Hydrological,Flood,Riverine flood,,,Affect,United Kingdom of Great Britain and Northern Ireland (the),Northern Europe,Europe,Yes,"Elgin, Forres, Rothes, Craigellachie, Dufftown, Aberdeen towns,, Grampian district, Scotland province), Tayside district (Scotland province), Devonshire and Cornwall districts (England province)",Heavy rain,,,,,,,,Km2,,,,"Lossie, Mosset Burn, Divvie, Spey, South Esk, Dee, Isla, Rivers: Exe, Stennac, Middle and Lower River Stour",2002,11,14,2002,11,25,,,300,,300,,,,70.35781897
2002,10,29,1,2002,0671,GBR,Natural,Meteorological,Storm,Extra-tropical storm,,Jeanett,Regional,United Kingdom of Great Britain and Northern Ireland (the),Northern Europe,Europe,Yes,"Norfolkshire, Suffolkshire, Salop districts (England province), Oxford city (Oxfordshire district, England province), Powys district (Wales province)",,,,,,,,155,Kph,,,,,2002,10,26,2002,10,28,7,,,,,,250000,400000,70.35781897
2002,7,17,1,2002,0433,GBR,Technological,Technological,Transport accident,Air,,Helicopter,Kill,United Kingdom of Great Britain and Northern Ireland (the),Northern Europe,Europe,Yes,Au large de Great Yarmouth,,,,,,,,,,,,,,2002,7,16,2002,7,16,11,,,,,,,,70.35781897
2002,1,30,1,2002,0051,GBR,Natural,Meteorological,Storm,,,Jennifer,Waiting,United Kingdom of Great Britain and Northern Ireland (the),Northern Europe,Europe,Yes,"Cheshire, Cleveland, Cumbria, Durham, Greater Manchest, Humberside, Lancashire, Merseyside, North Yorkshire, Northumberland, South Yorkshire, Tyne and Wear, West Yorkshire (Northern England, England province) ; Scotland province",,,,,,,,200,Kph,,,,,2002,1,28,2002,1,29,7,,,,,,,50,70.35781897
2002,7,22,2,2002,0463,GBR,Natural,Hydrological,Flood,,,,Affect,United Kingdom of Great Britain and Northern Ireland (the),Northern Europe,Europe,Yes,"Scotland province
Cumbria, Derbyshire, Hereford and Wor, Leicestershire, Lincolnshire, Northamptonshire, Nottinghamshire, Salop, Staffordshire, Warwickshire, West Midlands, West Yorkshire districts (England province)",,,,,,,,,Km2,,,,,2002,7,20,2002,7,20,1,,200,,200,,,,70.35781897
2004,2,2,3,2004,0032,GBR,Technological,Technological,Miscellaneous accident,Other,,"Maison de retraite ""Rosepark""",Kill,United Kingdom of Great Britain and Northern Ireland (the),Northern Europe,Europe,Yes,Uddingston (Scotland),,,,,No,No,,,,,,,,2004,1,30,2004,1,30,14,3,,,3,,,,73.88141244
2004,9,7,21,2004,0423,GBR,Natural,Hydrological,Flood,Flash flood,,,Affected,United Kingdom of Great Britain and Northern Ireland (the),Northern Europe,Europe,Yes," Kastel Boterel, Tintagel, Camelford villages (Cornwall district, England province)",Torrential rains,,,,,,,,Km2,,,,"Valency, Jordan, Paradise, Camel",2004,8,16,2004,8,17,,8,1000,,1008,,,96000,73.88141244
2004,11,8,2,2004,0552,GBR,Technological,Technological,Transport accident,Rail,,,Waiting,United Kingdom of Great Britain and Northern Ireland (the),Northern Europe,Europe,Yes,Near Ufton Nervet (Reading),,,,,No,No,,,,,,,,2004,11,6,2004,11,6,7,150,,,150,,,,73.88141244
2006,1,9,10,2005,0713,GBR,Natural,Meteorological,Extreme temperature ,Severe winter conditions,,,Kill,United Kingdom of Great Britain and Northern Ireland (the),Northern Europe,Europe,Yes,"Cleveland, Durham, Northumberland, Tyne and Wear, West Midlands districts (England province), Scotland province",,Snow/ice,,,,,,-11,°C,,,,,2005,12,27,2005,12,30,1,,,,,,,,76.38802721
2005,1,10,2,2005,0011,GBR,Natural,Meteorological,Storm,Extra-tropical storm,,Erwin,Affected,United Kingdom of Great Britain and Northern Ireland (the),Northern Europe,Europe,Yes,"Appleby, Longtown, Shap,Carlisle towns (Cumbria district, England province), West Yorkshire district (England province), North Yorkshire district (England province), Haydon Brige town (Northumberland district, England province), Peebles, Jedburgh towns (Borders district, Scotland province), Grampian district (Scotland province), Wales province",,Transport accident,,,,,,140,Kph,,,,,2005,1,7,2005,1,8,3,,3000,,3000,,500000,650000,76.38802721
2005,11,28,1,2005,0655,GBR,Natural,Meteorological,Extreme temperature ,Cold wave,,,Kill,United Kingdom of Great Britain and Northern Ireland (the),Northern Europe,Europe,Yes,"Avon, Bedfordshire, Berkshire, Buckinghamshire, Cambridgeshire, Cornwall, Devonshire, Dorsetshire, East Sussex, Essex, Gloucestershire, Greater London, Hampshire, Hertfordshire, Isle of Wight, Kent, Norfolkshire, Northamptonshire, Oxfordshire, Somersetshire, Suffolk, Surrey, West Sussex, Wiltshire districts (England province)",,,,,,,,,°C,,,,,2005,11,25,2005,11,27,,,,,,,,,76.38802721
2005,1,13,1,2005,0819,GBR,Natural,Meteorological,Storm,,,Gero,SigDam,United Kingdom of Great Britain and Northern Ireland (the),Northern Europe,Europe,Yes,All country selected/affected (no data),,,,,,,,200,Kph,,,,,2005,1,11,2005,1,12,7,,,,,,25000,50000,76.38802721
2007,6,25,4,2007,0201,GBR,Natural,Hydrological,Flood,Riverine flood,,,Affected,United Kingdom of Great Britain and Northern Ireland (the),Northern Europe,Europe,Yes,"Leeds, Wakefield towns (West Yorkshire district, England province), North Yorkshire district (England province), Derbyshire, Hereford and Wor Leicestershire, Lincolnshire, Nottinghamshire, Salop, Staffordshire, Warwickshire, West Midlands districts (England province), Wales province, Northern Ireland province","Heavy rain, thunderstorms",Broken Dam/Burst bank,,,,,,23110,Km2,52.52,-0.76,,"Ouse, Tame, Dearne",2007,6,15,2007,6,21,1,,200,,200,,299000,448000,81.10165893
2007,1,22,4,2007,0019,GBR,Natural,Meteorological,Storm,Extra-tropical storm,,Kyrill,Kill,United Kingdom of Great Britain and Northern Ireland (the),Northern Europe,Europe,Yes,All country affected ,,,,,,,,160,Kph,,,,,2007,1,18,2007,1,18,13,,,,,,670000,1200000,81.10165893
2007,7,25,1,2007,0278,GBR,Natural,Hydrological,Flood,Riverine flood,,,Affected,United Kingdom of Great Britain and Northern Ireland (the),Northern Europe,Europe,Yes,"Gloucestershire, Oxfordshire, Berkshire, Bedfordshire, Herefordshire, Warwickshire, Lincolnshire, Avon, Wiltshire districts (England province), Worcestershire (Hereford and Wor district, England province)",Hevay rains,Rain,,,,,,24650,Km2,52.07,-2.1,,"Severnn, Tamise, Avon",2007,7,20,2007,7,24,7,,340000,,340000,,3000000,4000000,81.10165893
2007,4,30,2,2007,0692,GBR,Natural,Geophysical,Earthquake,Ground movement,,,Affected,United Kingdom of Great Britain and Northern Ireland (the),Northern Europe,Europe,Yes,"Folkestone town (Kent district, England province)",,,,,,,,4.6,Richter,51.085,1.009,,,2007,4,28,2007,4,28,,1,4500,,4501,,30000,60000,81.10165893
2007,7,4,1,2007,0247,GBR,Natural,Hydrological,Flood,Riverine flood,,,Affected,United Kingdom of Great Britain and Northern Ireland (the),Northern Europe,Europe,Yes,"Sheffield, Doncaster, Rotherham, Nottinghamshire, Barnsley, Dinnington, Darfield towns, Treeton, Catcliffe villages (South Yorkshire district, England province), Ryedale town (North Yorkshire district, England province), Wafefield, Leeds, Calderdale towns (West Yorkshire district, England province), Lichfield town (Staffordshire district, England province), Grantham, Horncastle, Louth, Wainfleet, Lincoln towns (Lincolnshire district, England province), Wyre Forest, Pershore, Tenbury Wells (Hereford and Word district, England province), Gloucestershire district (England province), Salop district (England province), Hull, East Riding towns (Humberside district, England province), Omagh district (Northen Ireland province), Norfolk town (Norfolkshire district, England province), Earby town (Lancashire district, England province), Corwen town (Clwyd district, Wales province), Whiston town (Merseyside district, England province)",Heavy rain,,,,,,,27720,Km2,53.88,-0.91,,"Waring, Deame, Don, Sheaf, Rother, Lud, Corve, Teme",2007,6,25,2007,7,3,6,,,30000,30000,,3000000,4000000,81.10165893
2008,10,6,28,2008,0381,GBR,Natural,Hydrological,Flood,Riverine flood,,,Affected,United Kingdom of Great Britain and Northern Ireland (the),Northern Europe,Europe,Yes,"Bridgend city (Mid Glamorgan district), Port Talbot, Swansea cities (West Glamorgan district), Cardiff city (South Glamorga district) (Wales province), Morpeth city (Northumberland district), Ryedale, Hambleton, Richmondshire, Pickering towns (North Yorkshire district), Tenbury Wells town (Salop district) (England province) ; Hereford and Wo district (England province)",Torrential rain,Rain,,,,,,47370,Km2,53.26,-1.8,,,2008,9,6,2008,9,8,8,,3000,,3000,,,50000,84.21522909
2008,3,11,1,2008,0165,GBR,Natural,Meteorological,Storm,Convective storm,Severe storm,Johanna,Waiting,United Kingdom of Great Britain and Northern Ireland (the),Northern Europe,Europe,Yes,All country affected,,Flood,,,,,,130,Kph,,,,,2008,3,10,2008,3,10,,,,,,,,,84.21522909
2008,1,28,2,2008,0055,GBR,Natural,Hydrological,Flood,Riverine flood,,,Affected,United Kingdom of Great Britain and Northern Ireland (the),Northern Europe,Europe,Yes,"West Yorkshire, Lancashire, Merseyside, Lincolnshire, Gloucestershire, Wiltshire, North Yorkshire, Cambridgeshire, Kent districts (England province), Shropshire (Salop district, England province), Worcestershire (Hereford and Wor district, England province)",Heavy rain,,,,,,,55860,Km2,52.92,-1.65,,"Severn, Avon, Leam, Frome, Stour, Ray, Aire, Dearne, Irwell, Rheidol, Calder, Alt, Dove, Ancholme, Ouse, Roch, Mersey",2008,1,15,2008,1,26,,,300,,300,,,,84.21522909
2009,12,7,3,2009,0506,GBR,Natural,Meteorological,Storm,Convective storm,Severe storm,,Affected,United Kingdom of Great Britain and Northern Ireland (the),Northern Europe,Europe,Yes,"Dorsetshire, Hampshire, Isle of Wight, Kent districts (England province)",,Flood,,,,,,160,Kph,,,,,2009,11,13,2009,12,4,2,,180,,180,,,,83.91580741
2009,11,23,1,2009,0497,GBR,Natural,Hydrological,Flood,Riverine flood,,,Affected,United Kingdom of Great Britain and Northern Ireland (the),Northern Europe,Europe,Yes,"Cockermouth, Keswick, Workington, Burneside, Kendal (Cumbria district, England province)",Heavy rains,,,,,,,106600,Km2,54,-1.66,,,2009,11,19,2009,11,22,3,,3900,,3900,,333000,484000,83.91580741
2009,1,5,13,2009,0571,GBR,Natural,Meteorological,Extreme temperature ,Cold wave,,,Kill,United Kingdom of Great Britain and Northern Ireland (the),Northern Europe,Europe,Yes,"Penzance area (Cornwall district, England province), Cumbria, Greater London, Greater Manchest, Kent districts (England province), Strathclyde, Lothian, Grampian districts (Scotland province)",,,,,,,,,°C,,,,,2009,12,19,2009,12,23,3,47,,,47,,,,83.91580741
2009,4,2,1,2009,0131,GBR,Technological,Technological,Transport accident,Air,,Helicopter,Kill,United Kingdom of Great Britain and Northern Ireland (the),Northern Europe,Europe,Yes,Near Coast of Aberdeenshire county (Scotland),,,,,No,No,,,,,,,,2009,4,1,2009,4,1,16,,,,,,,,83.91580741
2010,3,1,1,2010,0088,GBR,Natural,Meteorological,Storm,Extra-tropical storm,,Xynthia,Kill,United Kingdom of Great Britain and Northern Ireland (the),Northern Europe,Europe,Yes,All country selected (no data),,,,,,,,,Kph,,,,,2010,2,28,2010,2,28,,,,,,,34,500,85.2920606
2010,12,2,1,2010,0615,GBR,Natural,Meteorological,Extreme temperature ,Cold wave,,,Kill,United Kingdom of Great Britain and Northern Ireland (the),Northern Europe,Europe,Yes,Highland district (Scotland province),,,,,,,,,°C,,,,,2010,11,28,2010,12,1,,,,,,,,,85.2920606
2012,6,25,1,2012,0549,GBR,Natural,Hydrological,Flood,Flash flood,,,Affected,United Kingdom of Great Britain and Northern Ireland (the),Northern Europe,Europe,Yes,"Bedfordshire, Cambridgeshire, Derbyshire, Essex, Hereford and Wor, Hertfordshire, Leicestershire, Lincolnshire, Norfolkshire, Northamptonshire, Nottinghamshire, Salop, Staffordshire, Suffolk, Warwickshire, West Midlands districts (Central England), Cheshire, Cleveland, Cumbria, Durham, Greater Manchest, Humberside, Lancashire, Merseyside, North Yorkshire, Northumberland, South Yorkshire, Tyne and Wear, West Yorkshire districts (Northern England) (England province) ; Northern Ireland, Scotland provinces",,,,,,,,,Km2,,,,,2012,6,23,2012,6,24,1,,,,,,,785000,89.80529293
2012,10,4,7,2012,0446,GBR,Natural,Hydrological,Flood,Riverine flood,,,Affected,United Kingdom of Great Britain and Northern Ireland (the),Northern Europe,Europe,Yes,"Morpeth, Newburn, Cheshire, Rothbury, Gilling west villages (Northumberland district) (England province) ; North Yorkshire district (England province)","Heavy rains, hurricane Nadine",,,,,,,8507,Km2,54.04,-2.13,,,2012,9,23,2012,9,27,3,,1500,,1500,,,81000,89.80529293
2013,1,8,16,2012,0488,GBR,Natural,Hydrological,Flood,Riverine flood,,,Affected,United Kingdom of Great Britain and Northern Ireland (the),Northern Europe,Europe,Yes,"Devon city, Stoke Canon, Umberleig villages (Devonshire district) ; Cornwall, Avon, Dorsetshire, Somersetshire, Gloucestershire, Wiltshire districts (England province) ; Wales, Scotland provinces",Heavy rains,,,,,,,,Km2,,,,Exe,2012,12,23,2012,12,23,,,585,,585,,,,89.80529293
2012,6,12,1,2012,0548,GBR,Natural,Hydrological,Flood,Riverine flood,,,Affected,United Kingdom of Great Britain and Northern Ireland (the),Northern Europe,Europe,Yes,"Berkshire, Buckinghamshire, East Sussex, Hampshire, Isle of Wight, Kent, Oxfordshire, Surrey, West Sussex districts (South-East England), Derbyshire, Hereford and Wor, Leicestershire, Lincolnshire, Northamptonshire, Nottinghamshire, Salop, Staffordshire, Warwickshire, West Midlands districts (Midlands), Cleveland, Durham, Northumberland, Tyne and Wear districts (Northeast), Devonshire, Cornwall, Avon, Dorsetshire, Somersetshire, Gloucestershire, Wiltshire district (South West England) (England province), Powys district (Mid-Wales) (Wales province)",On emonth worth-of-rainfall,,,,,,,,Km2,,,,,2012,6,10,2012,6,11,,,,,,,,450000,89.80529293
2012,12,19,1,2012,0552,GBR,Natural,Hydrological,Flood,Riverine flood,,,Affected,United Kingdom of Great Britain and Northern Ireland (the),Northern Europe,Europe,Yes,"St Asaph city (Clwyd district, North Wales, Wales province), Roanheads area in Peterhead city (Grampians district), Wick (Highland district) (Scotland province) ; Northamptonshire, Cleveland, Durham, Northumberland, Tyne and Wear districts (Northeast of England) (England province)",Torrential rains,,,,,,,,Km2,53.45,-1.19,,"Thames, Ouse, Derwent, Cree, Ruchill",2012,11,21,2012,12,18,4,,1700,,1700,,813000,1630000,89.80529293
2014,1,7,12,2013,0530,GBR,Natural,Meteorological,Storm,Extra-tropical storm,,Storm Dirk,Affected,United Kingdom of Great Britain and Northern Ireland (the),Northern Europe,Europe,Yes,"East Sussex, West Sussex (Sussex), Kent district (England province) ; Leatherhead, Dorking cities (Surrey district, England province)",,Flood,Rain,,,,,130,Kph,,,,,2013,12,26,2013,12,26,5,,,,,,,,91.12079403
2013,12,9,2,2013,0517,GBR,Natural,Meteorological,Storm,Extra-tropical storm,,Storm Xaver,Affected,United Kingdom of Great Britain and Northern Ireland (the),Northern Europe,Europe,Yes,"Humberside district (England province) ; Rhyl city (Clwyd district, Wales province) ; Clwyd, Gwynedd districts (North Wales, Wales province) ; Boston city (Lincolnshire district), Scarborough, Whitby cities (North Yorkshire district), Lowestoft city (Suffolk district), Great Yarmouth (Norfolkshire district), Dover city (Kent district), East Yorkshire area (Humberside district) (England province)",,Flood,,,,,,,Kph,,,,,2013,12,6,2013,12,7,2,,4200,,4200,,,,91.12079403
2013,10,29,1,2013,0398,GBR,Natural,Meteorological,Storm,Extra-tropical storm,,Storm Christian,Kill,United Kingdom of Great Britain and Northern Ireland (the),Northern Europe,Europe,Yes,All country affected (no data),,,,,,,,,Kph,,,,,2013,10,27,2013,10,28,4,,,,,,,,91.12079403
2013,12,2,3,2013,0587,GBR,Technological,Technological,Transport accident,Air,,Helicopter,Kill,United Kingdom of Great Britain and Northern Ireland (the),Northern Europe,Europe,Yes,Glasgow,,,,,No,No,,,,,,,,2013,11,29,2013,11,29,10,,,,,,,,91.12079403
2014,2,24,9,2014,0067,GBR,Natural,Meteorological,Storm,Extra-tropical storm,,Ulla,Affected,United Kingdom of Great Britain and Northern Ireland (the),Northern Europe,Europe,Yes,All country selected/affected (no data),,Flood,,,,,,130,Kph,,,,Thmes river valley,2014,2,14,2014,2,15,5,,18000,,18000,,,100000,92.59898057