﻿DMA_CODE,DMA_NAME,Gray_Big4,Gray_ABC,Gray_CBS,Gray_NBC,Gray_FOX
662,ABILENE-SWEETWATER,0,0,0,0,0
532,ALBANY-SCHENECTADY-TROY,0,0,0,0,0
525,"ALBANY, GA",1,1,0,1,0
790,ALBUQUERQUE-SANTA FE,0,0,0,0,0
644,"ALEXANDRIA, LA",1,0,1,1,0
583,ALPENA,0,0,0,0,0
634,AMARILLO,1,0,1,0,0
743,ANCHORAGE,1,0,0,1,0
524,ATLANTA,0,0,0,0,0
520,AUGUSTA,1,0,1,1,0
635,AUSTIN,0,0,0,0,0
800,BAKERSFIELD,0,0,0,0,0
512,BALTIMORE,0,0,0,0,0
537,BANGOR,1,0,1,0,0
716,BATON ROUGE,1,0,1,0,0
692,BEAUMONT-PORT ARTHUR,0,0,0,0,0
821,"BEND, OR",0,0,0,0,0
756,BILLINGS,0,0,0,0,0
746,BILOXI-GULFPORT,1,1,1,0,0
502,BINGHAMTON,0,0,0,0,0
630,BIRMINGHAM,1,0,0,0,1
559,BLUEFIELD-BECKLEY-OAK HILL,0,0,0,0,0
757,BOISE,1,0,0,0,1
506,BOSTON,0,0,0,0,0
736,BOWLING GREEN,1,1,0,0,1
514,BUFFALO,0,0,0,0,0
523,BURLINGTON-PLATTSBURGH,1,0,1,0,0
754,BUTTE-BOZEMAN,0,0,0,0,0
767,CASPER-RIVERTON,1,0,0,1,0
637,CEDAR RAPIDS-WATERLOO-DUBUQUE,1,1,0,0,0
648,CHAMPAIGN-SPRINGFIELD-DECATUR,0,0,0,0,0
564,CHARLESTON-HUNTINGTON,1,0,0,1,0
519,"CHARLESTON, SC",1,0,1,0,0
517,CHARLOTTE,1,0,1,0,0
584,CHARLOTTESVILLE,1,0,0,1,0
575,CHATTANOOGA,0,0,0,0,0
759,CHEYENNE-SCOTTSBLUFF,1,0,1,0,0
602,CHICAGO,0,0,0,0,0
868,CHICO-REDDING,0,0,0,0,0
515,CINCINNATI,1,0,0,0,1
598,CLARKSBURG-WESTON,1,0,1,0,1
510,CLEVELAND-AKRON,1,0,1,0,0
752,COLORADO SPRINGS-PUEBLO,1,0,1,0,0
604,COLUMBIA-JEFFERSON CITY,0,0,0,0,0
546,"COLUMBIA, SC",1,0,0,1,0
673,COLUMBUS-TUPELO-WEST POINT,0,0,0,0,0
522,"COLUMBUS, GA",1,1,0,0,0
535,"COLUMBUS, OH",0,0,0,0,0
600,CORPUS CHRISTI,0,0,0,0,0
623,DALLAS-FORT WORTH,0,0,0,0,0
682,DAVENPORT-ROCK ISLAND-MOLINE,1,0,0,1,0
542,DAYTON,0,0,0,0,0
751,DENVER,0,0,0,0,0
679,DES MOINES-AMES,0,0,0,0,0
505,DETROIT,0,0,0,0,0
606,DOTHAN,1,0,1,1,0
676,DULUTH-SUPERIOR,0,0,0,0,0
765,EL PASO,0,0,0,0,0
565,ELMIRA,0,0,0,0,0
516,ERIE,0,0,0,0,0
801,EUGENE,0,0,0,0,0
802,EUREKA,0,0,0,0,0
649,EVANSVILLE,1,0,0,1,0
745,FAIRBANKS,1,0,1,1,0
724,FARGO-VALLEY CITY,1,0,1,1,0
513,FLINT-SAGINAW-BAY CITY,1,1,0,0,0
571,FORT MYERS-NAPLES,0,0,0,0,0
670,FORT SMITH-FAY-SPRNGDL,0,0,0,0,0
509,FORT WAYNE,0,0,0,0,0
866,FRESNO-VISALIA,0,0,0,0,0
592,GAINESVILLE,1,1,0,0,0
798,GLENDIVE,0,0,0,0,0
773,GRAND JUNCTION-MONTROSE,1,1,0,1,0
563,GRAND RAPIDS-KALAMAZOO-BATTLE CREEK,0,0,0,0,0
755,GREAT FALLS,0,0,0,0,0
658,GREEN BAY-APPLETON,1,1,0,0,0
518,GREENSBORO-HIGH POINT-WINSTON SALEM,0,0,0,0,0
545,GREENVILLE-NEW BERN-WASHINGTON,1,0,0,1,0
567,GREENVILLE-SPARTANBURG-ASHEVILLE,0,0,0,0,0
647,GREENWOOD-GREENVILLE,0,0,0,0,0
636,HARLINGEN-WESLACO-BROWNSVILLE,0,0,0,0,0
566,HARRISBURG-LANCASTER-LEBANON-YORK,0,0,0,0,0
569,HARRISONBURG,1,1,1,1,1
533,HARTFORD-NEW HAVEN,0,0,0,0,0
710,HATTIESBURG-LAUREL,1,1,0,1,0
766,HELENA,0,0,0,0,0
744,HONOLULU,1,0,1,1,0
618,HOUSTON,0,0,0,0,0
691,HUNTSVILLE-DECATUR-FLORENCE,1,0,0,1,0
758,IDAHO FALLS-POCATELLO,0,0,0,0,0
527,INDIANAPOLIS,0,0,0,0,0
718,"JACKSON, MS",1,0,0,1,0
639,"JACKSON, TN",0,0,0,0,0
561,JACKSONVILLE,0,0,0,0,0
574,JOHNSTOWN-ALTOONA,0,0,0,0,0
734,JONESBORO,1,1,0,1,0
603,JOPLIN-PITTSBURG,0,0,0,0,0
747,JUNEAU,0,0,0,0,0
616,KANSAS CITY,0,0,0,0,0
557,KNOXVILLE,1,0,1,0,0
702,LA CROSSE-EAU CLAIRE,1,0,0,1,0
582,"LAFAYETTE, IN",0,0,0,0,0
642,"LAFAYETTE, LA",0,0,0,0,0
643,LAKE CHARLES,1,0,0,1,0
551,LANSING,1,0,0,1,0
749,LAREDO,1,1,1,1,0
839,LAS VEGAS,0,0,0,0,0
541,LEXINGTON,1,0,1,0,0
558,LIMA,0,0,0,0,0
722,LINCOLN-HASTINGS-KEARNEY PLUS,1,0,1,1,0
693,LITTLE ROCK-PINE BLUFF,0,0,0,0,0
803,LOS ANGELES,0,0,0,0,0
529,LOUISVILLE,1,0,0,1,0
651,LUBBOCK,1,0,0,1,0
503,MACON,0,0,0,0,0
669,MADISON,1,0,0,1,0
737,MANKATO,1,0,1,1,1
553,MARQUETTE,1,0,0,1,1
813,MEDFORD-KLAMATH FALLS,0,0,0,0,0
640,MEMPHIS,1,0,0,1,0
711,MERIDIAN,1,1,0,0,0
528,MIAMI-FORT LAUDERDALE,0,0,0,0,0
617,MILWAUKEE,0,0,0,0,0
613,MINNEAPOLIS-SAINT PAUL,0,0,0,0,0
687,MINOT-BISMARCK-DICKINSON,1,0,0,1,1
762,MISSOULA,0,0,0,0,0
686,MOBILE-PENSACOLA,0,0,0,0,0
628,MONROE-EL DORADO,1,1,1,0,0
828,MONTEREY-SALINAS,0,0,0,0,0
698,MONTGOMERY,1,0,0,1,0
570,MYRTLE BEACH-FLORENCE,1,0,0,1,0
659,NASHVILLE,0,0,0,0,0
622,NEW ORLEANS,1,0,0,0,1
501,NEW YORK,0,0,0,0,0
544,NORFOLK-PORTSMOUTH-NEWPORT NEWS,0,0,0,0,0
740,NORTH PLATTE,1,0,1,0,1
633,ODESSA-MIDLAND,1,0,1,0,0
650,OKLAHOMA CITY,0,0,0,0,0
652,OMAHA,1,0,0,1,0
534,ORLANDO-DAYTONA BEACH-MELBOURNE,0,0,0,0,0
631,OTTUMWA-KIRKSVILLE,1,0,0,1,1
632,PADUCAH-CAPE GIRARDEAU-HARRISBURG,1,0,1,0,0
656,PANAMA CITY,1,0,1,1,0
597,PARKERSBURG,1,0,1,1,1
675,PEORIA-BLOOMINGTON,0,0,0,0,0
504,PHILADELPHIA,0,0,0,0,0
753,PHOENIX,0,0,0,0,0
508,PITTSBURGH,0,0,0,0,0
500,PORTLAND-AUBURN,0,0,0,0,0
820,"PORTLAND, OR",0,0,0,0,0
552,PRESQUE ISLE,1,0,1,0,1
521,PROVIDENCE-NEW BEDFORD,0,0,0,0,0
717,QUINCY-HANNIBAL-KEOKUK,0,0,0,0,0
560,RALEIGH-DURHAM,0,0,0,0,0
764,RAPID CITY,1,1,0,0,1
811,RENO,1,1,0,0,0
556,RICHMOND-PETERSBURG,1,0,0,1,0
573,ROANOKE-LYNCHBURG,1,0,1,0,0
611,ROCHESTER-MASON CITY-AUSTIN,0,0,0,0,0
538,"ROCHESTER, NY",0,0,0,0,0
610,ROCKFORD,1,0,1,0,0
862,SACRAMENTO-STOCKTON-MODESTO,0,0,0,0,0
638,SAINT JOSEPH,0,0,0,0,0
609,SAINT LOUIS,0,0,0,0,0
576,SALISBURY,0,0,0,0,0
770,SALT LAKE CITY,0,0,0,0,0
661,SAN ANGELO,0,0,0,0,0
641,SAN ANTONIO,0,0,0,0,0
825,SAN DIEGO,0,0,0,0,0
807,SAN FRANCISCO-OAKLAND-SAN JOSE,0,0,0,0,0
855,SANTA BARBARA-SAN MAR-SAN LUIS OBISPO,0,0,0,0,0
507,SAVANNAH,1,0,1,0,0
819,SEATTLE-TACOMA,0,0,0,0,0
657,SHERMAN-ADA,1,0,1,0,1
612,SHREVEPORT,1,0,1,0,0
624,SIOUX CITY,1,1,0,1,0
725,SIOUX FALLS (MITCHELL),0,0,0,0,0
588,SOUTH BEND-ELKHART,1,0,0,1,0
881,SPOKANE,0,0,0,0,0
543,SPRINGFIELD-HOLYOKE,0,0,0,0,0
619,"SPRINGFIELD, MO",1,1,0,1,0
555,SYRACUSE,0,0,0,0,0
530,TALLAHASSEE-THOMASVILLE,1,0,1,0,0
539,TAMPA-ST PETERSBURG-SARASOTA,1,1,0,0,0
581,TERRE HAUTE,0,0,0,0,0
547,TOLEDO,1,1,0,0,0
605,TOPEKA,1,0,1,0,0
540,TRAVERSE CITY-CADILLAC,0,0,0,0,0
531,"TRI-CITIES, TN-VA",0,0,0,0,0
789,TUCSON-SIERRA VISTA,1,0,1,0,0
671,TULSA,0,0,0,0,0
760,TWIN FALLS,1,0,1,0,1
709,TYLER-LONGVIEW (LFKN&NCGD),1,1,0,0,0
526,UTICA,0,0,0,0,0
626,VICTORIA,0,0,0,0,0
625,WACO-TEMPLE-BRYAN,1,0,1,0,0
511,"WASHINGTON, DC-HAGRSTWN",0,0,0,0,0
549,WATERTOWN,1,0,1,0,1
705,WAUSAU-RHINELANDER,1,0,1,0,1
548,WEST PALM BEACH-FT PIERCE,1,0,0,0,1
554,WHEELING-STEUBENVILLE,0,0,0,0,0
627,WICHITA FALLS-LAWTON,1,1,0,0,0
678,WICHITA-HUTCHINSON PLUS,1,0,1,0,0
577,WILKES BARRE-SCRANTON,0,0,0,0,0
550,WILMINGTON,1,0,0,1,0
810,YAKIMA-PASCO-RCHLND-KNNWCK,0,0,0,0,0
536,YOUNGSTOWN,0,0,0,0,0
771,YUMA-EL CENTRO,0,0,0,0,0
596,ZANESVILLE,0,0,0,0,0