﻿DMA_CODE,DMA_NAME,Nexstar_Big4,Nexstar_ABC,Nexstar_NBC,Nexstar_CBS,Nexstar_FOX
662,ABILENE-SWEETWATER,1,0,1,1,0
532,ALBANY-SCHENECTADY-TROY,1,1,0,0,1
525,"ALBANY, GA",0,0,0,0,0
790,ALBUQUERQUE-SANTA FE,1,0,0,1,0
644,"ALEXANDRIA, LA",1,0,0,0,1
583,ALPENA,0,0,0,0,0
634,AMARILLO,1,0,1,0,1
743,ANCHORAGE,0,0,0,0,0
524,ATLANTA,0,0,0,0,0
520,AUGUSTA,1,1,0,0,0
635,AUSTIN,1,0,1,0,0
800,BAKERSFIELD,1,0,1,0,0
512,BALTIMORE,0,0,0,0,0
537,BANGOR,0,0,0,0,0
716,BATON ROUGE,1,0,1,0,1
692,BEAUMONT-PORT ARTHUR,0,0,0,0,0
821,"BEND, OR",0,0,0,0,0
756,BILLINGS,1,1,0,0,1
746,BILOXI-GULFPORT,0,0,0,0,0
502,BINGHAMTON,1,1,0,1,0
630,BIRMINGHAM,0,0,0,0,0
559,BLUEFIELD-BECKLEY-OAK HILL,1,0,0,1,0
757,BOISE,0,0,0,0,0
506,BOSTON,0,0,0,0,0
736,BOWLING GREEN,0,0,0,0,0
514,BUFFALO,1,0,1,0,0
523,BURLINGTON-PLATTSBURGH,1,1,0,0,1
754,BUTTE-BOZEMAN,0,0,0,0,0
767,CASPER-RIVERTON,0,0,0,0,0
637,CEDAR RAPIDS-WATERLOO-DUBUQUE,0,0,0,0,0
648,CHAMPAIGN-SPRINGFIELD-DECATUR,1,0,0,1,0
564,CHARLESTON-HUNTINGTON,1,0,0,1,0
519,"CHARLESTON, SC",1,0,1,0,0
517,CHARLOTTE,0,0,0,0,0
584,CHARLOTTESVILLE,0,0,0,0,0
575,CHATTANOOGA,0,0,0,0,0
759,CHEYENNE-SCOTTSBLUFF,0,0,0,0,0
602,CHICAGO,0,0,0,0,0
868,CHICO-REDDING,0,0,0,0,0
515,CINCINNATI,0,0,0,0,0
598,CLARKSBURG-WESTON,1,0,1,0,0
510,CLEVELAND-AKRON,1,0,0,0,1
752,COLORADO SPRINGS-PUEBLO,1,0,0,0,1
604,COLUMBIA-JEFFERSON CITY,0,0,0,0,0
546,"COLUMBIA, SC",0,0,0,0,0
673,COLUMBUS-TUPELO-WEST POINT,0,0,0,0,0
522,"COLUMBUS, GA",1,0,0,1,0
535,"COLUMBUS, OH",1,0,1,0,0
600,CORPUS CHRISTI,0,0,0,0,0
623,DALLAS-FORT WORTH,0,0,0,0,0
682,DAVENPORT-ROCK ISLAND-MOLINE,1,0,0,1,1
542,DAYTON,1,0,1,0,0
751,DENVER,1,0,0,0,1
679,DES MOINES-AMES,1,0,1,0,0
505,DETROIT,0,0,0,0,0
606,DOTHAN,1,1,0,0,0
676,DULUTH-SUPERIOR,0,0,0,0,0
765,EL PASO,1,0,1,0,0
565,ELMIRA,1,0,1,0,0
516,ERIE,1,1,0,0,1
801,EUGENE,0,0,0,0,0
802,EUREKA,0,0,0,0,0
649,EVANSVILLE,1,1,0,0,0
745,FAIRBANKS,0,0,0,0,0
724,FARGO-VALLEY CITY,0,0,0,0,0
513,FLINT-SAGINAW-BAY CITY,0,0,0,0,0
571,FORT MYERS-NAPLES,0,0,0,0,0
670,FORT SMITH-FAY-SPRNGDL,1,0,1,0,1
509,FORT WAYNE,1,0,0,1,0
866,FRESNO-VISALIA,1,0,1,1,0
592,GAINESVILLE,0,0,0,0,0
798,GLENDIVE,0,0,0,0,0
773,GRAND JUNCTION-MONTROSE,1,0,0,1,1
563,GRAND RAPIDS-KALAMAZOO-BATTLE CREEK,1,1,1,0,0
755,GREAT FALLS,0,0,0,0,0
658,GREEN BAY-APPLETON,1,0,0,1,0
518,GREENSBORO-HIGH POINT-WINSTON SALEM,1,0,0,0,1
545,GREENVILLE-NEW BERN-WASHINGTON,0,0,0,0,0
567,GREENVILLE-SPARTANBURG-ASHEVILLE,1,0,0,1,0
647,GREENWOOD-GREENVILLE,0,0,0,0,0
636,HARLINGEN-WESLACO-BROWNSVILLE,1,0,1,0,0
566,HARRISBURG-LANCASTER-LEBANON-YORK,1,1,0,0,0
569,HARRISONBURG,0,0,0,0,0
533,HARTFORD-NEW HAVEN,1,1,0,0,0
710,HATTIESBURG-LAUREL,1,0,0,1,0
766,HELENA,0,0,0,0,0
744,HONOLULU,0,0,0,0,0
618,HOUSTON,1,0,0,0,1
691,HUNTSVILLE-DECATUR-FLORENCE,1,0,0,1,0
758,IDAHO FALLS-POCATELLO,0,0,0,0,0
527,INDIANAPOLIS,1,0,0,1,1
718,"JACKSON, MS",1,0,0,1,0
639,"JACKSON, TN",1,0,0,0,1
561,JACKSONVILLE,0,0,0,0,0
574,JOHNSTOWN-ALTOONA,1,0,0,1,0
734,JONESBORO,0,0,0,0,0
603,JOPLIN-PITTSBURG,1,1,1,0,0
747,JUNEAU,0,0,0,0,0
616,KANSAS CITY,1,0,0,0,1
557,KNOXVILLE,1,1,0,0,0
702,LA CROSSE-EAU CLAIRE,1,0,0,0,1
582,"LAFAYETTE, IN",0,0,0,0,0
642,"LAFAYETTE, LA",1,0,0,1,0
643,LAKE CHARLES,0,0,0,0,0
551,LANSING,1,1,0,1,0
749,LAREDO,0,0,0,0,0
839,LAS VEGAS,1,0,0,1,0
541,LEXINGTON,0,0,0,0,0
558,LIMA,0,0,0,0,0
722,LINCOLN-HASTINGS-KEARNEY PLUS,0,0,0,0,0
693,LITTLE ROCK-PINE BLUFF,1,0,1,0,1
803,LOS ANGELES,0,0,0,0,0
529,LOUISVILLE,0,0,0,0,0
651,LUBBOCK,1,1,0,1,0
503,MACON,0,0,0,0,0
669,MADISON,0,0,0,0,0
737,MANKATO,0,0,0,0,0
553,MARQUETTE,1,0,0,1,0
813,MEDFORD-KLAMATH FALLS,0,0,0,0,0
640,MEMPHIS,1,0,0,1,0
711,MERIDIAN,0,0,0,0,0
528,MIAMI-FORT LAUDERDALE,0,0,0,0,0
617,MILWAUKEE,1,0,0,0,1
613,MINNEAPOLIS-SAINT PAUL,0,0,0,0,0
687,MINOT-BISMARCK-DICKINSON,1,0,0,1,0
762,MISSOULA,0,0,0,0,0
686,MOBILE-PENSACOLA,1,0,0,1,0
628,MONROE-EL DORADO,1,0,1,0,0
828,MONTEREY-SALINAS,0,0,0,0,0
698,MONTGOMERY,0,0,0,0,0
570,MYRTLE BEACH-FLORENCE,1,0,0,1,0
659,NASHVILLE,1,1,0,0,0
622,NEW ORLEANS,1,1,0,0,0
501,NEW YORK,0,0,0,0,0
544,NORFOLK-PORTSMOUTH-NEWPORT NEWS,1,0,1,0,1
740,NORTH PLATTE,0,0,0,0,0
633,ODESSA-MIDLAND,1,1,0,0,1
650,OKLAHOMA CITY,1,0,1,0,0
652,OMAHA,0,0,0,0,0
534,ORLANDO-DAYTONA BEACH-MELBOURNE,0,0,0,0,0
631,OTTUMWA-KIRKSVILLE,0,0,0,0,0
632,PADUCAH-CAPE GIRARDEAU-HARRISBURG,0,0,0,0,0
656,PANAMA CITY,1,1,0,0,0
597,PARKERSBURG,0,0,0,0,0
675,PEORIA-BLOOMINGTON,1,0,0,1,1
504,PHILADELPHIA,0,0,0,0,0
753,PHOENIX,0,0,0,0,0
508,PITTSBURGH,0,0,0,0,0
500,PORTLAND-AUBURN,0,0,0,0,0
820,"PORTLAND, OR",1,0,0,1,0
552,PRESQUE ISLE,0,0,0,0,0
521,PROVIDENCE-NEW BEDFORD,1,0,0,1,1
717,QUINCY-HANNIBAL-KEOKUK,0,0,0,0,0
560,RALEIGH-DURHAM,1,0,0,1,0
764,RAPID CITY,1,0,0,1,0
811,RENO,0,0,0,0,0
556,RICHMOND-PETERSBURG,1,1,0,0,0
573,ROANOKE-LYNCHBURG,1,0,0,0,1
611,ROCHESTER-MASON CITY-AUSTIN,1,0,0,1,0
538,"ROCHESTER, NY",0,0,0,0,0
610,ROCKFORD,1,1,0,0,1
862,SACRAMENTO-STOCKTON-MODESTO,1,0,0,0,1
638,SAINT JOSEPH,0,0,0,0,0
609,SAINT LOUIS,1,0,0,0,1
576,SALISBURY,0,0,0,0,0
770,SALT LAKE CITY,1,1,0,0,0
661,SAN ANGELO,1,0,1,1,0
641,SAN ANTONIO,0,0,0,0,0
825,SAN DIEGO,1,0,0,0,1
807,SAN FRANCISCO-OAKLAND-SAN JOSE,0,0,0,0,0
855,SANTA BARBARA-SAN MAR-SAN LUIS OBISPO,0,0,0,0,0
507,SAVANNAH,1,0,1,0,0
819,SEATTLE-TACOMA,1,0,0,0,1
657,SHERMAN-ADA,0,0,0,0,0
612,SHREVEPORT,1,0,1,0,1
624,SIOUX CITY,1,1,0,0,0
725,SIOUX FALLS (MITCHELL),1,0,0,1,0
588,SOUTH BEND-ELKHART,0,0,0,0,0
881,SPOKANE,0,0,0,0,0
543,SPRINGFIELD-HOLYOKE,1,0,1,0,0
619,"SPRINGFIELD, MO",1,0,0,1,1
555,SYRACUSE,1,1,0,0,0
530,TALLAHASSEE-THOMASVILLE,0,0,0,0,0
539,TAMPA-ST PETERSBURG-SARASOTA,1,0,1,0,0
581,TERRE HAUTE,1,1,1,0,0
547,TOLEDO,0,0,0,0,0
605,TOPEKA,1,1,1,0,0
540,TRAVERSE CITY-CADILLAC,0,0,0,0,0
531,"TRI-CITIES, TN-VA",1,0,0,1,0
789,TUCSON-SIERRA VISTA,0,0,0,0,0
671,TULSA,0,0,0,0,0
760,TWIN FALLS,0,0,0,0,0
709,TYLER-LONGVIEW (LFKN&NCGD),1,0,1,0,1
526,UTICA,1,1,0,0,1
626,VICTORIA,0,0,0,0,0
625,WACO-TEMPLE-BRYAN,1,0,0,0,1
511,"WASHINGTON, DC-HAGRSTWN",0,0,0,0,0
549,WATERTOWN,1,1,0,0,0
705,WAUSAU-RHINELANDER,0,0,0,0,0
548,WEST PALM BEACH-FT PIERCE,0,0,0,0,0
554,WHEELING-STEUBENVILLE,1,0,0,1,0
627,WICHITA FALLS-LAWTON,1,0,1,0,1
678,WICHITA-HUTCHINSON PLUS,1,0,1,0,0
577,WILKES BARRE-SCRANTON,1,0,1,1,0
550,WILMINGTON,0,0,0,0,0
810,YAKIMA-PASCO-RCHLND-KNNWCK,0,0,0,0,0
536,YOUNGSTOWN,1,1,0,1,0
771,YUMA-EL CENTRO,0,0,0,0,0
596,ZANESVILLE,0,0,0,0,0