﻿DMA_CODE,DMA_NAME,Sinclair,Sinclair_Big4,Sinclair_Station,Sinclair_ABC,Sinclair_NBC,Sinclair_CBS,Sinclair_FOX,Sinclair_CW,Sinclair_MNT
662,ABILENE-SWEETWATER,1,1,"KTXS, KTES-LD",1,0,0,0,1,0
532,ALBANY-SCHENECTADY-TROY,1,1,"WRGB, WCWN",0,0,1,0,1,0
525,"ALBANY, GA",1,1,WFXL,0,0,0,1,0,0
790,ALBUQUERQUE-SANTA FE,0,0,0,0,0,0,0,0,0
644,"ALEXANDRIA, LA",0,0,0,0,0,0,0,0,0
583,ALPENA,0,0,0,0,0,0,0,0,0
634,AMARILLO,1,1,"KVII, KVIH",1,0,0,0,1,0
743,ANCHORAGE,0,0,0,0,0,0,0,0,0
524,ATLANTA,0,0,0,0,0,0,0,0,0
520,AUGUSTA,0,0,0,0,0,0,0,0,0
635,AUSTIN,1,1,KEYE,0,0,1,0,0,0
800,BAKERSFIELD,1,1,"KBAK, KBFX-CD",0,0,1,1,0,0
512,BALTIMORE,1,1,"WBFF, WNUV(c), WUTB(d)",0,0,0,1,1,1
537,BANGOR,0,0,0,0,0,0,0,0,0
716,BATON ROUGE,0,0,0,0,0,0,0,0,0
692,BEAUMONT-PORT ARTHUR,1,1,"KFDM, KBTV(d)",0,0,1,1,1,1
821,"BEND, OR",0,0,0,0,0,0,0,0,0
756,BILLINGS,0,0,0,0,0,0,0,0,0
746,BILOXI-GULFPORT,0,0,0,0,0,0,0,0,0
502,BINGHAMTON,0,0,0,0,0,0,0,0,0
630,BIRMINGHAM,1,1,"WBMA-LD, WDBB(c), WTTO, WABM",1,0,0,0,1,1
559,BLUEFIELD-BECKLEY-OAK HILL,0,0,0,0,0,0,0,0,0
757,BOISE,1,1,"KBOI, KYUU-LD",0,0,1,0,1,0
506,BOSTON,0,0,0,0,0,0,0,0,0
736,BOWLING GREEN,0,0,0,0,0,0,0,0,0
514,BUFFALO,1,1,"WUTV, WNYO",0,0,0,1,0,1
523,BURLINGTON-PLATTSBURGH,0,0,0,0,0,0,0,0,0
754,BUTTE-BOZEMAN,1,1,KTVM,0,1,0,0,0,0
767,CASPER-RIVERTON,0,0,0,0,0,0,0,0,0
637,CEDAR RAPIDS-WATERLOO-DUBUQUE,1,1,"KGAN, KFXA(d)",0,0,1,1,0,0
648,CHAMPAIGN-SPRINGFIELD-DECATUR,1,1,"WICS, WICD, WCCU(d), WRSP(d), WBUI(d)",1,0,0,1,1,0
564,CHARLESTON-HUNTINGTON,1,1,"WCHS, WVAH(d)",1,0,0,1,0,0
519,"CHARLESTON, SC",1,1,WCIV,1,0,0,0,0,1
517,CHARLOTTE,0,0,0,0,0,0,0,0,0
584,CHARLOTTESVILLE,0,0,0,0,0,0,0,0,0
575,CHATTANOOGA,1,1,"WTVC, WFLI(d)",1,0,0,1,1,1
759,CHEYENNE-SCOTTSBLUFF,0,0,0,0,0,0,0,0,0
602,CHICAGO,0,0,0,0,0,0,0,0,0
868,CHICO-REDDING,1,1,"KRCR, KCVU(d), KRVU-LD, KUCO-LP, KKTF-LD",1,0,0,1,0,1
515,CINCINNATI,1,1,"WKRC, WSTR(d)",0,0,1,0,1,1
598,CLARKSBURG-WESTON,0,0,0,0,0,0,0,0,0
510,CLEVELAND-AKRON,0,0,0,0,0,0,0,0,0
752,COLORADO SPRINGS-PUEBLO,0,0,0,0,0,0,0,0,0
604,COLUMBIA-JEFFERSON CITY,1,1,KRCG,0,0,1,0,0,0
546,"COLUMBIA, SC",1,1,WACH,0,0,0,1,0,0
673,COLUMBUS-TUPELO-WEST POINT,0,0,0,0,0,0,0,0,0
522,"COLUMBUS, GA",0,0,0,0,0,0,0,0,0
535,"COLUMBUS, OH",1,1,"WSYX, WTTE(c), WWHO(d)",1,0,0,1,1,1
600,CORPUS CHRISTI,1,1,"KSCC, KTOV-LP, KXPX-LP",0,0,0,1,0,0
623,DALLAS-FORT WORTH,0,0,0,0,0,0,0,0,0
682,DAVENPORT-ROCK ISLAND-MOLINE,0,0,0,0,0,0,0,0,0
542,DAYTON,1,1,"WKEF, WRGT(d)",1,0,0,1,0,1
751,DENVER,0,0,0,0,0,0,0,0,0
679,DES MOINES-AMES,1,1,KDSM,0,0,0,1,0,0
505,DETROIT,0,0,0,0,0,0,0,0,0
606,DOTHAN,0,0,0,0,0,0,0,0,0
676,DULUTH-SUPERIOR,0,0,0,0,0,0,0,0,0
765,EL PASO,1,1,"KDBC, KFOX",0,0,1,1,0,1
565,ELMIRA,0,0,0,0,0,0,0,0,0
516,ERIE,0,0,0,0,0,0,0,0,0
801,EUGENE,1,1,"KVAL, KCBY, KPIC(c), KMTR(d), KMCB(d), KTCW(d)",0,1,1,0,1,0
802,EUREKA,1,1,"KAEF, KBVU(d), KECA-LD, KEUV-LP",1,0,0,1,1,1
649,EVANSVILLE,0,0,0,0,0,0,0,0,0
745,FAIRBANKS,0,0,0,0,0,0,0,0,0
724,FARGO-VALLEY CITY,0,0,0,0,0,0,0,0,0
513,FLINT-SAGINAW-BAY CITY,1,1,"WSMH, WEYI(d), WBSF(d)",0,1,0,1,1,0
571,FORT MYERS-NAPLES,0,0,0,0,0,0,0,0,0
670,FORT SMITH-FAY-SPRNGDL,0,0,0,0,0,0,0,0,0
509,FORT WAYNE,0,0,0,0,0,0,0,0,0
866,FRESNO-VISALIA,1,1,"KMPH, KMPH-CD, KFRE",0,0,0,1,1,0
592,GAINESVILLE,1,1,"WGFL(c), WNBW(c), WYME-CD(c)",0,1,1,0,0,1
798,GLENDIVE,0,0,0,0,0,0,0,0,0
773,GRAND JUNCTION-MONTROSE,0,0,0,0,0,0,0,0,0
563,GRAND RAPIDS-KALAMAZOO-BATTLE CREEK,1,1,WWMT,0,0,1,0,1,0
755,GREAT FALLS,0,0,0,0,0,0,0,0,0
658,GREEN BAY-APPLETON,1,1,"WLUK, WCWF",0,0,0,1,1,0
518,GREENSBORO-HIGH POINT-WINSTON SALEM,1,1,"WXLV, WMYV",1,0,0,0,0,1
545,GREENVILLE-NEW BERN-WASHINGTON,1,1,"WCTI, WYDO(d)",1,0,0,1,0,0
567,GREENVILLE-SPARTANBURG-ASHEVILLE,1,1,"WLOS, WMYA(c)",1,0,0,0,0,1
647,GREENWOOD-GREENVILLE,0,0,0,0,0,0,0,0,0
636,HARLINGEN-WESLACO-BROWNSVILLE,1,1,KGBY,0,0,1,0,0,0
566,HARRISBURG-LANCASTER-LEBANON-YORK,1,1,WHP,0,0,1,0,1,1
569,HARRISONBURG,0,0,0,0,0,0,0,0,0
533,HARTFORD-NEW HAVEN,0,0,0,0,0,0,0,0,0
710,HATTIESBURG-LAUREL,0,0,0,0,0,0,0,0,0
766,HELENA,0,0,0,0,0,0,0,0,0
744,HONOLULU,0,0,0,0,0,0,0,0,0
618,HOUSTON,0,0,0,0,0,0,0,0,0
691,HUNTSVILLE-DECATUR-FLORENCE,0,0,0,0,0,0,0,0,0
758,IDAHO FALLS-POCATELLO,0,0,0,0,0,0,0,0,0
527,INDIANAPOLIS,0,0,0,0,0,0,0,0,0
718,"JACKSON, MS",0,0,0,0,0,0,0,0,0
639,"JACKSON, TN",0,0,0,0,0,0,0,0,0
561,JACKSONVILLE,0,0,0,0,0,0,0,0,0
574,JOHNSTOWN-ALTOONA,1,1,WJAC,0,1,0,0,1,0
734,JONESBORO,0,0,0,0,0,0,0,0,0
603,JOPLIN-PITTSBURG,0,0,0,0,0,0,0,0,0
747,JUNEAU,0,0,0,0,0,0,0,0,0
616,KANSAS CITY,0,0,0,0,0,0,0,0,0
557,KNOXVILLE,0,0,0,0,0,0,0,0,0
702,LA CROSSE-EAU CLAIRE,0,0,0,0,0,0,0,0,0
582,"LAFAYETTE, IN",0,0,0,0,0,0,0,0,0
642,"LAFAYETTE, LA",0,0,0,0,0,0,0,0,0
643,LAKE CHARLES,0,0,0,0,0,0,0,0,0
551,LANSING,0,0,0,0,0,0,0,0,0
749,LAREDO,0,0,0,0,0,0,0,0,0
839,LAS VEGAS,1,1,"KSNV, KVCW",0,1,0,0,1,1
541,LEXINGTON,1,1,WDKY,0,0,0,1,0,0
558,LIMA,0,0,0,0,0,0,0,0,0
722,LINCOLN-HASTINGS-KEARNEY PLUS,1,1,"KHGI, KHGI-CD, KWNB, KWNB-LD, KFXI, KHGI-LD",1,0,0,1,0,0
693,LITTLE ROCK-PINE BLUFF,1,1,KATV,1,0,0,0,0,0
803,LOS ANGELES,0,0,0,0,0,0,0,0,0
529,LOUISVILLE,0,0,0,0,0,0,0,0,0
651,LUBBOCK,0,0,0,0,0,0,0,0,0
503,MACON,1,1,WGXA,1,0,0,1,0,0
669,MADISON,1,1,WMSN,0,0,0,1,0,0
737,MANKATO,0,0,0,0,0,0,0,0,0
553,MARQUETTE,0,0,0,0,0,0,0,0,0
813,MEDFORD-KLAMATH FALLS,1,1,KTVL,0,0,1,0,1,0
640,MEMPHIS,0,0,0,0,0,0,0,0,0
711,MERIDIAN,0,0,0,0,0,0,0,0,0
528,MIAMI-FORT LAUDERDALE,0,0,0,0,0,0,0,0,0
617,MILWAUKEE,1,0,WVTV,0,0,0,0,1,1
613,MINNEAPOLIS-SAINT PAUL,1,0,WUCW,0,0,0,0,1,0
687,MINOT-BISMARCK-DICKINSON,0,0,0,0,0,0,0,0,0
762,MISSOULA,1,1,"KECI, KCFW",0,1,0,0,0,0
686,MOBILE-PENSACOLA,1,1,"WEAR, WPM(d), WFGX, WJTC(d)",1,1,0,0,0,1
628,MONROE-EL DORADO,0,0,0,0,0,0,0,0,0
828,MONTEREY-SALINAS,0,0,0,0,0,0,0,0,0
698,MONTGOMERY,0,0,0,0,0,0,0,0,0
570,MYRTLE BEACH-FLORENCE,1,1,"WPDE, WWMB(c)",1,0,0,0,1,0
659,NASHVILLE,1,1,"WZTV, WNAB(d), WUXP",0,0,0,1,1,1
622,NEW ORLEANS,0,0,0,0,0,0,0,0,0
501,NEW YORK,0,0,0,0,0,0,0,0,0
544,NORFOLK-PORTSMOUTH-NEWPORT NEWS,1,0,WTVZ,0,0,0,0,0,1
740,NORTH PLATTE,0,0,0,0,0,0,0,0,0
633,ODESSA-MIDLAND,0,0,0,0,0,0,0,0,0
650,OKLAHOMA CITY,1,1,"KOKH, KOCB",0,0,0,1,1,0
652,OMAHA,1,1,"KPTM, KXVO(c)",0,0,0,1,1,1
534,ORLANDO-DAYTONA BEACH-MELBOURNE,0,0,0,0,0,0,0,0,0
631,OTTUMWA-KIRKSVILLE,1,1,KTVO,1,0,1,0,0,0
632,PADUCAH-CAPE GIRARDEAU-HARRISBURG,1,1,"KBSI, WDKA",0,0,0,1,0,1
656,PANAMA CITY,0,0,0,0,0,0,0,0,0
597,PARKERSBURG,0,0,0,0,0,0,0,0,0
675,PEORIA-BLOOMINGTON,1,0,WHOI,0,0,0,0,0,0
504,PHILADELPHIA,0,0,0,0,0,0,0,0,0
753,PHOENIX,0,0,0,0,0,0,0,0,0
508,PITTSBURGH,1,1,"WPGH, WPNT",0,0,0,1,0,1
500,PORTLAND-AUBURN,1,1,"WGME, WPFO(d)",0,0,1,1,0,0
820,"PORTLAND, OR",1,1,"KATU, KUNP, KUNP-LD",1,0,0,0,0,0
552,PRESQUE ISLE,0,0,0,0,0,0,0,0,0
521,PROVIDENCE-NEW BEDFORD,1,1,WJAR,0,1,0,0,0,0
717,QUINCY-HANNIBAL-KEOKUK,1,1,KHQA,1,0,1,0,0,0
560,RALEIGH-DURHAM,1,0,"WLFL, WRDC",0,0,0,0,1,1
764,RAPID CITY,0,0,0,0,0,0,0,0,0
811,RENO,1,1,"KRXI, KRNV(d), KNSN(c)",0,1,0,1,0,1
556,RICHMOND-PETERSBURG,1,1,WRLH,0,0,0,1,0,1
573,ROANOKE-LYNCHBURG,1,1,WSET,1,0,0,0,0,0
611,ROCHESTER-MASON CITY-AUSTIN,0,0,0,0,0,0,0,0,0
538,"ROCHESTER, NY",1,1,"WHAM(d), WUHF",1,0,0,1,1,0
610,ROCKFORD,0,0,0,0,0,0,0,0,0
862,SACRAMENTO-STOCKTON-MODESTO,0,0,0,0,0,0,0,0,0
638,SAINT JOSEPH,0,0,0,0,0,0,0,0,0
609,SAINT LOUIS,1,1,KDNL,1,0,0,0,0,0
576,SALISBURY,0,0,0,0,0,0,0,0,0
770,SALT LAKE CITY,1,1,"KUTV, KMYU, KENV(d), KJZZ",0,0,1,0,0,1
661,SAN ANGELO,1,1,KTXE-LD,1,0,0,0,1,0
641,SAN ANTONIO,1,1,"KABB, KMYS(d), WOAI",0,1,0,1,1,0
825,SAN DIEGO,0,0,0,0,0,0,0,0,0
807,SAN FRANCISCO-OAKLAND-SAN JOSE,0,0,0,0,0,0,0,0,0
855,SANTA BARBARA-SAN MAR-SAN LUIS OBISPO,0,0,0,0,0,0,0,0,0
507,SAVANNAH,1,1,WTGS,0,0,0,1,0,0
819,SEATTLE-TACOMA,1,1,"KOMO, KUNS",1,0,0,0,0,0
657,SHERMAN-ADA,0,0,0,0,0,0,0,0,0
612,SHREVEPORT,0,0,0,0,0,0,0,0,0
624,SIOUX CITY,1,1,"KMEG(d), KPTH, KBVK-LP, KPTP-LD",0,0,1,1,0,1
725,SIOUX FALLS (MITCHELL),0,0,0,0,0,0,0,0,0
588,SOUTH BEND-ELKHART,1,1,WSBT,0,0,1,1,0,0
881,SPOKANE,1,1,KLEW,0,0,1,0,0,0
543,SPRINGFIELD-HOLYOKE,0,0,0,0,0,0,0,0,0
619,"SPRINGFIELD, MO",0,0,0,0,0,0,0,0,0
555,SYRACUSE,1,1,"WTVH(d), WSTM, WSTQ-LP",0,1,1,0,1,0
530,TALLAHASSEE-THOMASVILLE,1,1,"WTWC, WTLF(d)",0,1,0,1,1,0
539,TAMPA-ST PETERSBURG-SARASOTA,0,0,0,0,0,0,0,0,0
581,TERRE HAUTE,0,0,0,0,0,0,0,0,0
547,TOLEDO,1,1,WNWO,0,1,0,0,0,0
605,TOPEKA,0,0,0,0,0,0,0,0,0
540,TRAVERSE CITY-CADILLAC,1,1,"WGTU(d), WGTQ(d), WPBN, WTOM",1,1,0,0,0,0
531,"TRI-CITIES, TN-VA",1,1,"WEMT(d), WCYB",0,1,0,1,1,0
789,TUCSON-SIERRA VISTA,0,0,0,0,0,0,0,0,0
671,TULSA,1,1,KTUL,1,0,0,0,0,0
760,TWIN FALLS,0,0,0,0,0,0,0,0,0
709,TYLER-LONGVIEW (LFKN&NCGD),0,0,0,0,0,0,0,0,0
526,UTICA,0,0,0,0,0,0,0,0,0
626,VICTORIA,0,0,0,0,0,0,0,0,0
625,WACO-TEMPLE-BRYAN,0,0,0,0,0,0,0,0,0
511,"WASHINGTON, DC-HAGRSTWN",1,1,WJLA,1,0,0,0,0,0
549,WATERTOWN,0,0,0,0,0,0,0,0,0
705,WAUSAU-RHINELANDER,0,0,0,0,0,0,0,0,0
548,WEST PALM BEACH-FT PIERCE,1,1,"WPEC, WTVX, WTCN-CA, WWHB-CA",0,0,1,0,1,1
554,WHEELING-STEUBENVILLE,1,1,WTOV,0,1,0,1,0,0
627,WICHITA FALLS-LAWTON,0,0,0,0,0,0,0,0,0
678,WICHITA-HUTCHINSON PLUS,1,1,"KSAS, KOCW, KAAS, KAAS-LP, KSAS-LP, KMTW(c)",0,0,0,1,0,1
577,WILKES BARRE-SCRANTON,1,1,"WOLF(c), WSWB(d), WQMY(c)",0,0,0,1,1,1
550,WILMINGTON,0,0,0,0,0,0,0,0,0
810,YAKIMA-PASCO-RCHLND-KNNWCK,1,1,"KIMA, KEPR, KORX, KUNW-CD, KVVK-CD",0,0,1,0,1,0
536,YOUNGSTOWN,0,0,0,0,0,0,0,0,0
771,YUMA-EL CENTRO,0,0,0,0,0,0,0,0,0
596,ZANESVILLE,0,0,0,0,0,0,0,0,0