﻿Complaint_Type,ComplaintCoding
Air Pollution,Air Pollution
Air Pollution Related,Air Pollution
Animals are sick/Animals injured,Animal Related
Bad Patches/ Potholes on the Road (M),Potholes
Bad Patches/ Potholes on the Roads,Potholes
Buildings Related,Buildings
Burst water main lines,Water Main
Change of user Res to Commercial,Zoning
Choke in main drain,Drainage
Cleaning of open SWD,Sewer
Cleaning of Septic Tank,Sewer
Cleaning of Water Entrance,Drainage
Cleaning/ Removal of silt from nullah/ cross culverts etc.,Drainage
Cleaning/ Repair of the P.S.C/ W.C Block/ Channels,Drainage
Collection point not attended properly,Collection Point
Complaints Miscellaneous,Other
Construction of new Toilets,Construction Toilets
"Construction of Pathway, Drainage for Toilets",Construction Toilets
Construction of Pathways/ Small roads,Construction Roads
Construction of Platform for the Dustbins,Construction Dustbin Platform
Corruption water supply related,Contaminated Water Supply
Digging of roads,Digging Roads
Disaster Management Related,Disaster Management
Door/ Window/ staircase etc. found broken,Minor Repairs
drainage Chokes and Blockages,Drainage
Drainage Chokes and Blockages,Drainage
Drainage Related,Drainage
Electricity Related,Electricity
Encroachments Releted,Encroachments
Extension in the premises without permis,Zoning
Factory Air Pollution,Air Pollution
Factory Noise Pollution,Noise Pollution
Factory Related,Factory
Fallen Tree on road,Fallen Tree
Fencing of Garden,Garden
Fire Brigade Related,Fire Brigade
Flooding during Monsoon,Flooding Monsoon
Fogging,Fogging
Found encroachment in the school premise,Zoning
Garbage lorry not reported for service/ Lorry not covered,Garbage Missing
Garbage not lifted from House/ Gully,Garbage House
Garbage not lifted from municipal market,Garbage Market
garbage not lifted from road/ authorised collection point,Garbage Road
Garbage not lifted from road/ authorised collection point,Garbage Road
Garden Related,Garden
Government Land/ Market Related,Government Land
Hawkers,Hawkers
Heavy Leakage From Ceiling,Water Leak
Human Resource Related,Human Resources
Improvement of Common House Galli (C.H.G),CommonHouseGalli
"Lamp,Tubelight etc. to be replaced",Lighting
Leaks in Water Lines,Water Leak
License Related,License Related
Lifting of Tree Cutting,Garbage Trees
Maintenance of Electric Pumps in Municipal Colonies,Water Pump
Maintenance of Municipal Property,Municipal Property
Major Repairs to Muncipal Property,Municipal Property
Material for Gardens,Garden
Minor Repairs to Muncipal Property,Municipal Property
Miscellaneous Municipal Corporation Issues,Other
MOH Related (MOH),MOH Related
Monsoon Shed for Muncipal property,Municipal Property
Mosquito Nuisance,Pest Control
Municipal Corporation Related,Municipal Corporation Related
New construction of Drainage,New Drainage
New Roads,New Roads
No electricity supply,Electricity
Noise Pollution (vehicle),Noise Pollution
Noise Pollution due to Loudspeaker (noise higher than allowed decibels),Noise Pollution
Non availability of public urinals,Toilets
Non-attendance of nuisance Detector,Nuisance Detector
Non-availability of Gardners/ Security persons,Garden Security
"nuisance due to stray dogs, monkeys etc.",Nuisance Animals
"Nuisance due to stray dogs, monkeys etc.",Nuisance Animals
"Nuisance due to vagrants on municipal roads, footpaths, gardens",Nusiance Vagrants
Odour (Foul Smell) from Drains,Odour
Others (Estate),Other
Others (School),Other
Overflow of overhead tank/ suction tank,Water Leak
Overflow of waste material,SWM Related
overflowing drains of manholes,Drainage
Overflowing drains of manholes,Drainage
Parking Related,Parking
Permission for Development/ Maintenance of Garden,Garden Development
permission for Tree Cutting,Tree Cutting
Permission for Tree Cutting,Tree Cutting
Pest Control Related,Pest Control
Pollution due to Chemical Effluents,Pollution
Pollution Related,Pollution
Private Land/ Building/ Society/ Factories,Private Land
Providing and fixing water tank,Providing Water
"Providing damage/ missing gratings, manhole cover over SWD",Providing Manhole Cover
Providing material/ equipments related to SWM,Providing SWM
Providing water by tankers,Providing Water
Providing/ removing/ replacing dustbins,Providing SWM
"Providing/ repairing doors, windows of P.S. blocks",Providing PS Block
Rat Nuisance,Nuisance Animals
Regularisation of Balcony Enclosures,Unauthorized Alteration
Relaying and repairs of roads,Repair Roads
Relaying of Drainage line,Repair Drainage
Relaying of SWD line,Repair SWD
removal of dead animals,Dead Animals
Removal of dead animals,Dead Animals
removal of debris,Debris
Removal of Debris,Debris
Removal of Rank Vegetation on Roads,Debris
Repair and reconstruction of foot bridge,Repair Roads
Repair and reconstruction of footpath,Repair Roads
Repair and reconstruction of garden,Repair Garden
Repair Perm-Tolerated/ Unauthor Structure,Slum Development
Repair to damaged open SWD,Repair SWD
Repair/ Constructions of SWD pipe of closed drain,Repair SWD
Repairs and reconstruction of drain line,Repair Drainage
Repairs and reconstruction of Toilets,Repair Toilets
Repairs of old Building related,Repair Building
Repairs to pipe sewers/ main sewers,Repair Sewer
Replacement of Missing/ Damaged Manhole,Repair Manhole
Resurfacing of Road,Repair Roads
Roads Related,Roads Related
Running without license,License Related
Shop open on weekly holiday,License Related
Shortage of water supply,Water Supply
Silt to be lifted from road,Roads Related
Slab Fallen down,Fallen Slab
Small bridge/ Cylinder Bridge,Small Bridge
Solid Waste Management (SWM) Related,SWM Related
Speed Breakers,Roads Related
Storm Water Drainage Related,Drainage
Street Lighting,Lighting
Sweeping of roads,Sweeping Roads
Toilet not cleaned,Toilets
Toilet/ urinal Related,Toilets
Trade without License,LIcense Related
Traffic Related,Traffic Related
Trimming of Branches,Tree Cutting
Unauthorised addition/ alteration in the premises/ Building/ Open Space/ Market,Unauthorized Alteration
"Unauthorised Alteration of Bldg, Flat etc",Unauthorized Alteration
Unauthorised Banners/ Advt on Road,Unauthorized Banners
Unauthorised Commercial Activity,Unauthorized Commercial
Unauthorised Construction on the Plot/ Reserve plot,Unauthorized Construction
Unauthorised Construction/ Development,Unauthorized Construction
"Unauthorised Factory, Workshop or Garage",Unauthorized Business
Unauthorised Flour Mill,Unauthorized Business
Unauthorised Food Selling/ Preparation (License),License Related
Unauthorised Food Selling/ Preparation (MOH),License Related
Unauthorised Linkage of drain to SWD,Unauthorized Drainage
Unauthorised Materials/ Furniture Found/ kept on Foot path and Road,Unauthorized Materials
Unauthorised shed on building in premise,Unauthorized Alteration
Unauthorised slaughter of animals,Unauthorized Slaughter
Unauthorised Stalls on roads/ Footpaths,Unauthorized Business
Unauthorised Storage of Explosives,Unauthorized Explosives
Unauthorised tapping of water connections,Unauthorized Water
Unauthorised use of water-Change of User,Unauthorized Water
Unauthorised workshop or Garage,Unauthorized Alteration
Unauthorised/ uncovered water storage tanks,Unauthorized Water
Unhygienic conditions of Toilets/ Public urinals,Toilets
Urinating/ toilet call in public places,Public Urination
Use of Booster Pump,Water Pump
Water Supply Related,Water Supply