﻿ComplaintCoding,Category
Air Pollution,Pollution
Animal Related,Pests
Potholes,Roads
Buildings,Infrastructure
Water Main,Water
Zoning,Unauthorized
Drainage,Drainage
Sewer,Water
Collection Point,SWM
Other,Other
Construction Toilets,SWM
Construction Roads,Roads
Construction Dustbin Platform,SWM
Contaminated Water Supply,Water
Digging Roads,Roads
Disaster Management,Other
Minor Repairs,Infrastructure
Electricity,Electricity
Encroachments,Unauthorized
Noise Pollution,Pollution
Factory,Infrastructure
Fallen Tree,SWM
Garden,Environment
Fire Brigade,Services
Flooding Monsoon,Drainage
Fogging,Pests
Garbage Missing,SWM
Garbage House,SWM
Garbage Market,SWM
Garbage Road,SWM
Government Land,Environment
Hawkers,Unauthorized
Water Leak,Water
Human Resources,Services
CommonHouseGalli,Infrastructure
Lighting,Electricity
License Related,Unauthorized
Garbage Trees,SWM
Water Pump,Water
Municipal Property,Infrastructure
MOH Related,Health
Pest Control,Pests
Municipal Corporation Related,Other
New Drainage,Drainage
New Roads,Roads
Toilets,SWM
Nuisance Detector,Services
Garden Security,Services
Nuisance Animals,Pests
Nusiance Vagrants,Unauthorized
Odour,Pests
SWM Related,SWM
Parking,Infrastructure
Garden Development,Infrastructure
Tree Cutting,SWM
Pollution,Pollution
Private Land,Environment
Providing Water,Water
Providing Manhole Cover,Water
Providing SWM,SWM
Providing PS Block,Infrastructure
Unauthorized Alteration,Unauthorized
Repair Roads,Roads
Repair Drainage,Drainage
Repair SWD,Water
Dead Animals,Pests
Debris,SWM
Repair Garden,Infrastructure
Slum Development,Welfare
Repair Toilets,SWM
Repair Building,Infrastructure
Repair Sewer,Water
Repair Manhole,Water
Roads Related,Roads
Water Supply,Water
Fallen Slab,SWM
Small Bridge,Infrastructure
Sweeping Roads,SWM
Traffic Related,Roads
Unauthorized Banners,Unauthorized
Unauthorized Commercial,Unauthorized
Unauthorized Construction,Unauthorized
Unauthorized Business,Unauthorized
Unauthorized Drainage,Unauthorized
Unauthorized Materials,Unauthorized
Unauthorized Slaughter,Unauthorized
Unauthorized Explosives,Unauthorized
Unauthorized Water,Unauthorized
Public Urination,Pollution
Construction Buildings,Infrastructure
Health Infrastructure,Health
Community Development,Welfare
Health Issues,Health
Education Related,Education
Health Related,Health
Infrastructure,Infrastructure
Energy Related,Environment
Schemes,Welfare
Environment Related,Environment
Ceremonial,Other
Revenue,Revenue
Welfare,Welfare