﻿Ward,Constituency
Narela,001-N
Narela,002-N
Narela,003-N
Narela,004-N
Narela,005-N
CivilLines,006-N
CivilLines,007-N
CivilLines,008-N
CivilLines,009-N
CivilLines,010-N
CivilLines,011-N
CivilLines,012-N
CivilLines,013-N
CivilLines,014-N
CivilLines,015-N
CivilLines,016-N
CivilLines,017-N
CivilLines,018-N
CivilLines,019-N
CivilLines,020-N
CivilLines,021-N
CivilLines,022-N
CivilLines,023-N
Rohini,024-N
Rohini,025-N
Rohini,026-N
Rohini,027-N
Rohini,028-N
Narela,029-N
Narela,030-N
Narela,031-N
Narela,032-N
Narela,033-N
Narela,034-N
Narela,035-N
Narela,036-N
Narela,037-N
Narela,038-N
Narela,039-N
Rohini,040-N
Rohini,041-N
Rohini,042-N
Rohini,043-N
Rohini,044-N
Rohini,045-N
Rohini,046-N
Rohini,047-N
Rohini,048-N
Rohini,049-N
Rohini,050-N
Rohini,051-N
Rohini,052-N
Rohini,053-N
Rohini,054-N
Rohini,055-N
Rohini,056-N
Rohini,057-N
Rohini,058-N
Rohini,059-N
Rohini,060-N
Keshavpuram,061-N
Keshavpuram,062-N
Keshavpuram,063-N
Keshavpuram,064-N
Keshavpuram,065-N
Keshavpuram,066-N
Keshavpuram,067-N
Keshavpuram,068-N
Keshavpuram,069-N
Keshavpuram,070-N
Keshavpuram,071-N
Keshavpuram,072-N
Keshavpuram,073-N
Keshavpuram,074-N
Keshavpuram,075-N
Keshavpuram,076-N
Keshavpuram,077-N
Keshavpuram,078-N
Paharganj,079-N
Paharganj,080-N
Paharganj,081-N
Paharganj,082-N
Paharganj,083-N
Paharganj,084-N
Paharganj,085-N
Paharganj,086-N
Paharganj,087-N
Paharganj,088-N
Paharganj,089-N
Paharganj,090-N
Paharganj,091-N
KarolBagh,092-N
KarolBagh,093-N
KarolBagh,094-N
KarolBagh,095-N
KarolBagh,096-N
KarolBagh,097-N
KarolBagh,098-N
KarolBagh,099-N
KarolBagh,100-N
KarolBagh,101-N
KarolBagh,102-N
KarolBagh,103-N
KarolBagh,104-N
West,001-S
West,002-S
West,003-S
West,004-S
West,005-S
West,006-S
West,007-S
West,008-S
West,009-S
West,010-S
West,011-S
West,012-S
West,013-S
West,014-S
West,015-S
West,016-S
West,017-S
West,018-S
West,019-S
West,020-S
West,021-S
West,022-S
West,023-S
West,024-S
West,025-S
West,026-S
West,027-S
West,028-S
West,029-S
Najafgarh,030-S
Najafgarh,031-S
Najafgarh,032-S
Najafgarh,033-S
Najafgarh,034-S
Najafgarh,035-S
Najafgarh,036-S
Najafgarh,037-S
Najafgarh,038-S
Najafgarh,039-S
Najafgarh,040-S
Najafgarh,041-S
Najafgarh,042-S
Najafgarh,043-S
Najafgarh,044-S
Najafgarh,045-S
Najafgarh,046-S
Najafgarh,047-S
Najafgarh,048-S
Najafgarh,049-S
Najafgarh,050-S
Najafgarh,051-S
Najafgarh,052-S
Najafgarh,053-S
Najafgarh,054-S
Central,055-S
Central,056-S
Central,057-S
Central,058-S
Central,059-S
Central,060-S
South,061-S
South,062-S
South,063-S
South,064-S
South,065-S
South,066-S
South,067-S
South,068-S
South,069-S
South,070-S
South,071-S
South,072-S
South,073-S
South,074-S
South,075-S
South,076-S
South,077-S
South,078-S
South,079-S
South,080-S
South,081-S
Central,082-S
Central,083-S
Central,084-S
Central,085-S
South,086-S
South,087-S
South,088-S
Central,089-S
Central,090-S
Central,091-S
Central,092-S
Central,093-S
Central,094-S
Central,095-S
Central,096-S
Central,097-S
Central,098-S
Central,099-S
Central,100-S
Central,101-S
Central,102-S
Central,103-S
Central,104-S
ShahdaraSouth,001-E
ShahdaraSouth,002-E
ShahdaraSouth,003-E
ShahdaraSouth,004-E
ShahdaraSouth,005-E
ShahdaraSouth,006-E
ShahdaraSouth,007-E
ShahdaraSouth,008-E
ShahdaraSouth,009-E
ShahdaraSouth,010-E
ShahdaraSouth,011-E
ShahdaraSouth,012-E
ShahdaraSouth,013-E
ShahdaraSouth,014-E
ShahdaraSouth,015-E
ShahdaraSouth,016-E
ShahdaraSouth,017-E
ShahdaraSouth,018-E
ShahdaraSouth,019-E
ShahdaraSouth,020-E
ShahdaraSouth,021-E
ShahdaraSouth,022-E
ShahdaraSouth,023-E
ShahdaraSouth,024-E
ShahdaraSouth,025-E
ShahdaraSouth,026-E
ShahdaraSouth,027-E
ShahdaraNorth,028-E
ShahdaraSouth,029-E
ShahdaraSouth,030-E
ShahdaraSouth,031-E
ShahdaraNorth,032-E
ShahdaraNorth,033-E
ShahdaraNorth,034-E
ShahdaraNorth,035-E
ShahdaraNorth,036-E
ShahdaraNorth,037-E
ShahdaraNorth,038-E
ShahdaraNorth,039-E
ShahdaraNorth,040-E
ShahdaraNorth,041-E
ShahdaraNorth,042-E
ShahdaraNorth,043-E
ShahdaraNorth,044-E
ShahdaraNorth,045-E
ShahdaraNorth,046-E
ShahdaraNorth,047-E
ShahdaraNorth,048-E
ShahdaraNorth,049-E
ShahdaraNorth,050-E
ShahdaraNorth,051-E
ShahdaraNorth,052-E
ShahdaraNorth,053-E
ShahdaraNorth,054-E
ShahdaraNorth,055-E
ShahdaraNorth,056-E
ShahdaraNorth,057-E
ShahdaraNorth,058-E
ShahdaraNorth,059-E
ShahdaraNorth,060-E
ShahdaraNorth,061-E
ShahdaraNorth,062-E
ShahdaraNorth,063-E
ShahdaraNorth,064-E