﻿AC,AC_Name,Constituency,Ward_Name,Population,SC_Population,WinningVotes,RunnerUp,RunnerUp_Party,RunnerUp_Votes,MOV_Votes,Reservation,ReservedCaste,ReservedWomen
1,NARELA,001-N,NARELA,69649,13114,12107,KAVITA,AAP,7627,4480,Women,0,1
1,NARELA,002-N,BAKHTAWARPUR,55144,10926,10325,AMAR JYOTI,BSP,4924,5401,General,0,0
1,NARELA,003-N,ALIPUR,59837,10867,10861,MEENU,AAP,8663,2198,Women,0,1
1,NARELA,004-N,HOLAMBI KHURD,67610,19734,6903,MAMTA,AAP,6492,411,SC(W),1,1
1,NARELA,005-N,BANKNER,65373,14757,6397,VINOD BHARDWAJ,BJP,5350,1047,General,0,0
2,BURARI,006-N,KADIPUR,63220,11402,13709,SANJAY BALA,AAP,9169,4540,Women,0,1
2,BURARI,007-N,BURARI,61291,7816,11194,ASIT KUMAR,AAP,8332,2862,General,0,0
2,BURARI,008-N,JHARODA,60103,6607,11188,YASHWANT,AAP,7742,3446,Women,0,1
2,BURARI,009-N,KAMALPUR,58522,4967,13114,Nishant Rauthan,AAP,8958,4156,General,0,0
2,BURARI,010-N,SANT NAGAR,60906,7649,10211,Poonam Jha,AAP,8714,1497,Women,0,1
2,BURARI,011-N,MUKUNDPUR,61052,15230,8400,INDER SINGH,BJP,6098,2302,General,0,0
3,TIMARPUR,012-N,TIMARPUR,70476,14286,7460,KALPANA KUMARI,BJP,6968,492,Women,0,1
3,TIMARPUR,013-N,MALKA GANJ,61794,21114,9659,MADAN LAL,BJP,8450,1209,SC,1,0
3,TIMARPUR,014-N,G.T.B. NAGAR,41957,3076,10250,MOHIT KAPOOR,INC,4878,5372,General,0,0
3,TIMARPUR,015-N,MUKHERJEE NAGAR,52487,5568,10942,KIRTI BHADANA,INC,7100,3842,Women,0,1
4,ADARSH NAGAR,016-N,SARAI PIPAL THALA,63711,13323,,,,,,General,0,0
4,ADARSH NAGAR,017-N,ADARSH NAGAR,65010,13158,13427,MEENA VERMA,AAP,7103,6324,Women,0,1
4,ADARSH NAGAR,018-N,DHIRPUR,59496,6672,12199,GURMEET ARORA,AAP,6160,6039,General,0,0
5,BADLI,019-N,SARUP NAGAR,67353,7462,13205,Smt. ANIL KUMARI,AAP,8351,4854,Women,0,1
5,BADLI,020-N,SWAMI SHARDA NAND COLONY,58274,11283,6836,"SURESH KUMAR
SHARMA",AAP,4263,2573,General,0,0
5,BADLI,021-N,JAHANGIR PURI,52112,11385,6038,MAHZABI USMANI,AAP,5159,879,Women,0,1
5,BADLI,022-N,BHALSWA,49360,10329,9386,SATISH KUMAR,AAP,5794,3592,General,0,0
5,BADLI,023-N,SAMAYPUR BADLI,63214,14778,10217,SUMAN YADAV,BJP,7755,2462,Women,0,1
6,RITHALA,024-N,ROHINI-A,66482,4014,11343,ROHIT SHARMA,INC,7200,4143,General,0,0
6,RITHALA,025-N,ROHINI-B,61623,3010,11599,ANU BINDAL,AAP,6739,4860,Women,0,1
6,RITHALA,026-N,VIJAY VIHAR,68107,12902,9573,SURENDER SOLANKI,AAP,8387,1186,General,0,0
6,RITHALA,027-N,BUDH VHAR,65539,5621,9770,BALA JAIN,AAP,9088,682,Women,0,1
6,RITHALA,028-N,RITHALA,56681,7132,7810,"ARUN KUMAR
SHARMA",BJP,7546,264,General,0,0
7,BAWANA,029-N,NANGAL THAKRAN,66360,14573,11370,AARTI,BJP,9310,2060,Women,0,1
7,BAWANA,030-N,BAWANA,59664,8341,8343,"MD
AKHTAR ALI",BSP,5356,2987,General,0,0
7,BAWANA,031-N,POOTH KHURD,62492,11615,11272,KAVITA,INC,7033,4239,Women,0,1
7,BAWANA,032-N,ROHINI-C,65926,20524,10621,RAKESH_1,BJP,7952,2669,General,0,0
7,BAWANA,033-N,BEGUMPUR,65780,10211,10235,KIRAN_1,BJP,6662,3573,Women,0,1
7,BAWANA,034-N,ROHINI-D,62760,15378,10291,AJEET SINGH,INC,6961,3330,General,0,0
8,MUNDKA,035-N,KANJHAWALA,71335,14745,13820,MANISHA,INC,8761,5059,Women,0,1
8,MUNDKA,036-N,RANI KHERA,58881,8565,12069,Krishan Kumar Rathi,AAP,6080,5989,General,0,0
8,MUNDKA,037-N,NANGLOI,57007,19140,5816,HEM LATA,IND,4657,1159,SC(W),1,1
8,MUNDKA,038-N,NILOTHI,54751,6110,5388,ANITA SHOKEEN,INC,4950,438,Women,0,1
8,MUNDKA,039-N,QAMRUDDIN NAGAR,71072,11624,11578,"GAJENDER SINGH
DARAL",BJP,10684,894,General,0,0
9,KIRARI,040-N,MUBARAK PUR DABAS,74226,7866,10390,SARIKA SUMAN,AAP,9916,474,Women,0,1
9,KIRARI,041-N,AMAN VIHAR,71331,15952,9887,RATTAN LAL,BJP,8899,988,General,0,0
9,KIRARI,042-N,KIRARI SULEMAN NAGAR,65334,13166,9287,GEETA DEVI,AAP,8709,578,Women,0,1
9,KIRARI,043-N,PREM NAGAR,63337,10299,9274,"ARUN KUMAR
KUNWAR",BJP,7854,1420,General,0,0
9,KIRARI,044-N,NITHARI,71490,10484,13997,POOJA PANDEY,AAP,7298,6699,Women,0,1
10,SULTANPUR MAJRA,045-N,SULTANPURI-A,53349,25256,9904,NITIN,BJP,5833,4071,SC,1,0
10,SULTANPUR MAJRA,046-N,MANGOLPURI-D,41674,17661,6338,POONAM,INC,4673,1665,SC(W),1,1
10,SULTANPUR MAJRA,047-N,SULTANPURI-B,65250,29653,9020,NAND RAM BAGRI,AAP,7100,1920,SC,1,0
10,SULTANPUR MAJRA,048-N,SULTANPURI-C,55109,22989,9975,KIRTI,BJP,6632,3343,SC(W),1,1
11,NANGLOI JAT,049-N,NANGLOI JAT,71663,24807,9944,"PRITHVI SINGH
RATHORE",INC,7877,2067,SC,1,0
11,NANGLOI JAT,050-N,PEERA GARHI,63625,5787,13119,SUNNY KHERA,AAP,6100,7019,General,0,0
11,NANGLOI JAT,051-N,NIHAL VIHAR,61563,9477,11615,"SHASHI LATA
SHARMA",INC,8670,2945,Women,0,1
11,NANGLOI JAT,052-N,LAKSHMI PARK,64230,13280,11994,BIJENDER,BJP,11182,812,General,0,0
12,MANGOL PURI,053-N,ROHINI-E,62298,6728,13780,NEHA,AAP,8529,5251,Women,0,1
12,MANGOL PURI,054-N,MANGOLPURI-A,54904,23212,10395,NEETA RUKHAD,BJP,9559,836,SC(W),1,1
12,MANGOL PURI,055-N,MANGOLPURI-B,54690,26149,8145,VIJAY KUMAR,BJP,6537,1608,SC,1,0
12,MANGOL PURI,056-N,MANGOLPURI-C,60015,27145,7901,MUNNI DEVI,AAP,6109,1792,SC(W),1,1
13,ROHINI,057-N,ROHINI-F,68470,5751,11723,ABHINAV MISHRA,AAP,6310,5413,General,0,0
13,ROHINI,058-N,ROHINI-G,52884,680,11505,DEEPANSHI BANSAL,AAP,4759,6746,Women,0,1
13,ROHINI,059-N,ROHINI-H,61393,4016,10229,MANISH RAI GOYAL,AAP,6988,3241,General,0,0
13,ROHINI,060-N,ROHINI-I,46294,961,11407,NEERU AGGARWAL,AAP,3908,7499,Women,0,1
14,SHALIMAR BAGH,061-N,HAIDERPUR,58093,9483,9897,Surender Singh,AAP,6655,3242,General,0,0
14,SHALIMAR BAGH,062-N,SHALIMAR BAGH -NORTH,51513,4473,9975,SUNITA MISHRA,AAP,6422,3553,Women,0,1
14,SHALIMAR BAGH,063-N,SHALIMAR BAGH -SOUTH,58922,5258,10349,KAMLESH,AAP,6560,3789,General,0,0
14,SHALIMAR BAGH,064-N,PITAMPURA,45702,1493,11778,SANGEETA GOEL,AAP,6927,4851,Women,0,1
15,SHAKUR BASTI,065-N,SARASWATI VIHAR,62450,3703,15977,DESRAJ AGGARWAL,AAP,8082,7895,General,0,0
15,SHAKUR BASTI,066-N,RANI BAGH,67782,5249,9586,SIMMI GULATI,AAP,7495,2091,Women,0,1
15,SHAKUR BASTI,067-N,PASCHIM VIHAR,67423,7643,12549,SAPNA MARWAHA,AAP,7762,4787,General,0,0
16,TRI NAGAR,068-N,KOHAT ENCLAVE,47435,5724,10675,MEENU MALHOTRA,AAP,5328,5347,Women,0,1
16,TRI NAGAR,069-N,SHAKUR PUR,52676,19919,8299,HEM RAJ,INC,6906,1393,SC,1,0
16,TRI NAGAR,070-N,TRI NAGAR,51588,6755,9466,"SUNDER
LAL BASOYA",BJP,8056,1410,General,0,0
16,TRI NAGAR,071-N,RAM PURA,55399,1131,11714,MADHURI GOYAL,AAP,8352,3362,Women,0,1
17,WAZIRPUR,072-N,WAZIR PUR,57402,13521,10545,SURESH BHARDWAJ,BJP,8424,2121,General,0,0
17,WAZIRPUR,073-N,SAWAN PARK,47131,10500,8881,REEMA SETH,AAP,5197,3684,Women,0,1
17,WAZIRPUR,074-N,NIMRI COLONY,56660,18675,8426,MAMTA DHIKA,BJP,6210,2216,SC(W),1,1
17,WAZIRPUR,075-N,ASHOK VIHAR,47410,2818,10450,HARINDER PAL SINGH,AAP,6094,4356,General,0,0
18,MODEL TOWN,076-N,SANGAM PARK,57086,10440,11278,HARI SHANKAR,BJP,8996,2282,SC,1,0
18,MODEL TOWN,077-N,MODEL TOWN,64845,9299,14105,SWATI SACHDEVA,AAP,7104,7001,Women,0,1
18,MODEL TOWN,078-N,KAMLA NAGAR,59839,17250,9745,"NATTHU RAM
NAGAR",INC,6940,2805,General,0,0
19,SADAR BAZAR,079-N,SHASTRI NAGAR,58477,5363,9334,SNEH BANSAL,BJP,8978,356,Women,0,1
19,SADAR BAZAR,080-N,SADAR BAZAR,51820,7816,8583,MOHD USMAAN,INC,7936,647,General,0,0
19,SADAR BAZAR,081-N,KISHAN GANJ,55799,12191,11136,MANJU ATRI,AAP,9939,1197,Women,0,1
19,SADAR BAZAR,082-N,ANAND PARBAT,50294,14087,9318,DIMPY,AAP,6394,2924,SC(W),1,1
20,CHANDNI CHOWK,083-N,CIVIL LINES,41902,13556,7763,VIKAS,INC,7331,432,SC,1,0
20,CHANDNI CHOWK,084-N,CHANDNI CHOWK,47486,10538,8774,"PUNARDEEP
SINGH SAWHNEY",INC,5245,3529,General,0,0
20,CHANDNI CHOWK,085-N,JAMA MASJID,62214,3811,10419,HAMEEDA,AAP,4384,6035,Women,0,1
21,MATIA MAHAL,086-N,AJMERI GATE,53735,12733,8379,"ABHAY
SINGH YADAV",INC,6427,1952,General,0,0
21,MATIA MAHAL,087-N,BAZAR SITA RAM,57448,2705,8304,Shama Parveen,AAP,8045,259,Women,0,1
21,MATIA MAHAL,088-N,DELHI GATE,60157,6005,10844,Riyazuddin,AAP,3325,7519,General,0,0
22,BALLIMARAN,089-N,QURAISH NAGAR,63994,16197,9409,RUBEENA BEGUM,BJP,6830,2579,Women,0,1
22,BALLIMARAN,090-N,BALLIMARAN,64187,3212,14350,MOHD QAZZAFI,INC,7380,6970,General,0,0
22,BALLIMARAN,091-N,RAM NAGAR,63027,27121,10851,KANTA,BJP,9660,1191,SC(W),1,1
23,KAROL BAGH,092-N,KAROL BAGH,72296,20451,12436,"MAHENDER KUMAR
GAUTAM",AAP,9727,2709,SC,1,0
23,KAROL BAGH,093-N,PAHAR GANJ,62032,15470,11370,ANUJA MARWAH,AAP,7777,3593,Women,0,1
23,KAROL BAGH,094-N,DEV NAGAR,64451,44756,12851,JYOTI RANI,AAP,9608,3243,SC(W),1,1
24,PATEL NAGAR,095-N,EAST PATEL NAGAR,56737,15713,9892,MANOJ KUMAR,AAP,6781,3111,SC,1,0
24,PATEL NAGAR,096-N,RANJIT NAGAR,58071,8925,10736,Jasbir Kaur,AAP,8944,1792,General,0,0
24,PATEL NAGAR,097-N,BALJIT NAGAR,48514,11097,7883,Reema Pihal,AAP,6939,944,Women,0,1
24,PATEL NAGAR,098-N,WEST PATEL NAGAR,59915,12596,8037,ANKUSH NARANG,AAP,6799,1238,General,0,0
25,MOTI NAGAR,099-N,KARAMPURA,73731,8088,11101,MAMTA JOSHI,INC,8525,2576,Women,0,1
25,MOTI NAGAR,100-N,MOTI NAGAR,59963,4333,12448,"KULDEEP SINGH
CHANNA",AAP,8836,3612,General,0,0
25,MOTI NAGAR,101-N,MANSAROVER GARDEN,71545,7791,14087,BINDIA,AAP,6215,7872,Women,0,1
39,RAJINDER NAGAR,102-N,RAJINDER NAGAR,56402,7788,11042,CHARNJIT SINGH,AAP,7609,3433,General,0,0
39,RAJINDER NAGAR,103-N,INDER PURI,65425,20479,12850,JYOTI KUMARI,AAP,7387,5463,Women,0,1
39,RAJINDER NAGAR,104-N,NARAINA,80240,15698,12933,AVDESH KUMAR,INC,7621,5312,General,0,0
26,MADIPUR,001-S,MADIPUR,48748,28018,6422,JAI SHREE,AAP,5720,702,SC(W),1,1
26,MADIPUR,002-S,PUNJABI BAGH,49968,10220,10390,"JAI PRAKASH
PANWAR",INC,7187,3203,SC,1,0
26,MADIPUR,003-S,RAJA GARDEN,54083,10005,9961,ANITA PRABHAKAR,AAP,8876,1085,Women,0,1
26,MADIPUR,004-S,RAGHUBIR NAGAR,67358,16229,8504,SHEELA,INC,6823,1681,SC(W),1,1
27,RAJOURI GARDEN,005-S,RAJOURI GARDEN,53136,2868,9842,MANPREET SINGH,AAP,6605,3237,General,0,0
27,RAJOURI GARDEN,006-S,TAGORE GARDEN,47225,9745,8087,NAMRATA DANG,BJP,7041,1046,Women,0,1
27,RAJOURI GARDEN,007-S,VISHNU GARDEN,50184,1437,8911,SUKHPAL SINGH,AAP,7151,1760,General,0,0
27,RAJOURI GARDEN,008-S,KHYALA,55637,10263,9632,SAVITA YADAV,BJP,9337,295,Women,0,1
28,HARI NAGAR,009-S,SUBHASH NAGAR,62890,5457,12068,GAGAN DEEP SAHNI,BJP,9772,2296,General,0,0
28,HARI NAGAR,010-S,NANGAL RAYA,70725,7023,12659,UMA NAIDU,INC,11123,1536,Women,0,1
28,HARI NAGAR,011-S,PRATAP NAGAR,57335,2034,10716,"INDERJEET SINGH
SEHGAL",AAP,8867,1849,General,0,0
29,TILAK NAGAR,012-S,KESHOPUR,67952,8911,9699,SHILPA KAPOOR,INC,7878,1821,Women,0,1
29,TILAK NAGAR,013-S,TILAK NAGAR,69734,5117,12138,RAVINDER SINGH,BJP,9614,2524,General,0,0
29,TILAK NAGAR,014-S,MAHAVIR NAGAR,60360,3320,9923,MANISHA MAANU,AAP,8409,1514,Women,0,1
30,JANAKPURI,015-S,JANAKPURI WEST,53542,4963,8077,SANJEY PURI,AAP,6730,1347,General,0,0
30,JANAKPURI,016-S,JANAKPURI SOUTH,43598,2291,9139,ARUNA SHARMA,AAP,3777,5362,Women,0,1
30,JANAKPURI,017-S,SITAPURI,64252,7366,14367,SANDEEP JAIN,BJP,12148,2219,General,0,0
30,JANAKPURI,018-S,MILAP NAGAR,59218,2576,13720,MEERA SHUKLA,AAP,8257,5463,Women,0,1
31,VIKASPURI,019-S,RANHOLA,64040,12537,7450,ROHIT SEHRAWAT,BJP,6759,691,General,0,0
31,VIKASPURI,020-S,VIKASPURI,67860,11064,12855,LEENA ASIWAL,AAP,12538,317,Women,0,1
31,VIKASPURI,021-S,HASTSAL,66569,8914,10201,HARISH HARJAI,BJP,9236,965,General,0,0
31,VIKASPURI,022-S,VIKAS NAGAR,61033,6873,12389,NIRMALA KUMARI,AAP,8464,3925,Women,0,1
31,VIKASPURI,023-S,SAINIK ENCLAVE,70102,5743,9354,ASHOK PANDEY,INC,7322,2032,General,0,0
31,VIKASPURI,024-S,BAPRAULA,67309,8929,7682,ASHA SOLANKI,INC,6735,947,Women,0,1
32,UTTAM NAGAR,025-S,MOHAN GARDEN-SOUTH,52758,5251,9644,"SHUSHIL
KUMAR SHARMA",IND,7591,2053,General,0,0
32,UTTAM NAGAR,026-S,MOHAN GARDEN-NORTH,56722,5784,8824,SHAKUNTLA,AAP,8175,649,Women,0,1
32,UTTAM NAGAR,027-S,NAWADA,57565,3186,9537,"BALRAJ
SHARMA",AAP,8050,1487,General,0,0
32,UTTAM NAGAR,028-S,UTTAM NAGAR,51944,4280,13490,SUNITA KHANNA,AAP,9338,4152,Women,0,1
32,UTTAM NAGAR,029-S,BINDAPUR,56553,5653,13269,DESH RAJ RAGHAV,AAP,11222,2047,General,0,0
33,DWARKA,030-S,DABRI,50038,4693,13883,Bindu Singh,AAP,7211,6672,Women,0,1
33,DWARKA,031-S,SAGARPUR-WEST,55788,5206,8701,PUNEET SHARMA,AAP,7193,1508,General,0,0
33,DWARKA,032-S,SAGARPUR-EAST,49911,8012,10785,GEETA RAJPUT,AAP,9060,1725,Women,0,1
33,DWARKA,033-S,MANGLAPURI,56609,8921,8496,"KRISHAN KUMAR
GODARA",BJP,6693,1803,General,0,0
34,MATIALA,034-S,NANGLI SAKRAWATI,61301,7803,9714,PRIYANKA VERMA,BJP,8806,908,Women,0,1
34,MATIALA,035-S,KAKRAULA,64898,10322,9870,Binod Singh,AAP,7656,2214,General,0,0
34,MATIALA,036-S,DWARKA - A,61578,5775,12258,MADHURI VARSHNEY,AAP,8213,4045,Women,0,1
34,MATIALA,037-S,MATIALA,61106,5768,11486,Surender Kumar,BJP,7629,3857,General,0,0
34,MATIALA,038-S,DWARKA-B,62971,2683,14613,Sushma Bansal,AAP,4747,9866,Women,0,1
34,MATIALA,039-S,CHHAWLA,54966,6827,9890,SUMIT SHOKEEN,AAP,8729,1161,General,0,0
34,MATIALA,040-S,GHUMAN HERA,54275,11445,7842,NARESH KUMAR,BJP,7410,432,SC,1,0
35,NAJAFGARH,041-S,GOPAL NAGAR,57262,9169,6013,NARESH KUMARI,INC,5334,679,Women,0,1
35,NAJAFGARH,042-S,DICHAON KALAN,52934,8417,13458,SANDEEP SHOKEEN,BJP,8503,4955,General,0,0
35,NAJAFGARH,043-S,NAJAFGARH,63592,7942,7643,SUDHA SHARMA,BJP,7316,327,Women,0,1
35,NAJAFGARH,044-S,ROSHANPURA,56806,8606,9333,"NARESH
KUMAR SHARMA",AAP,6098,3235,General,0,0
35,NAJAFGARH,045-S,ISAPUR,49055,9398,7392,BABITA,INLD,4532,2860,Women,0,1
36,BIJWASAN,046-S,RAJ NAGAR,52996,7826,9160,POONAM BHARDWAJ,AAP,8947,213,General,0,0
36,BIJWASAN,047-S,DWARKA-C,58714,8270,8407,KAVITA DEVI,AAP,3781,4626,Women,0,1
36,BIJWASAN,048-S,BIJWASAN,57323,7332,7276,JAIVIR SINGH RANA,BJP,4334,2942,General,0,0
36,BIJWASAN,049-S,KAPASHERA,64339,6264,3741,MANJU YADAV,INC,3321,420,Women,0,1
36,BIJWASAN,050-S,MAHIPALPUR,64864,11412,7914,AMRISH,IND,6995,919,General,0,0
37,PALAM,051-S,MADHU VIHAR,69859,6405,18610,Rakhi,AAP,9713,8897,Women,0,1
37,PALAM,052-S,MAHAVIR ENCLAVE,68984,9180,11434,Sudeshwati,INC,10730,704,General,0,0
37,PALAM,053-S,SADH NAGAR,59232,6434,11841,Anju Kumari,AAP,10143,1698,Women,0,1
37,PALAM,054-S,PALAM,52155,5029,9629,Vishnu Sharma,AAP,9113,516,General,0,0
41,JANGPURA,055-S,DARYAGANJ,52574,9960,7559,MEETA BHAMBHRY,BJP,7500,59,Women,0,1
41,JANGPURA,056-S,SIDHARTH NAGAR,53840,12846,9294,VINITA,BJP,7717,1577,SC(W),1,1
41,JANGPURA,057-S,LAJPAT NAGAR,43635,3764,7115,SACHIN SHAH,AAP,4821,2294,General,0,0
42,KASTURBA NAGAR,058-S,KASTURBA NAGAR,58353,4690,8629,AVNEET ARORA,AAP,3929,4700,Women,0,1
42,KASTURBA NAGAR,059-S,ANDREWS GANJ,57685,5964,12340,"RAJEEV KUMAR
RANA",BJP,8426,3914,General,0,0
42,KASTURBA NAGAR,060-S,KOTLA MUBARAKPUR,55913,12254,10615,BRIJ PAL,INC,6920,3695,SC,1,0
43,MALVIYA NAGAR,061-S,SAFDARJUNG ENCLAVE,49705,4068,11832,SARITA,AAP,6348,5484,Women,0,1
43,MALVIYA NAGAR,062-S,HAUZ KHAS,54751,6257,8709,"JAGAT BHUSHAN
SAINI",AAP,5367,3342,General,0,0
43,MALVIYA NAGAR,063-S,MALVIYA NAGAR,53233,3217,8885,MONIKA TALWAR,AAP,5612,3273,Women,0,1
44,R K PURAM,064-S,VASANT NAGAR,56581,9563,9674,ANIL MALIK,INC,5779,3895,General,0,0
44,R K PURAM,065-S,R.K. PURAM,54471,10592,8220,ARTI BAGDI,AAP,5598,2622,Women,0,1
44,R K PURAM,066-S,MUNIRKA,63798,8805,11390,Yogita Rathee,INC,7164,4226,General,0,0
45,MEHRAULI,067-S,MEHRAULI,66037,16189,8848,RAJLAXMI,INC,8633,215,SC(W),1,1
45,MEHRAULI,068-S,LADO SARAI,66431,7901,9910,"REKHA MAHENDER
CHAUDHARY",IND,9647,263,Women,0,1
45,MEHRAULI,069-S,VASANT KUNJ,67723,6043,8732,RANJEET,INC,5604,3128,General,0,0
46,CHHATARPUR,070-S,CHHATARPUR,68716,8644,8415,PINKY TYAGI,AAP,8413,2,Women,0,1
46,CHHATARPUR,071-S,RAJPUR KHURD,64992,8391,6541,SURENDER BALHARA,AAP,6090,451,General,0,0
46,CHHATARPUR,072-S,BHATI,61492,11887,12001,KIRAN,AAP,7946,4055,Women,0,1
46,CHHATARPUR,073-S,AYA NAGAR,57911,6916,7838,"JAGDISH SINGH
LOHIA",BJP,6671,1167,General,0,0
47,DEOLI,074-S,DAKSHIN PURI EXTENSION,64027,22344,12477,VIVEK KALOSIA,BJP,8626,3851,SC,1,0
47,DEOLI,075-S,TIGRI,66915,25838,14182,MEERA,BJP,5458,8724,SC(W),1,1
47,DEOLI,076-S,DEOLI,55217,9146,10684,RENU,AAP,7946,2738,Women,0,1
47,DEOLI,077-S,SANGAM VIHAR-A,49884,8633,5007,CHANDAN KUMAR,BJP,4488,519,General,0,0
47,DEOLI,078-S,SANGAM VIHAR-B,52530,7900,5850,FARIDA KHAN,AAP,3903,1947,Women,0,1
48,AMBEDKAR NAGAR,079-S,MADANGIR,66192,25498,9057,SUBHASH NAGAR,BJP,7059,1998,SC,1,0
48,AMBEDKAR NAGAR,080-S,PUSHP VIHAR,69012,27393,10170,TRIVENI,AAP,8270,1900,SC(W),1,1
48,AMBEDKAR NAGAR,081-S,KHANPUR,64453,9414,11585,SANJAY KUMAR,AAP,5503,6082,General,0,0
49,SANGAM VIHAR,082-S,TUGHLAKABAD EXTENSION,47681,3338,6733,NEELAM AGRAWAL,AAP,4364,2369,Women,0,1
49,SANGAM VIHAR,083-S,SANGAM VIHAR-C,55464,5879,11431,SANTOSH KUMAR JHA,BJP,4963,6468,General,0,0
49,SANGAM VIHAR,084-S,SANGAM VIHAR-D,53377,5855,8299,SWETA DEVI,BJP,5620,2679,Women,0,1
49,SANGAM VIHAR,085-S,SANGAM VIHAR-E,61189,7738,8584,PANKAJ GUPTA,AAP,7772,812,General,0,0
50,GREATER KAILASH,086-S,GREATER KAILASH,59633,3663,12979,SNEH PANWAR,AAP,4816,8163,Women,0,1
50,GREATER KAILASH,087-S,CHITARANJAN PARK,63474,3204,11495,VIRENDER KASANA,INC,9172,2323,General,0,0
50,GREATER KAILASH,088-S,CHIRAG DELHI,62446,8212,9755,PRATIBHA CHAUHAN,BJP,9682,73,Women,0,1
51,KALKAJI,089-S,SRI NIWAS PURI,68044,8172,12816,INDU,INC,7390,5426,General,0,0
51,KALKAJI,090-S,KALKAJI,59816,3825,12252,"NARINDER
KAUR CAPTAIN",INC,10470,1782,Women,0,1
51,KALKAJI,091-S,GOVIND PURI,62906,9795,12886,RAVINDER KUMAR,BJP,7951,4935,General,0,0
52,TUGHLAKABAD,092-S,HARKESH NAGAR,65868,16071,9406,UTTIL RAM,AAP,8743,663,SC,1,0
52,TUGHLAKABAD,093-S,TEKHAND,63172,8944,9749,SUGANDHA,INC,6256,3493,Women,0,1
52,TUGHLAKABAD,094-S,PUL PEHLADPUR,69788,17853,13607,KUNDAN,AAP,5938,7669,SC(W),1,1
53,BADARPUR,095-S,BADARPUR,69273,20577,10552,RAJU NIRMAL,BJP,6585,3967,SC,1,0
53,BADARPUR,096-S,MOLARBAND,68088,8465,11197,YOGENDRA KR. VATS,AAP,6406,4791,General,0,0
53,BADARPUR,097-S,HARI NAGAR,69966,5780,11085,INDU,INC,5359,5726,Women,0,1
53,BADARPUR,098-S,JAITPUR,59330,4432,10461,SHRICHAND VOHRA,AAP,4535,5926,General,0,0
53,BADARPUR,099-S,OM VIHAR,69837,6727,9639,SUMAN BHATI,AAP,4971,4668,Women,0,1
54,OKHLA,100-S,ZAKIR NAGAR,64322,3132,10760,Mehmood Ahmad,AAP,9690,1070,General,0,0
54,OKHLA,101-S,JASOLA VIHAR,64880,2817,12665,Juhi Khan,AAP,8518,4147,Women,0,1
54,OKHLA,102-S,ABUL FAZAL ENCLAVE,61361,1151,10374,Parvez alam Khan,INC,6127,4247,General,0,0
54,OKHLA,103-S,MADANPUR KHADAR,55119,16500,8322,Kavita,AAP,6398,1924,SC(W),1,1
54,OKHLA,104-S,SARITA VIHAR,72998,7610,10883,Sudesh,INC,4410,6473,Women,0,1
55,TRILOKPURI,001-E,MAYUR VIHAR PHASE-I,61348,17546,12216,ANITA,AAP,8362,3854,SC(W),1,1
55,TRILOKPURI,002-E,TRILOKPURI-EAST,59678,33296,9499,RAJESH KUMAR,BJP,6450,3049,SC,1,0
55,TRILOKPURI,003-E,TRILOKPURI-WEST,64346,22075,11022,PUSHPA,AAP,6093,4929,SC(W),1,1
55,TRILOKPURI,004-E,NEW ASHOK NAGAR,56168,3689,10649,NIKI SINGH,IND,5223,5426,Women,0,1
56,KONDLI,005-E,KONDLI,62399,17502,10023,ANAND KUMAR,INC,7916,2107,General,0,0
56,KONDLI,006-E,GHAROLI,53891,12145,9787,KUSUM,INC,8278,1509,Women,0,1
56,KONDLI,007-E,DALLUPURA,58056,4403,8737,PRIYANKA GAUTAM,BSP,5870,2867,General,0,0
56,KONDLI,008-E,KALYAN PURI,59370,28644,8260,MANOJ KUMAR,BJP,7386,874,SC,1,0
57,PATPARGANJ,009-E,MANDAWALI,49753,6804,12171,Aruna Devi,AAP,7058,5113,Women,0,1
57,PATPARGANJ,010-E,VINOD NAGAR,58456,5840,9235,RAHUL SINGH,NCP,9084,151,General,0,0
57,PATPARGANJ,011-E,MAYUR VIHAR PHASE-II,54346,10568,11782,Gurpreet Kaur,AAP,7627,4155,Women,0,1
57,PATPARGANJ,012-E,PATPAR GANJ,58762,7093,11312,"VINOD KUMAR
GOYAL",AAP,6722,4590,General,0,0
58,LAXMI NAGAR,013-E,KISHAN KUNJ,54136,2922,8322,"SHAHANA
MASOOD ABBASI",INC,6502,1820,Women,0,1
58,LAXMI NAGAR,014-E,LAKSHMI NAGAR,60900,3899,11292,RAJESH PANDEY,INC,4404,6888,General,0,0
58,LAXMI NAGAR,015-E,SHAKARPUR,64217,5872,13353,INDU GOSAIN,AAP,6974,6379,Women,0,1
58,LAXMI NAGAR,016-E,PANDAV NAGAR,62169,5955,13401,SHARANJEET SHARMA,INC,7755,5646,General,0,0
59,VISHWAS NAGAR,017-E,VISHWAS NAGAR,53057,15149,11565,VERSHA,INC,8332,3233,SC(W),1,1
59,VISHWAS NAGAR,018-E,ANAND VIHAR,53415,5650,12963,MAYURA JAIN,INC,6401,6562,Women,0,1
59,VISHWAS NAGAR,019-E,I.P. EXTENSION,60524,4055,10124,DHARAMVEER SINGH,IND,7378,2746,General,0,0
59,VISHWAS NAGAR,020-E,PREET VIHAR,55192,3593,10776,AMARJEET KAUR,INC,7781,2995,Women,0,1
60,KRISHNA NAGAR,021-E,KRISHNA NAGAR,60732,3675,15889,"NAVEEN
KUMAR GUPTA",AAP,6567,9322,General,0,0
60,KRISHNA NAGAR,022-E,ANARKALI,64628,6423,13233,Namita,AAP,9051,4182,Women,0,1
60,KRISHNA NAGAR,023-E,GHONDLI,64117,5305,8639,Shahnawaz,AAP,8302,337,General,0,0
60,KRISHNA NAGAR,024-E,GEETA COLONY,64722,4867,10399,Pooja Chhabra,AAP,7530,2869,Women,0,1
61,GANDHI NAGAR,025-E,GANDHI NAGAR,65050,5774,12701,"SURENDER PRAKASH
SHARMA",INC,10804,1897,General,0,0
61,GANDHI NAGAR,026-E,KANTI NAGAR,62354,7248,15491,VARYAM KAUR,INC,6376,9115,Women,0,1
61,GANDHI NAGAR,027-E,RAGHUBARPURA,69852,7819,15383,RAJESH SHARMA,INC,8935,6448,General,0,0
62,SHAHDARA,028-E,DILSHAD COLONY,55045,7526,9074,HEENU MAHAJAN,AAP,7787,1287,Women,0,1
62,SHAHDARA,029-E,VIVEK VIHAR,48420,8058,11397,PREETI,INC,7626,3771,General,0,0
62,SHAHDARA,030-E,JHILMIL,54027,10354,12238,ALKA AHUJA,BJP,7786,4452,Women,0,1
62,SHAHDARA,031-E,SHAHDARA,58357,13239,11756,SANDEEP GOSWAMI,INC,5664,6092,General,0,0
63,SEEMA PURI,032-E,NAND NAGRI,64717,33486,10950,BHARAT LAL,BJP,9650,1300,SC,1,0
63,SEEMA PURI,033-E,SUNDER NAGRI,58346,17180,13530,RANI,BJP,8595,4935,SC(W),1,1
63,SEEMA PURI,034-E,NEW SEEMAPURI,54572,10622,9380,GEETA KUMARI,INC,7774,1606,Women,0,1
63,SEEMA PURI,035-E,DILSHAD GARDEN,57715,10956,11101,AJIT SINGH,INC,7894,3207,General,0,0
64,ROHTAS NAGAR,036-E,ASHOK NAGAR,59850,13216,12618,RAJLESH,AAP,6890,5728,Women,0,1
64,ROHTAS NAGAR,037-E,RAM NAGAR,59837,13370,11676,PARMANAND SHARMA,INC,7082,4594,General,0,0
64,ROHTAS NAGAR,038-E,ROHTASH NAGAR,58354,12347,14220,KAVITA TAYAL,AAP,7206,7014,Women,0,1
64,ROHTAS NAGAR,039-E,WELCOME COLONY,62940,9985,11640,SUDESH CHOUDHARY,SP,5200,6440,General,0,0
65,SEELAMPUR,040-E,MAUJPUR,59055,3408,,,,,,Women,0,1
65,SEELAMPUR,041-E,CHAUHAN BANGER,53523,115,8830,MOHD. JAVED BARQUI,INC,6488,2342,General,0,0
65,SEELAMPUR,042-E,SEELAMPUR,63220,8131,10159,SIMA (SEEMA),BJP,7759,2400,Women,0,1
65,SEELAMPUR,043-E,GAUTAM PURI,59928,7349,10164,ANIL JAIN,AAP,7382,2782,General,0,0
66,GHONDA,044-E,BHAJAN PURA,57248,9295,11596,REKHA RANI,INC,11538,58,Women,0,1
66,GHONDA,045-E,YAMUNA VIHAR,59939,4229,14499,MAHENDER SINGH,INC,6813,7686,General,0,0
66,GHONDA,046-E,GHONDA,59300,10485,11652,VIDYA WATI,INC,9091,2561,Women,0,1
66,GHONDA,047-E,BRAHAM PURI,66892,7434,14920,GAURAV SHARMA,INC,11674,3246,General,0,0
67,BABARPUR,048-E,SUBHASH MOHALLA,66483,2424,11015,MITHLESH PANDAY,BJP,10702,313,Women,0,1
67,BABARPUR,049-E,KARDAM PURI,64940,4778,10596,"MUKESH
KUMAR BANSAL",BJP,10046,550,General,0,0
67,BABARPUR,050-E,BABARPUR,53525,2547,12347,REKHA VASISHT,INC,9063,3284,Women,0,1
67,BABARPUR,051-E,JANTA COLONY,55365,4500,7677,PREM BABU SAXENA,AAP,6779,898,General,0,0
68,GOKALPUR,052-E,JOHARIPUR,71060,21390,11183,MANI PARKASH,BSP,6338,4845,SC,1,0
68,GOKALPUR,053-E,GOKAL PURI,73943,33590,11647,SOMWATI CHAUDHARY,AAP,9666,1981,SC(W),1,1
68,GOKALPUR,054-E,SABOLI,70104,22057,12574,ATAR SINGH,BSP,5741,6833,SC,1,0
68,GOKALPUR,055-E,HARSH VIHAR,78698,31746,13181,SUDESH,INC,8867,4314,SC(W),1,1
69,MUSTAFABAD,056-E,SHIV VIHAR,76661,16523,14482,SAROJ BAGHEL,INC,7295,7187,Women,0,1
69,MUSTAFABAD,057-E,KARAWAL NAGAR-EAST,71811,11820,11852,B C VASHISHT,INC,6477,5375,General,0,0
69,MUSTAFABAD,058-E,MUSTAFABAD,79384,3485,14451,SHAKILA BEGUM,AAP,10332,4119,Women,0,1
69,MUSTAFABAD,059-E,NEHRU VIHAR,83645,4321,13447,ARUN SINGH BHATI,BJP,12821,626,General,0,0
70,KARAWAL NAGAR,060-E,SONIA VIHAR,66979,5697,14263,MADHVI SHAMRA,AAP,11616,2647,Women,0,1
70,KARAWAL NAGAR,061-E,KARAWAL NAGAR-WEST,69926,8413,14105,RAM SEWAK UPADHYAY,AAP,7465,6640,General,0,0
70,KARAWAL NAGAR,062-E,SADATPUR,47790,4305,12110,TRIPTA CHOUDHARY,INC,4887,7223,Women,0,1
70,KARAWAL NAGAR,063-E,KHAJOORI KHAS,63784,3919,10962,RAJ KUMAR JHA,BJP,8797,2165,General,0,0
70,KARAWAL NAGAR,064-E,SRI RAM COLONY,72825,4887,12257,SHAMSHIDA,INC,9202,3055,Women,0,1