Level3,ComplaintCoding
Air_Pollution_Related,Air Pollution
Animal_Husbandry_Related__Animal_Husbandry_Related__Animal_Husbandry,Animal Related
Bad_Patches__Potholes_on_the_Roads,Potholes
Bio_Diesel__Gas,Energy Related
Borewell__Well,Water Supply
Building,Buildings
Buildings_Related,Buildings
Cattle__Cow__Buffalo__related__Cattle__cow__buffalo___Animal_Husbandry,Animal Related
CCTV__CCTV_related_equipment,Infrastructure
Cemeteries__Crematorium_related,Health Infrastructure
Cleaning__Removal_of_silt_from_nullah__cross_culverts_etc.,Drainage
Cleaning__Repair_of_the_P.S.C__W.C_Block__Channels,Drainage
Cleaning_of_open_SWD,Sewer
Cleaning_of_Water_Entrance__Storm_Water_Drainage__Civic,Drainage
Collection_point_not_attended_properly,Collection Point
Commencement_Certificate,Zoning
Communication_industry__Private_Industries__Industries,Other
Community Development related,Community Development
Community_Development_related,Community Development
Community_Temple,Community Development
Compensation__rehabilitation,Revenue
Construction__Improvement_of_Community_Centre,Construction Buildings
Construction__Reconstruction__Beautification_of_Pathway_Small_Roads,Construction Roads
Construction_and_maintaining_gymnasium,Construction Buildings
Construction_of_Community_Hall,Construction Buildings
Construction_of_new_Toilets,Construction Toilets
Construction_of_Platform_for_the_Dustbins,Construction Dustbin Platform
Contaminated_Water_Supply,Contaminated Water Supply
Delhi_Development_Authority__D._D._A.__Related,Community Development
Delhi_Jal_Board_Related,Welfare
Dengue,Pest Control
Digging_of_roads,Digging Roads
Dispensaries_Infrastructure,Health Infrastructure
Drainage__Schemes__Policies_in_Civic_Issues__Civic,Drainage
Drainage_Chokes_and_Blockages,Drainage
Drainage_Related,Drainage
Drugs,Health Issues
Dumping_Ground_Related,SWM Related
Education_related,Education Related
Education_related__Education_Related__Education,Education Related
Education_related_in_Municipal_School,Education Related
Electricity_Related__Electricity__Energy,Electricity
Electricity_Related__Miscellaneous_issues_in_Civic,Electricity
Electricity_Related__Miscellaneous_issues_in_Civic__Civic,Electricity
Electrification,Electricity
Environment_Related__Environment_Related__Other_issuesRelated,Environment Related
Epidemic__Sensitive__Statistics_Diseases_Related,Health Issues
Equipment_Related__Roads,Roads Related
Equipment_Related__Solid_Waste_Management__SWM_,SWM Related
Equipment_Related__Solid_Waste_Management__SWM___Civic,SWM Related
Equipment_Related__Storm_Water_Drainage__Civic,Drainage
Equipment_Related__Toilet__Civic,Toilets
Equipment_related__Water_Supply__Civic,Water Supply
Equipments_Related__Buildings__Civic,Buildings
Equipments_Related__Drainage__Civic,Drainage
Fees__Donation_Related,Revenue
Fencing_of_Garden,Garden
Fire_Brigade_related__Municipal_Corporation__Council_Related__Civic,Fire Brigade
Flooding_during_Monsoon,Flooding Monsoon
Fogging,Fogging
Garbage_lorry_not_reported_for_service__Lorry_not_covered,Garbage Missing
Garbage_not_lifted_from_House__Gully,Garbage House
Garbage_not_lifted_from_municipal_market,Garbage Market
Garbage_not_lifted_from_road__authorised_collection_point,Garbage Road
Garden__Schemes__Policies_in_Civic_Issues__Civic,Garden
Garden_Related,Garden
Government_Land__Market_Related,Government Land
Hawkers_at_unauthorized_place,Hawkers
Health_infrastructure_Related,Health Infrastructure
Health_related,Health Related
Health_Service_Related,Health Related
Health_Services,Health Related
Human_Resource_Related,Human Resources
Human_Resources_Related,Human Resources
Human_Resources_Related__Human_Resources__Education__Education,Human Resources
Human_Resources_Related__Human_Resources__Health,Human Resources
Human_Resources_Related__Human_Resources__Health__Health,Human Resources
Human_Resources_Related__Human_Resources__Revenue__Revenue,Human Resources
Human_Resources_Related__Miscellaneous_issues_in_Civic__Civic,Human Resources
Improvement_of_Common_House_Galli__C.H.G_,CommonHouseGalli
Infrastructure__Equipment,Infrastructure
Infrastructure__equipments_govt_office,Infrastructure
Infrastructure_development__under_development,Infrastructure
Infrastructure_issues,Infrastructure
Infrastructure_issues__Municipal_School__Education,Infrastructure
Installation__Maintenance_of_water_meters__electric_water_pumps,Water Supply
Issue_of_Birth__Death_certificates,Health Related
Lakes__Ponds_Related,Environment Related
Leaks_in_Water_Lines,Water Leak
License__Civic__Scams_Corruption__Scams_Corruption,License Related
License__Schemes__Policies_in_Civic_Issues__Civic,License Related
License_Permitting,License Related
License_Related,License Related
License_Related__License__Civic__Civic,License Related
Lifting_of_Tree_Cutting,Garbage Trees
Liquified_Petroleum_Gas__LPG__Related__Liquified_Petroleum_Gas__LPG___Energy,Energy Related
Low_availability_of_Student__Municipal_School__Education,Education Related
Maintenance_of_Municipal_Property,Municipal Property
Malaria,Pest Control
Material_for_Gardens,Garden
Maternity_homes__Primary_Health_Centre_PHC_,Health Related
Medicines_availability,Health Issues
Milk__Dairy_related__Cattle__cow__buffalo_,Animal Related
Milk__Dairy_related__Cattle__cow__buffalo___Animal_Husbandry,Animal Related
Minor_Repairs_to_Muncipal_Property,Municipal Property
Miscellaneous_Issues_Related,Other
MOH_Related,MOH Related
MOH_Related__License_,MOH Related
Municipal_Corporation__Council_Related__Civic__Scams_Corruption__Scams_Corruption,Municipal Corporation Related
Municipal_Corporation__Council_Related__Schemes__Policies_in_Civic_Issues__Civic,Municipal Corporation Related
Municipal_Corporation_Related__Civic__Scams_Corruption__Scams_Corruption,Municipal Corporation Related
Municipal_Corporation_Related__Municipal_Corporation__Council_Related,Municipal Corporation Related
Municipal_Corporation_Related__Municipal_Corporation__Council_Related__Civic,Municipal Corporation Related
Municipal_Corporation_Related__Schemes__Policies_in_Civic_Issues__Civic,Municipal Corporation Related
Municipal_hospitals_Infrastructure,Health Infrastructure
Municipal_Plot,Municipal Corporation Related
Municipal_School_Related,Education Related
Naming__Renaming_of_Roads__Chowks__Monuments__Buildings__Stations_Related,Ceremonial
Negligence_in_duty_of_Municipal_Corporation_officials__Staff_related,Other
New_construction_of_Drainage,New Drainage
New_Roads,New Roads
New_schools__Municipal_School,Education Related
New_schools__Municipal_School__Education,Education Related
Non_attendantance_at_the_Public_Toilet__urinals,Toilets
Non_availability_of_Gardners__Security_persons,Garden Security
Non_availability_of_public_urinals,Toilets
Non_availability_of_SWD,Sewage
"Nuisance_due_to_stray_dogs,_monkeys_etc.",Nuisance Animals
Nuisance_due_to_unauthorized_Hawkers_on_roads__footpaths,Hawkers
"Nuisance_due_to_vagrants_on_municipal_roads,_footpaths,_gardens",Nuisance Vagrants
Others__Estate_,Other
Others_Shop_and_Establishment__S_&_E_,Other
Overflowing_drains_of_manholes,Drainage
Parking_Related,Parking
Permission_for_Development__Maintenance_of_Garden,Garden Development
Permission_for_Tree_Cutting,Tree Cutting
Pertaining_to_rent,Revenue
Pest_Control_Related,Pest Control
Playground_Related,Infrastructure
Pollution_Related,Pollution
"Pre_monsoon_works_halted,_terminated",Other
Preparation_of_new_garden,Garden Development
Private_and_Trust_school_related,Private Land
Private_Land__Building__Society__Factories,Private Land
Property_Plot__Infrastructure_Related,Infrastructure
Protection_of_Mun_Playgrounds__Gardens,Garden
Providing__removing__replacing_dustbins,Providing SWM
"Providing__repairing_doors,_windows_of_P.S._blocks",Providing PS Block
Providing_and_fixing_educational_materials__Municipal_School__Education,Education Related
Providing_and_Fixing_R.C.C._Chairs,Garden
"Providing_damage__missing_gratings,_manhole_cover_over_SWD",Providing Manhole Cover
Providing_material__equipments_related_to_SWM,Providing SWM
Providing_water_tap_and_hand_pumps,Providing Water
Putting__Maintaining_of_the_Statues_Related,Ceremonial
Rain_Water_Harvesting_Related,Water Supply
Reformatory_home__oldage_home__destitute_home,Repair Building
Relaying_and_repairs_of_roads,Repair Roads
Removal_of_dead_animals,Dead Animals
Removal_of_Debris,Debris
Repair_and_Construction_of_Library__Study_Room,Repair Building
Repair_and_reconstruction_of_garden,Repair Garden
Repair_to_damage_SWD_pipe_of_closed__Open_drain,Repair SWD
Repair_to_damaged_open_SWD,Repair SWD
Repairs_and_reconstruction_of_drain_line,Repair Drainage
Repairs_and_reconstruction_of_Toilets,Repair Toilets
Repairs_of_old_Building_related,Repair Building
Replacement_of_Missing__Damaged_Manhole,Providing Manhole Cover
Revenue_Related__Revenue_Related__Revenue,Revenue
Roads__Schemes__Policies_in_Civic_Issues__Civic,Roads Related
Roads_related,Roads Related
Roads_Related,Roads Related
Robbery__390_,Other
Running_without_license,License Related
Schemes__Policies_in_Civic_Issues_Related,Schemes
Schemes__Policies_in_Community_Welfare_Related,Schemes
Schemes__Policies_in_Education_Related,Schemes
Schemes__Policies_in_Health_Related,Schemes
Schemes__Policies_in_Revenue_Related,Schemes
Schemes__Policies_Related__Schemes__Policies__Schemes_Policies__Schemes_Policies,Schemes
Schemes_and_Policy_in_Road_Transport,Schemes
School_infrastructure,Education Related
School_repairs_and_reconstruction,Repair Building
Sea_Link__bridges,Roads Related
Senior_Citizens__Disabled_Persons_Related,Welfare
Shortage_of_water_supply,Water Supply
Silt_to_be_lifted_from_road,Roads Related
Slaughter_House_related,Animal Related
Slum_Developement,Slum Development
Small_bridge__Cylinder_Bridge,Small Bridge
Social_Cultural_Concerns_Related__Social_Cultural_Concerns_Related__Social_culturalConcerns,Welfare
Solid Waste Management (SWM) Related,SWM Related
Solid_Waste_Management__SWM___Civic__Scams_Corruption__Scams_Corruption,SWM Related
Solid_Waste_Management__SWM___Schemes__Policies_in_Civic_Issues__Civic,SWM Related
Solid_Waste_Management__SWM__Related,SWM Related
Sports_Complex__Sports_Related,Infrastructure
Sports_related__Municipal_School__Education,Education Related
Storm_Water_Drainage_Related,Drainage
Street_Lighting,Lighting
Student_issues_related__Municipal_School__Education,Education Related
Student_Teacher_Ratio__Municipal_School__Education,Education Related
Sweeping_of_roads,Sweeping Roads
Tax_Related,Revenue
Toilet__Civic__Scams_Corruption__Scams_Corruption,Toilets
Toilet__urinal_Related,Toilets
Toliet,Toilets
Trade_without_License,License Related
Traffic_Related,Traffic Related
Traffic_Signals_Related,Traffic Related
Treatment__Medicines_Cost_Related,Health Issues
Trimming_of_Branches,Tree Cutting
"Unauthorised_Alteration_of_Bldg,_Flat_etc",Unauthorized Alteration
Unauthorised_Banners__Advt_on_Road,Unauthorized Banners
Unauthorised_Commercial_Activity,Unauthorized Commercial
Unauthorised_Construction__Development,Unauthorized Construction
Unauthorised_Construction_in_Slum,Unauthorized Construction
Unauthorised_Construction_on_the_Plot__Reserve_plot,Unauthorized Construction
Unauthorised_Food_Selling__Preparation__License_,Unauthorized Business
Unauthorised_Materials__Furniture_Found__kept_on_Foot_path_and_Road,Unauthorized Materials
Unauthorised_slaughter_of_animals,Unauthorized Slaughter
Unauthorised_Stalls_on_roads__Footpaths,Unauthorized Business
Unauthorised_workshop_or_Garage,Unauthorized Alteration
Unhygienic_conditions_of_Toilets__Public_urinals,Toilets
Unique_Identity_Card__UID__Related,Other
Vaccination,Health Issues
Water_pipe_line,Water Supply
Water_Supply__Schemes__Policies_in_Civic_Issues__Civic,Water Supply
Water_Supply_Related,Water Supply
Women_and_Child_Welfare,Welfare