﻿Coder,Student ID,,Pre Summary Score,,Pre RQ Score,,Pre Literature Score,,Pre Hypothesis Score,,"Pre Data, IV/DV Score",,Post Summary Score,,Post RQ Score,,Post Literature Score,,Post Hypothesis Score,,"Post Data, IV/DV Score"
1,1,"Previous research has indicated that national pride is an important aspect of a state's politics and thus many have conducted research into the causes of nationalism yet little has been written on how a nationalism's longevity affects their national pride. The authors' hypothesis is that there is a positive correlation between national pride and national longevity ‚Äî justifying their claim with the logic that longer periods of national identity allow the further propagation of the idea of a nation throughout a society as well as allowing more events that can be called ""national achievements."" After creating an index for a nation's longevity to serve as the independent variable and national pride as a dependent variable ‚Äî with economic performance, history of socialism, ethnic factionalism, etc. controlled for ‚Äî the researchers concluded that there is a statistically significant positive correlation between national longevity and national pride. Essentially, the longer the idea of a nations has existed the more pride is felt for that nation.",5,"How does national longevity affect a nation not possessing its own nation-state? This article focuses primarily on how notational longevity affects national-pride for the correlated nation-state but does not necessarily discuss how national longevity will affect national-pride for nations not possessing a state such as Catalan, the Roma, Venecia, etc. How nations possessing a state and nations that are not accounted for in the methodology as the surveys were polity based and it is not clear if the survey clarified the difference between nation and state especially across languages.",4,Similar literature focused on the effects of nationalism on politics and the causation of nationalism would be relevant.,4,"National longevity's effect on national pride is lesser for nation's without a nation-state than for nations with a nation-state. Without the possession of a state, nations lack the resources to propagate the idea of their nation and to cause/react/redefine events as a moment of national pride that a nation-state might have. However, the same arguments mentioned in the article tying national longevity to nation-pride would still cause national longevity to be positively correlated to national pride ‚Äî only the effect would be lesser due to lack of resources.",3,"Similar data to what was collected in the article but with more survey questions. The survey would ask what nation the surveyee belongs to, what they ethnically identify as, what they religiously identify as, and what is their primary and first languages as well the questions asked on the survey. The survey would also be targeted at regions with known nationalist presence but do not possess a state such as Brittany, Catalonia, Transylvania, Frisia, etc. Independent variable = national longevity.  Dependent variable = national pride.",4,"This article seeks to determine the presence of foreign fighter's effects on the outcome of the campaigns that they join. Identifying two schools of thought regarding this question, one that argues foreign fighters benefit the rebels and another that argues foreign fighters detract from the likelihood of rebel victory. The authors not only desired to contribute to the debate over whether ff's contribution is negative or positive, but they also desired to analyze how ff's characteristics affect their contribution. Believing that a ff commitment to the rebel's cause increases their efficiency as a resource, they hypothesize that 1) co-ethnic ff contribute more than non-co-ethnic ff and 2) ff from non-contiguous states contribute more than ff from contiguous states.
The authors execute a regression analysis for both the general effects of ff and the effects of ff w/ specific characteristics on the type of outcome. They determine that ff significantly increase the likelihood of government victory, increase the likelihood of a peace agreement, and have minimal effect on the likelihood of rebel victory. Additionally, the find support for Hypothesis 2 but not Hypothesis 1.
",5,"How does a foreign fighter's motivation for joining a conflict affect their contribution to that conflict's outcome?
This article is based upon the theory that more committed foreign fighters have a greater impact. To me, it appears logical that a foreign fighters commitment to the rebels is related to their motivation to join the conflict. This article seems to assume with its first hypothesis that ethnic motivation affects their contribution, however, the article does not investigate the effect of economic, political, or religious motivations. My question could expound on those effects.",4,#NAME?,4,"Hypothesis 1: Rebels are more likely to benefit from economically motivated foreign fighters than non-economically motivated foreign fighters.
FF are either economically motivated or non-economically motivated. If non-econ. motivated, their benefits from fighting are ephemeral and based upon imagined concepts that can become disillusioned or deactivated, increasing the probability they will lose their commitment, thus decreasing their contribution to the rebels. Econ-motivated FF receives tangible benefits, as long as these tangible benefits exist their commitment will stay high, thus they will contribute more.",5,The Research Design would be a survey based design. Two or three conflicts would be chosen that are speculated to have complex and multi-faceted causations so that ff hopefully have heterogenous motivations. The FF in these conflicts would be surveyed about their various motivations. The survey would be repeated consistently until the conflict ends to observe changes in motivations over time. The IV is the motivations listed in the answer. The DV would be the outcome of the conflict.,5
1,2,"Dimitrova-Grajzl, Eastwood, and Grajzl see national pride as a significant influence in the political behavior of individuals in countries across the globe. In order to understand national pride better, national pride was compared to national identity longevity and there was found to be a positive correlation between the two. The national pride of individuals was measured by simply asking them how proud they were to be a citizen of X country. In order to create a useable variable for national identity longevity, a national identity longevity index was used for European and former Soviet Union polities. This index was influenced by an expert survey that created a comprehensive quantitative survey of the emergence of national identity as well as individual level data from the European Values Society. This combination of the comprehensive survey and of individual level data provides a somewhat diverse data set which gives the results more validity. 
	There were several noteworthy results to come out of this research. For one, the positive relationship between national pride and national identity longevity that had previously been proposed had now been affirmed. It was also found that countries with higher levels of ethnic and linguistic fractionalization had less of a sense of national pride‚Äìthe inverse of this is also true. Also, unsurprisingly, it was found that people in nations that had been apart of the the Axis powers during World War II had less of a sense of national pride. While the hypothesis had been affirmed, the authors mentioned some advice for future research on the topic. Firstly, the definition of the national identity longevity index that was used in this article is not final and should keep being worked on. Also, the obvious shortcoming of this article is this topic has only been researched in European countries and more work should be done to test this hypothesis around the world.
",4,"How does the history of colonialism in a country affect the national pride of its citizens today?

The article found that there is a positive relationship between national pride and national identity longevity. Since colonialism likely affects the sense of national identity in a country, it could be interesting to see how a history of colonialism in a country affects its sense of national pride today. It's possible that colonialism delayed the emergence of a national identity in some countries which would mean that the affects of colonialism in the past could still affect countries today by lowering their national pride. Also, the article mentions how countries which have higher levels of ethnic and linguistic fractionalization, a possible effect of colonialism, have lower levels of national pride. Since national pride plays a large role in political behavior, a history of colonialism likely indirectly plays a role in political behavior today. ",4,"In order to research this question, historical literature would definitely be very relevant. Historical literature would help identify to what extent certain developing countries had experienced influence from foreign colonizers. In addition, one could look at the affects that European democracies had on the governmental institutions of these colonized nations. One could also examine the role that political order played in colonialism. For example, how war and revolution shaped the course of that countries history. There were also likely some important social and political actors who could have either lead a rebellion or conquered entire countries.",4,"A history of being colonized would likely lead to a decreased sense of national pride among citizens of that country today. Colonialism would probably affect the national identity longevity index by attempting to destroy an existing national identity and attempting to replace it with a new one until that country regain independence. By affecting the national identity longevity index, modern national pride would change. Since the index would be smaller so would the sense of national pride. Additionally, countries which have higher levels of ethnic and linguistic fractionalization, an effect of colonialism, have lower levels of national pride.",3,"I would probably conduct use similar types of data as was used in the article. I would likely consult experts to determine which countries were affected the most by foreign colonizers. How this could be measured is through various aspects of colonialism such as: how long was the country a colony? To what extent were the economic resources of the colony exploited for the gain of the colonizer? Or, how many people from the colony kidnapped and sold into slavery? This could be compiled into a similar index to the one in the article. Once again the people of the country being studied could be surveyed to get a general understanding of the level of national pride in the country. These would both serve as my dependent variables and I would look for correlation between the two.",4,"This article seeks to answer how effective foreign fighters in civil conflict are. The authors find that support from countries not bordering the country at war and co-ethic fighters usually helps the rebels generally but does not guarantee victory. Previous literature has focused on the effectiveness of foreign fighters and there have been mixed results as to whether or not foreign fighters help the goals of the rebels. 
The design of this research uses dyads of rebel groups and their government to inform regression analysis through various models. The researches found essentially mixed logic. Foreign fighters are helpful to the rebels as long as they are committed to the cause they join. In addition, the results showed support for the idea that foreign fighters were useful as long as they were from non-neighboring countries. Co-ethnic fighters were also found to be more useful for the rebels.",4,"How do foreign fighters from wealthier countries affect a civil war?

While this article showed that fighters from non-bordering countries were useful, it is possible that this is only the case because the fighters were coming from superpowers. The fighters that come from a country that can afford to send its troops across the world are more likely to be better prepared than those of whatever country happens to be neighboring the country in turmoil. While the article did control for GDP, a more in-depth analysis of this possibility could be interesting.",5,"Some topics that may be relevant would be ""militaries of wealthier nations"", ""how GDP affects military power"", and ""are wealthier nations more likely to intervene in foreign civil wars"".",4,"As the wealth of a nation increases, the effectiveness of its fighters in foreign civil wars increases. This hypothesis is logical because as the wealth of the nation increases, it will spend more money on military infrastructure. This will then lead to better weapons and equipment which will then lead to more effective foreign interventionism. ",5,"My independent variable would be the wealth of the nation. This could be measured by a variety of measures including GDP, percent of population living in poverty, median income, and federal budget. The dependent variable would be the effectiveness of foreign intervention. This is noticeably harder to measure. I could just use the method that the author of this article used and just code the conflict outcome using the four possible outcomes: peace, government victory, rebel victory, or ""other"" outcome.",5
1,3,"The article mainly talks about the study of effects of national pride and the longevity of national identity as well as relationship within these two aspects, pointing out that empirical analysis should be used to deal with datas for this study. ",2,"Factors contributes to the longevity of national identity. 
The various longevity of national identity of countries all round the world is affected by multiple aspects that are much more than simply just national pride. As referred by this article, the ways of testing whether a factor influences the longevity of national identity can be similar to the methods mentioned in this article. ",2,"Books, articles, and researches that talk about important factors that contribute to longevity of national identity. Such as main principles of governing party in the nation and various social orders.",3,"My hypothesis is that social orders largely contributes to the longevity of national identity. As we all know in the history, there were lots of conflicts between different social orders that caused civil movement or even decline of a nation. In this case, it is evident and reasonable to assume that social orders has influences on longevity of national identity. ",3,I need to collect datas like how many conflicts caused by multiple social orders happened in countries all around the world and what these counties are. The independent variables should be countries and dependent variables should be numbers of conflicts happened in each country. ,2,"This research is done to study on the effect of foreign fighters on the campaigns, hypothesizing that foreign fighters who are from the same ethnic group and traveled a larger geographic area bring positive effect on the rebel group. A series of multinomial logit and competing risks regression models is used to test the hypothesis, having an independent variable that is participation in a non-state group and several controlled varibales. 
However, as the results of the model shown, the correlation between the foreign fighters and the prospects of the rebel group they join can be approved, indicating that the foreign fighters do have a positive effect on the rebel group. This research offers richer data for future research that are expected to further explore this topic. ",5,"Does the educational background of foreign fighters matter to their effects on the rebel group they join?

In the article, two hypotheses arguing that both the ethnic identity and place they traveled have an impact on the rebel group they join. However, the more specific features, such as the educational background, of these foreign fighters are not discussed.",4,"Educational background of the foreign fighters.
Education in the war.
Schools in the war.
Contribution of individuals in the war.",4,"Higher the educational background of the foreign fighters, more positive their effects on the rebel group. 
It's because that if the foreign fighters have a good educational background, which means that they can learn things, such as the local language and techniques of using the advanced weapon, much faster. In this sense, they can help the rebel group more. ",5,"The independent variables should be the educational background and the dependent variables should be the value of the foreign fighters, which is another way to measure their effects on the rebel group. I think I will collect the data like ""how many years did the foreign fighters attend the school"",""what did they major in if they go to the colleges"" and the time used by the rebel group, which has many foreign fighters with different educational background, to win the war.",4
1,5,"The article discusses the relationship between the longevity of national identity and national pride.  It looks at other factors, such as the countries economic and social landscape, to investigate factors that contribute to national pride.  The researchers found that economic factors have no effect on national pride.  They did however, find that linguistic and ethnic splintering within a nation was negatively correlated with strong national identity.  

The research within the article points to the fact that the nations with the strongest national identities were those with a long national history and identity.  This means that nations with a history of resilience and collective accomplishment tend to have citizens with a stronger sense of national pride. ",3,Why does national pride remain stable through economic turmoil?,2,"political psychology, economic recession.",3,"National pride remains stable through economic turmoil because nations retain their sense of collective values and shared culture. 
This hypothesis is logical because national pride is strongly related to these factors of collective values and shared culture, neither of which are easily affected by economic instability.",2,"Independent variables would be related to the economic health of the nation and individuals perceptions about the economic health of the nation, dependent variables would be about sense of national pride. ",3,"The article analyzes the effects that foreign fighters have on the insurgencies that they join.  To do this, it discusses the net impact of foreign fighters on prospects of winning.  The researchers consider a few factors- one being the ability of foreign fighters to assist insurgencies in overcoming resource scarcity and collective action dilemmas.  They also weigh the liability that foreign fighters might provide to their insurgencies.  

They find that foreign fighters only provide a net benefit to their respective insurgencies when they demonstrate a commitment to the mission of the group that they are a member of.  The researchers state that foreign fighters are likely to extend the length of the fight, but not necessarily the actually outcome of the fight.  They also state that foreign fighters from further countries are only more likely to increase the likelihood of a positive outcome for their insurgency if they are from ""outside the neighborhood"". 
",4,"Why do foreign fighters join insurgencies? 
This question is related to the article because the article discusses the ways in which foreign fighters influence the prospects of their groups.  I feel as though understanding the factors that motivate foreign fighters would help to further the research on how they differ from local fighters.  This would allow for a more thorough analysis of the unique aspects of foreign fighters.",3,"Literature on the country of origins of foreign fighters, and on what motivates individuals to join insurgencies.  ",4,"Hypothesis: If individuals lack other economic prospects in their own nation, then they will be more highly motivated to join a foreign insurgency.  Flow diagram: If individuals lack other economic prospects, then they are more likely to seek out occupation through joining an insurgency.  If there are no insurgencies in their own nation, then they will join one in a foreign nation.",5,"I would need to collect data on economic prospects.  My independent variables would be factors like percentage of population living below the poverty line, unemployment rate, and educational attainment.  Another independent variable would be foreign fighters' most common nation of origin, which I would need in order to collect the economic data.  The dependent variable would be the rate at which people from that nation are joining foreign insurgencies.  ",4
1,6,"National pride is important for a variety of political issues, but what causes different levels of national pride is unknown. The researchers hypothesized that national pride is higher in places where a national identity has been around for a longer amount of time. In order to test this hypothesis, the researchers first created an index for the emergence of national identity by conducting a survey where experts of a particular country are asked when they believe national identity first emerged in the history of the country. Then, the researchers compared this data to answers from citizens in various European countries about how proud they are of their country. They found a significant positive correlation between longevity of national identity and levels of national pride. The researchers discussed how this could be due to a variety of factors, including an accumulation of experiences and higher diffusion among older countries. ",4,"Is national pride higher in countries that have participated heavily in a world war? 
This question brings in another factor other than the longevity of national identity that could influence national pride in a country. In addition, the longevity of national identity might not mean a higher feeling of national identity, which might be increased during war times. ",2,Wars and propaganda during war times.,4,"I hypothesize that national pride will be higher in countries that heavily participated in a world war. 
Countries that participate in a world war often use nationalist rhetoric in order to rally citizens in support of their cause. Therefore, even if national identity was formed rather recently, their national identity will be stronger in the face of war and will lead to an increase in national pride that may continue even to the present day. ",4,"How citizens of countries feel about their country in a survey, as a measure for national pride (dependent variable). Then, creating an index to rank how heavily certain countries were involved in a war, including troops, casualties, and time spent in the war (independent variable). These two would be compared, to see if more involvement in a world war leads to higher national pride. ",3,"The authors of this article are investigating the impact foreign fighters have on civil war outcomes. They hypothesized that foreign fighters of the same ethnicity as the people they join will benefit them more than foreign fighters of different ethnicities. They also hypothesized that foreign fighters that have traveled a greater distance will provide more benefit than those who are immediate to the country of conflict. They found that foreign fighters who fight for the rebel cause significantly decrease the chances of government victory. In addition, they found that those who come from countries further away benefit the rebel causes more than countries that are easily accessible. However, they did not find evidence for their first hypothesis that the ethnicity of the foreign fighters influences their benefits. Ultimately, the found that foreign fighters provide benefits to rebel causes in civil conflicts. ",5,"To what extent does the regime of the country of origin of foreign fighters impact how beneficial the fighters are to rebel causes? 

The article states the foreign fighters do benefit rebel causes since they decrease the chances of government victory. However, the article also found that this is not augmented by having similar ethnicities. This question asks whether another factor, the regime of the country sending the foreign fighters, influences the benefit given to rebel causes. ",5,"civil war, authoritarian and democratic regimes, foreign aid",5,"If the foreign fighters come from a regime different to the regime of the country with conflict, then they will provide more benefit to the rebel cause.

If foreign fighters come from a country with a different regime, then they are more likely to agree with the regime of their own country and therefore less likely to support the government of the country with conflict. This gives them more incentive to support the rebel causes and gives the rebels more reason to work with them since the rebels might want the type of regime that the foreign fighters come from. ",5,"I would do a similar regression analysis as done in the article. My independent variable would be regimes of the foreign and host countries. My dependent variable would be conflict outcome, especially government success rate. ",4
1,7,"The article explores the question of whether achieving a common national identity through diffusion is linked to national pride.  The authors explore wether homogeneity and the age of a nation affect how its citizens feel towards it as well as an exploration into what fosters national pride.  The authors conducted research into European states including former soviet states.

The conclusion of the studies and polls conducted is that the ""longevity of national identity"" is the key linking factor to national pride.  A country with a greater foundation in historical emergence has a greater chance of fostering more national pride in its citizens.  In other words, historical success and triumph to establish a nation as an independent body carrys through generations.",2,"Do racial and political diversity influence a persons sentiments on his national pride?

This article explored how national pride ties into how a country achieved its identity historically.  My question enhances this article because it ties into the racial breakdown of people.  Diverse countries generally have a history of fighting for justice which is linked to historical identity.",2,"Political order (state formation and collapse, revolutions, ethnicity and ethnic conflict), Social actors (social movements and civil society)",4,"More diverse countries foster less of a sense of national pride due to a probable history of injustice and violence

This hypothesis is logical because the maintenance of political order is often determined by citizen loyalty.  In racially divided nations, minority groups would have less loyalty to those in power.",4,"I would poll diverse nations as well as more homogeneous nations and see how the two differ in sentiment towards national identity.  I would also look into historical conflict that each nation has gone through and factor that into the data.  In this study, my independent variable would be racially diverse nations, my dependent variable would be political conflict.",4,"This article sought to answer the question of how much foreign combatants affect the conflicts they enter. These fighters, who often join the side of rebel groups battling their governments, are unpaid and they lack a link to the conflict.  Previous literature suggests that foreign fighters from neighboring countries benefit the rebels in the conflicts they enter. This article hypothesizes, by contrast, that combatants from distant states and those with a shared ethnic background are more dedicated to the cause and more impactful than those from neighboring nations. In general, foreign fighters are only impactful to the insurgent groups when they are dedicated to the cause. 

The researchers analyzed all civil conflicts between 1946 and 2013 to test the affects foreign fighters had on their rebel groups.  Conflict outcome is analyzed by the categories of peace agreement, government victory, rebel victory, and another outcome.  Foreign fighters were also analyzed for whether they participated in a local rebel insurgency or not.  The ethnicity of the fighter and distance they traveled to enter the conflict are also important variables to test the hypothesis. In the end, foreign fighters generally benefit rebel causes by increasing the likelihood that they will win.  Those who come from beyond neighboring countries decrease the odds of government victory by a greater margin than those from neighboring countries.  Co-ethnic fighters, on the other hand, do not show an increase in victories for the rebel groups.  However, rebel victory still does not occur very often even with the presence of distant foreign fighters. 
",5,"To what extent do small numbers of foreign fighters impact a conflict?

This question would provide answers regarding the size of foreign fighter populations.  This is one section of data that was not covered in the article.  Knowing how many foreign fighters it takes to alter the outcome of a conflict is important in knowing how these combatants affect conflict at all.  The current data discussed in the article falls short of providing enough information in terms of foreign fighter numbers.",4,"I would need to read about civil conflicts and their outcomes.  Within these conflicts, I would look at how previous literature discusses the number of foreign combatants.  Similar to the article, I would also need to look at where these fighters are from and what similarities (religious, ethnic, etc.) similarities they share with the rebel groups.  ",4,"Foreign fighters from distant countries are only significantly impactful in large numbers.  Foreign fighters from distant countries are less knowledgeable about the terrain/conditions of the country they are fighting in.  Less knowledge of conditions leads to less respect from local populations and a divide between other rebel groups.  A lack of knowledge in terrain makes for worse fighting.  Thus, small numbers of distant foreign fighters aren't impactful.  Large numbers, however, alter conflict culture and significance and will feed of each others lack of local knowledge.",4,"The independent variable would be foreign fighters while the independent variable would be the number of foreign fighters and where they are from.  I would collect data from civil conflicts over a period where I outline the number of foreign fighters in the conflict where they are from, and the outcome of the conflict.  I would analyze trends between large numbers of distant foreign fighters and a greater percentage of victory versus large numbers of neighboring insurgents and a lower percentage of victory.",5
1,8,"The article attempts to explain national pride by seeing how it relates to the longevity of national identity. A positive correlation was found between these two factors, with older nations having a higher degree of pride. Countries in Eastern Europe and the former Soviet Bloc were studied, and both average citizens and experts involved in the study. ",1,"Are there certain events that can cause a spike in national pride that maintains even after the event is no longer current?

The article found a connection between longevity of national identity and pride in the nation. It would be interesting to see how this builds over time. Research into the process behind national pride could look at events, such as 9/11 or the end of WWII, and see how this affects national pride.",4,"Newspapers, interviews, mass surveys",3,"Shock events are likely to increase national pride, however this increase is just temporary. ",2,,,"The authors attempt to identify the role foreign fighters play in internal conflicts. They find that, although foreigners are viewed positively by the rebel troops, there are a lot of conditions in play that determine whether the foreign fighters will benefit or hinder them. First off, foreigners need to agree and believe in the message of the rebels. They cannot be neutral or against the rebel cause as this would make them a negative to the rebels. For those who believe in the rebel cause, it is important that they are properly integrated into the rebel organization. 
Foreigners are not as familiar with the land, so guerilla warfare becomes more difficult for them. That is why it is important that the rebels have some type of training organization at the bare minimum. Additionally, the homeland of the foreigners plays an important role. People from neighboring nations are more likely to be sympathetic to the rebel cause. Foreigners from further away are more likely to side with the government forces.",4,"To what extent has social media changed foreign recruitment styles?

",4,"technology use, wireless capabilities",3,"As rebels gain greater access to social media capabilities, then the likelihood of success in their battle increases",5,"IV - access to social media
DV - likelihood of success
",3
1,9,"The main point of the article is present the data and results of Dimitrova, Eastwood,Grajzl. These three research decided to do some research on the orginis of nationalism, in so far as national pride. They hypothesized that national pride may impart come from age of nation. Specifically, all else being equal, Older nations should have more national pride than younger nations. this comes from the fact that older nations have more experiences to pull from for national pride. 
The researchers use experts to foundationally distinguish when national identity may have come into existence throughout history.  As well they use surveys to show the national pride of a random representative group of people in said nations. this leads to the results showing that the longevity of national identity is correlated with responses of high national pride.",3,"How does national pride relate to Xenophobia?

The article itself focuses heavily on the origins of national pride. In turn my research question would focus on the results of such pride. in a more complex study of the inter-relations between national pride and xenophobia i might be interested in using national identity as a principle to show how xenophobia might progress as pride does.
",3,Literature about the experiences of foreigners/ visitors to a country. ,3,"National pride is highly c\correlated with xenophobia.

It seems intuitive that higher pride in ones nations creates disdain for other. At the least pride is associated closely with an elitist mentality that when presented with the other(specifically the non-elite/ out group) typically shows disdain as a response.",3,Largely surveys and polls of the people in the populace looking for their feeling on national pride and and policy for those not already part of the in group.,2,"The key points made in the article are that foreign fighters have a major effect on insurgency. Some effects are in so far as the foreign fighter affect the perception of rebels amongst the populace. This affect seems to be predominantly negative depending on how close the foreign fighters are, effectively in culture, to the general populace.
Alternatively foreign fighters also have the effect of helping the rebels fight. If the fighters are from further away their are likely more of them to assist the rebels. This has the effect of rebels having more fighters and thus a higher chance of victory",2,"How do mercenary fighters affect the chances of success of government in defeating insurgency.

The original question is on how foreign fighters assist the rebels in insurgency. When thought of from the other side, the governments foreign fighters are often called mercenaries or defense contractors. These individuals, while expensive, may be very useful in defeating insurgency without draining the national military of personnel.",5,"Insurgency, mercenaries, foreign fighter, defense contractor, rebel groups, etc.",5,"Increased spending for defense contractors lead to a higher chance of victory against insurgence.

Increasing spending on defense contractor brings more expert mercenaries to your area. These experts understand warfare and insurgency better than formal military. Overall better fighting rebels. Increase in overall fighting force means it‚Äôs easier to stomp out rebellion. Rebellion is defeated.",5,"Mercenary/ defense contractor usage by governments. Prices for such usage. Military might, amount of personnel and funding for military.",3
2,1,"Previous research has indicated that national pride is an important aspect of a state's politics and thus many have conducted research into the causes of nationalism yet little has been written on how a nationalism's longevity affects their national pride. The authors' hypothesis is that there is a positive correlation between national pride and national longevity ‚Äî justifying their claim with the logic that longer periods of national identity allow the further propagation of the idea of a nation throughout a society as well as allowing more events that can be called ""national achievements."" After creating an index for a nation's longevity to serve as the independent variable and national pride as a dependent variable ‚Äî with economic performance, history of socialism, ethnic factionalism, etc. controlled for ‚Äî the researchers concluded that there is a statistically significant positive correlation between national longevity and national pride. Essentially, the longer the idea of a nations has existed the more pride is felt for that nation.",4,"How does national longevity affect a nation not possessing its own nation-state? This article focuses primarily on how notational longevity affects national-pride for the correlated nation-state but does not necessarily discuss how national longevity will affect national-pride for nations not possessing a state such as Catalan, the Roma, Venecia, etc. How nations possessing a state and nations that are not accounted for in the methodology as the surveys were polity based and it is not clear if the survey clarified the difference between nation and state especially across languages.",3,Similar literature focused on the effects of nationalism on politics and the causation of nationalism would be relevant.,2,"National longevity's effect on national pride is lesser for nation's without a nation-state than for nations with a nation-state. Without the possession of a state, nations lack the resources to propagate the idea of their nation and to cause/react/redefine events as a moment of national pride that a nation-state might have. However, the same arguments mentioned in the article tying national longevity to nation-pride would still cause national longevity to be positively correlated to national pride ‚Äî only the effect would be lesser due to lack of resources.",4,"Similar data to what was collected in the article but with more survey questions. The survey would ask what nation the surveyee belongs to, what they ethnically identify as, what they religiously identify as, and what is their primary and first languages as well the questions asked on the survey. The survey would also be targeted at regions with known nationalist presence but do not possess a state such as Brittany, Catalonia, Transylvania, Frisia, etc. Independent variable = national longevity.  Dependent variable = national pride.",3,"This article seeks to determine the presence of foreign fighter's effects on the outcome of the campaigns that they join. Identifying two schools of thought regarding this question, one that argues foreign fighters benefit the rebels and another that argues foreign fighters detract from the likelihood of rebel victory. The authors not only desired to contribute to the debate over whether ff's contribution is negative or positive, but they also desired to analyze how ff's characteristics affect their contribution. Believing that a ff commitment to the rebel's cause increases their efficiency as a resource, they hypothesize that 1) co-ethnic ff contribute more than non-co-ethnic ff and 2) ff from non-contiguous states contribute more than ff from contiguous states.
The authors execute a regression analysis for both the general effects of ff and the effects of ff w/ specific characteristics on the type of outcome. They determine that ff significantly increase the likelihood of government victory, increase the likelihood of a peace agreement, and have minimal effect on the likelihood of rebel victory. Additionally, the find support for Hypothesis 2 but not Hypothesis 1.
",5,"How does a foreign fighter's motivation for joining a conflict affect their contribution to that conflict's outcome?
This article is based upon the theory that more committed foreign fighters have a greater impact. To me, it appears logical that a foreign fighters commitment to the rebels is related to their motivation to join the conflict. This article seems to assume with its first hypothesis that ethnic motivation affects their contribution, however, the article does not investigate the effect of economic, political, or religious motivations. My question could expound on those effects.",5,#NAME?,4,"Hypothesis 1: Rebels are more likely to benefit from economically motivated foreign fighters than non-economically motivated foreign fighters.
FF are either economically motivated or non-economically motivated. If non-econ. motivated, their benefits from fighting are ephemeral and based upon imagined concepts that can become disillusioned or deactivated, increasing the probability they will lose their commitment, thus decreasing their contribution to the rebels. Econ-motivated FF receives tangible benefits, as long as these tangible benefits exist their commitment will stay high, thus they will contribute more.",4,The Research Design would be a survey based design. Two or three conflicts would be chosen that are speculated to have complex and multi-faceted causations so that ff hopefully have heterogenous motivations. The FF in these conflicts would be surveyed about their various motivations. The survey would be repeated consistently until the conflict ends to observe changes in motivations over time. The IV is the motivations listed in the answer. The DV would be the outcome of the conflict.,4
2,2,"Dimitrova-Grajzl, Eastwood, and Grajzl see national pride as a significant influence in the political behavior of individuals in countries across the globe. In order to understand national pride better, national pride was compared to national identity longevity and there was found to be a positive correlation between the two. The national pride of individuals was measured by simply asking them how proud they were to be a citizen of X country. In order to create a useable variable for national identity longevity, a national identity longevity index was used for European and former Soviet Union polities. This index was influenced by an expert survey that created a comprehensive quantitative survey of the emergence of national identity as well as individual level data from the European Values Society. This combination of the comprehensive survey and of individual level data provides a somewhat diverse data set which gives the results more validity. 
	There were several noteworthy results to come out of this research. For one, the positive relationship between national pride and national identity longevity that had previously been proposed had now been affirmed. It was also found that countries with higher levels of ethnic and linguistic fractionalization had less of a sense of national pride‚Äìthe inverse of this is also true. Also, unsurprisingly, it was found that people in nations that had been apart of the the Axis powers during World War II had less of a sense of national pride. While the hypothesis had been affirmed, the authors mentioned some advice for future research on the topic. Firstly, the definition of the national identity longevity index that was used in this article is not final and should keep being worked on. Also, the obvious shortcoming of this article is this topic has only been researched in European countries and more work should be done to test this hypothesis around the world.
",5,"How does the history of colonialism in a country affect the national pride of its citizens today?

The article found that there is a positive relationship between national pride and national identity longevity. Since colonialism likely affects the sense of national identity in a country, it could be interesting to see how a history of colonialism in a country affects its sense of national pride today. It's possible that colonialism delayed the emergence of a national identity in some countries which would mean that the affects of colonialism in the past could still affect countries today by lowering their national pride. Also, the article mentions how countries which have higher levels of ethnic and linguistic fractionalization, a possible effect of colonialism, have lower levels of national pride. Since national pride plays a large role in political behavior, a history of colonialism likely indirectly plays a role in political behavior today. ",3,"In order to research this question, historical literature would definitely be very relevant. Historical literature would help identify to what extent certain developing countries had experienced influence from foreign colonizers. In addition, one could look at the affects that European democracies had on the governmental institutions of these colonized nations. One could also examine the role that political order played in colonialism. For example, how war and revolution shaped the course of that countries history. There were also likely some important social and political actors who could have either lead a rebellion or conquered entire countries.",2,"A history of being colonized would likely lead to a decreased sense of national pride among citizens of that country today. Colonialism would probably affect the national identity longevity index by attempting to destroy an existing national identity and attempting to replace it with a new one until that country regain independence. By affecting the national identity longevity index, modern national pride would change. Since the index would be smaller so would the sense of national pride. Additionally, countries which have higher levels of ethnic and linguistic fractionalization, an effect of colonialism, have lower levels of national pride.",4,"I would probably conduct use similar types of data as was used in the article. I would likely consult experts to determine which countries were affected the most by foreign colonizers. How this could be measured is through various aspects of colonialism such as: how long was the country a colony? To what extent were the economic resources of the colony exploited for the gain of the colonizer? Or, how many people from the colony kidnapped and sold into slavery? This could be compiled into a similar index to the one in the article. Once again the people of the country being studied could be surveyed to get a general understanding of the level of national pride in the country. These would both serve as my dependent variables and I would look for correlation between the two.",3,"This article seeks to answer how effective foreign fighters in civil conflict are. The authors find that support from countries not bordering the country at war and co-ethic fighters usually helps the rebels generally but does not guarantee victory. Previous literature has focused on the effectiveness of foreign fighters and there have been mixed results as to whether or not foreign fighters help the goals of the rebels. 
The design of this research uses dyads of rebel groups and their government to inform regression analysis through various models. The researches found essentially mixed logic. Foreign fighters are helpful to the rebels as long as they are committed to the cause they join. In addition, the results showed support for the idea that foreign fighters were useful as long as they were from non-neighboring countries. Co-ethnic fighters were also found to be more useful for the rebels.",5,"How do foreign fighters from wealthier countries affect a civil war?

While this article showed that fighters from non-bordering countries were useful, it is possible that this is only the case because the fighters were coming from superpowers. The fighters that come from a country that can afford to send its troops across the world are more likely to be better prepared than those of whatever country happens to be neighboring the country in turmoil. While the article did control for GDP, a more in-depth analysis of this possibility could be interesting.",4,"Some topics that may be relevant would be ""militaries of wealthier nations"", ""how GDP affects military power"", and ""are wealthier nations more likely to intervene in foreign civil wars"".",5,"As the wealth of a nation increases, the effectiveness of its fighters in foreign civil wars increases. This hypothesis is logical because as the wealth of the nation increases, it will spend more money on military infrastructure. This will then lead to better weapons and equipment which will then lead to more effective foreign interventionism. ",5,"My independent variable would be the wealth of the nation. This could be measured by a variety of measures including GDP, percent of population living in poverty, median income, and federal budget. The dependent variable would be the effectiveness of foreign intervention. This is noticeably harder to measure. I could just use the method that the author of this article used and just code the conflict outcome using the four possible outcomes: peace, government victory, rebel victory, or ""other"" outcome.",5
2,3,"The article mainly talks about the study of effects of national pride and the longevity of national identity as well as relationship within these two aspects, pointing out that empirical analysis should be used to deal with datas for this study. ",1,"Factors contributes to the longevity of national identity. 
The various longevity of national identity of countries all round the world is affected by multiple aspects that are much more than simply just national pride. As referred by this article, the ways of testing whether a factor influences the longevity of national identity can be similar to the methods mentioned in this article. ",2,"Books, articles, and researches that talk about important factors that contribute to longevity of national identity. Such as main principles of governing party in the nation and various social orders.",1,"My hypothesis is that social orders largely contributes to the longevity of national identity. As we all know in the history, there were lots of conflicts between different social orders that caused civil movement or even decline of a nation. In this case, it is evident and reasonable to assume that social orders has influences on longevity of national identity. ",2,I need to collect datas like how many conflicts caused by multiple social orders happened in countries all around the world and what these counties are. The independent variables should be countries and dependent variables should be numbers of conflicts happened in each country. ,2,"This research is done to study on the effect of foreign fighters on the campaigns, hypothesizing that foreign fighters who are from the same ethnic group and traveled a larger geographic area bring positive effect on the rebel group. A series of multinomial logit and competing risks regression models is used to test the hypothesis, having an independent variable that is participation in a non-state group and several controlled varibales. 
However, as the results of the model shown, the correlation between the foreign fighters and the prospects of the rebel group they join can be approved, indicating that the foreign fighters do have a positive effect on the rebel group. This research offers richer data for future research that are expected to further explore this topic. ",3,"Does the educational background of foreign fighters matter to their effects on the rebel group they join?

In the article, two hypotheses arguing that both the ethnic identity and place they traveled have an impact on the rebel group they join. However, the more specific features, such as the educational background, of these foreign fighters are not discussed.",5,"Educational background of the foreign fighters.
Education in the war.
Schools in the war.
Contribution of individuals in the war.",3,"Higher the educational background of the foreign fighters, more positive their effects on the rebel group. 
It's because that if the foreign fighters have a good educational background, which means that they can learn things, such as the local language and techniques of using the advanced weapon, much faster. In this sense, they can help the rebel group more. ",5,"The independent variables should be the educational background and the dependent variables should be the value of the foreign fighters, which is another way to measure their effects on the rebel group. I think I will collect the data like ""how many years did the foreign fighters attend the school"",""what did they major in if they go to the colleges"" and the time used by the rebel group, which has many foreign fighters with different educational background, to win the war.",5
2,5,"The article discusses the relationship between the longevity of national identity and national pride.  It looks at other factors, such as the countries economic and social landscape, to investigate factors that contribute to national pride.  The researchers found that economic factors have no effect on national pride.  They did however, find that linguistic and ethnic splintering within a nation was negatively correlated with strong national identity.  

The research within the article points to the fact that the nations with the strongest national identities were those with a long national history and identity.  This means that nations with a history of resilience and collective accomplishment tend to have citizens with a stronger sense of national pride. ",2,Why does national pride remain stable through economic turmoil?,2,"political psychology, economic recession.",3,"National pride remains stable through economic turmoil because nations retain their sense of collective values and shared culture. 
This hypothesis is logical because national pride is strongly related to these factors of collective values and shared culture, neither of which are easily affected by economic instability.",2,"Independent variables would be related to the economic health of the nation and individuals perceptions about the economic health of the nation, dependent variables would be about sense of national pride. ",4,"The article analyzes the effects that foreign fighters have on the insurgencies that they join.  To do this, it discusses the net impact of foreign fighters on prospects of winning.  The researchers consider a few factors- one being the ability of foreign fighters to assist insurgencies in overcoming resource scarcity and collective action dilemmas.  They also weigh the liability that foreign fighters might provide to their insurgencies.  

They find that foreign fighters only provide a net benefit to their respective insurgencies when they demonstrate a commitment to the mission of the group that they are a member of.  The researchers state that foreign fighters are likely to extend the length of the fight, but not necessarily the actually outcome of the fight.  They also state that foreign fighters from further countries are only more likely to increase the likelihood of a positive outcome for their insurgency if they are from ""outside the neighborhood"". 
",3,"Why do foreign fighters join insurgencies? 
This question is related to the article because the article discusses the ways in which foreign fighters influence the prospects of their groups.  I feel as though understanding the factors that motivate foreign fighters would help to further the research on how they differ from local fighters.  This would allow for a more thorough analysis of the unique aspects of foreign fighters.",2,"Literature on the country of origins of foreign fighters, and on what motivates individuals to join insurgencies.  ",3,"Hypothesis: If individuals lack other economic prospects in their own nation, then they will be more highly motivated to join a foreign insurgency.  Flow diagram: If individuals lack other economic prospects, then they are more likely to seek out occupation through joining an insurgency.  If there are no insurgencies in their own nation, then they will join one in a foreign nation.",5,"I would need to collect data on economic prospects.  My independent variables would be factors like percentage of population living below the poverty line, unemployment rate, and educational attainment.  Another independent variable would be foreign fighters' most common nation of origin, which I would need in order to collect the economic data.  The dependent variable would be the rate at which people from that nation are joining foreign insurgencies.  ",5
2,6,"National pride is important for a variety of political issues, but what causes different levels of national pride is unknown. The researchers hypothesized that national pride is higher in places where a national identity has been around for a longer amount of time. In order to test this hypothesis, the researchers first created an index for the emergence of national identity by conducting a survey where experts of a particular country are asked when they believe national identity first emerged in the history of the country. Then, the researchers compared this data to answers from citizens in various European countries about how proud they are of their country. They found a significant positive correlation between longevity of national identity and levels of national pride. The researchers discussed how this could be due to a variety of factors, including an accumulation of experiences and higher diffusion among older countries. ",4,"Is national pride higher in countries that have participated heavily in a world war? 
This question brings in another factor other than the longevity of national identity that could influence national pride in a country. In addition, the longevity of national identity might not mean a higher feeling of national identity, which might be increased during war times. ",2,Wars and propaganda during war times.,3,"I hypothesize that national pride will be higher in countries that heavily participated in a world war. 
Countries that participate in a world war often use nationalist rhetoric in order to rally citizens in support of their cause. Therefore, even if national identity was formed rather recently, their national identity will be stronger in the face of war and will lead to an increase in national pride that may continue even to the present day. ",4,"How citizens of countries feel about their country in a survey, as a measure for national pride (dependent variable). Then, creating an index to rank how heavily certain countries were involved in a war, including troops, casualties, and time spent in the war (independent variable). These two would be compared, to see if more involvement in a world war leads to higher national pride. ",2,"The authors of this article are investigating the impact foreign fighters have on civil war outcomes. They hypothesized that foreign fighters of the same ethnicity as the people they join will benefit them more than foreign fighters of different ethnicities. They also hypothesized that foreign fighters that have traveled a greater distance will provide more benefit than those who are immediate to the country of conflict. They found that foreign fighters who fight for the rebel cause significantly decrease the chances of government victory. In addition, they found that those who come from countries further away benefit the rebel causes more than countries that are easily accessible. However, they did not find evidence for their first hypothesis that the ethnicity of the foreign fighters influences their benefits. Ultimately, the found that foreign fighters provide benefits to rebel causes in civil conflicts. ",4,"To what extent does the regime of the country of origin of foreign fighters impact how beneficial the fighters are to rebel causes? 

The article states the foreign fighters do benefit rebel causes since they decrease the chances of government victory. However, the article also found that this is not augmented by having similar ethnicities. This question asks whether another factor, the regime of the country sending the foreign fighters, influences the benefit given to rebel causes. ",5,"civil war, authoritarian and democratic regimes, foreign aid",3,"If the foreign fighters come from a regime different to the regime of the country with conflict, then they will provide more benefit to the rebel cause.

If foreign fighters come from a country with a different regime, then they are more likely to agree with the regime of their own country and therefore less likely to support the government of the country with conflict. This gives them more incentive to support the rebel causes and gives the rebels more reason to work with them since the rebels might want the type of regime that the foreign fighters come from. ",5,"I would do a similar regression analysis as done in the article. My independent variable would be regimes of the foreign and host countries. My dependent variable would be conflict outcome, especially government success rate. ",4
2,7,"The article explores the question of whether achieving a common national identity through diffusion is linked to national pride.  The authors explore wether homogeneity and the age of a nation affect how its citizens feel towards it as well as an exploration into what fosters national pride.  The authors conducted research into European states including former soviet states.

The conclusion of the studies and polls conducted is that the ""longevity of national identity"" is the key linking factor to national pride.  A country with a greater foundation in historical emergence has a greater chance of fostering more national pride in its citizens.  In other words, historical success and triumph to establish a nation as an independent body carrys through generations.",3,"Do racial and political diversity influence a persons sentiments on his national pride?

This article explored how national pride ties into how a country achieved its identity historically.  My question enhances this article because it ties into the racial breakdown of people.  Diverse countries generally have a history of fighting for justice which is linked to historical identity.",2,"Political order (state formation and collapse, revolutions, ethnicity and ethnic conflict), Social actors (social movements and civil society)",4,"More diverse countries foster less of a sense of national pride due to a probable history of injustice and violence

This hypothesis is logical because the maintenance of political order is often determined by citizen loyalty.  In racially divided nations, minority groups would have less loyalty to those in power.",3,"I would poll diverse nations as well as more homogeneous nations and see how the two differ in sentiment towards national identity.  I would also look into historical conflict that each nation has gone through and factor that into the data.  In this study, my independent variable would be racially diverse nations, my dependent variable would be political conflict.",4,"This article sought to answer the question of how much foreign combatants affect the conflicts they enter. These fighters, who often join the side of rebel groups battling their governments, are unpaid and they lack a link to the conflict.  Previous literature suggests that foreign fighters from neighboring countries benefit the rebels in the conflicts they enter. This article hypothesizes, by contrast, that combatants from distant states and those with a shared ethnic background are more dedicated to the cause and more impactful than those from neighboring nations. In general, foreign fighters are only impactful to the insurgent groups when they are dedicated to the cause. 

The researchers analyzed all civil conflicts between 1946 and 2013 to test the affects foreign fighters had on their rebel groups.  Conflict outcome is analyzed by the categories of peace agreement, government victory, rebel victory, and another outcome.  Foreign fighters were also analyzed for whether they participated in a local rebel insurgency or not.  The ethnicity of the fighter and distance they traveled to enter the conflict are also important variables to test the hypothesis. In the end, foreign fighters generally benefit rebel causes by increasing the likelihood that they will win.  Those who come from beyond neighboring countries decrease the odds of government victory by a greater margin than those from neighboring countries.  Co-ethnic fighters, on the other hand, do not show an increase in victories for the rebel groups.  However, rebel victory still does not occur very often even with the presence of distant foreign fighters. 
",5,"To what extent do small numbers of foreign fighters impact a conflict?

This question would provide answers regarding the size of foreign fighter populations.  This is one section of data that was not covered in the article.  Knowing how many foreign fighters it takes to alter the outcome of a conflict is important in knowing how these combatants affect conflict at all.  The current data discussed in the article falls short of providing enough information in terms of foreign fighter numbers.",4,"I would need to read about civil conflicts and their outcomes.  Within these conflicts, I would look at how previous literature discusses the number of foreign combatants.  Similar to the article, I would also need to look at where these fighters are from and what similarities (religious, ethnic, etc.) similarities they share with the rebel groups.  ",5,"Foreign fighters from distant countries are only significantly impactful in large numbers.  Foreign fighters from distant countries are less knowledgeable about the terrain/conditions of the country they are fighting in.  Less knowledge of conditions leads to less respect from local populations and a divide between other rebel groups.  A lack of knowledge in terrain makes for worse fighting.  Thus, small numbers of distant foreign fighters aren't impactful.  Large numbers, however, alter conflict culture and significance and will feed of each others lack of local knowledge.",4,"The independent variable would be foreign fighters while the independent variable would be the number of foreign fighters and where they are from.  I would collect data from civil conflicts over a period where I outline the number of foreign fighters in the conflict where they are from, and the outcome of the conflict.  I would analyze trends between large numbers of distant foreign fighters and a greater percentage of victory versus large numbers of neighboring insurgents and a lower percentage of victory.",5
2,8,"The article attempts to explain national pride by seeing how it relates to the longevity of national identity. A positive correlation was found between these two factors, with older nations having a higher degree of pride. Countries in Eastern Europe and the former Soviet Bloc were studied, and both average citizens and experts involved in the study. ",1,"Are there certain events that can cause a spike in national pride that maintains even after the event is no longer current?

The article found a connection between longevity of national identity and pride in the nation. It would be interesting to see how this builds over time. Research into the process behind national pride could look at events, such as 9/11 or the end of WWII, and see how this affects national pride.",2,"Newspapers, interviews, mass surveys",1,"Shock events are likely to increase national pride, however this increase is just temporary. ",2,,,"The authors attempt to identify the role foreign fighters play in internal conflicts. They find that, although foreigners are viewed positively by the rebel troops, there are a lot of conditions in play that determine whether the foreign fighters will benefit or hinder them. First off, foreigners need to agree and believe in the message of the rebels. They cannot be neutral or against the rebel cause as this would make them a negative to the rebels. For those who believe in the rebel cause, it is important that they are properly integrated into the rebel organization. 
Foreigners are not as familiar with the land, so guerilla warfare becomes more difficult for them. That is why it is important that the rebels have some type of training organization at the bare minimum. Additionally, the homeland of the foreigners plays an important role. People from neighboring nations are more likely to be sympathetic to the rebel cause. Foreigners from further away are more likely to side with the government forces.",4,"To what extent has social media changed foreign recruitment styles?

",5,"technology use, wireless capabilities",4,"As rebels gain greater access to social media capabilities, then the likelihood of success in their battle increases",5,"IV - access to social media
DV - likelihood of success
",3
2,9,"The main point of the article is present the data and results of Dimitrova, Eastwood,Grajzl. These three research decided to do some research on the orginis of nationalism, in so far as national pride. They hypothesized that national pride may impart come from age of nation. Specifically, all else being equal, Older nations should have more national pride than younger nations. this comes from the fact that older nations have more experiences to pull from for national pride. 
The researchers use experts to foundationally distinguish when national identity may have come into existence throughout history.  As well they use surveys to show the national pride of a random representative group of people in said nations. this leads to the results showing that the longevity of national identity is correlated with responses of high national pride.",2,"How does national pride relate to Xenophobia?

The article itself focuses heavily on the origins of national pride. In turn my research question would focus on the results of such pride. in a more complex study of the inter-relations between national pride and xenophobia i might be interested in using national identity as a principle to show how xenophobia might progress as pride does.
",2,Literature about the experiences of foreigners/ visitors to a country. ,1,"National pride is highly c\correlated with xenophobia.

It seems intuitive that higher pride in ones nations creates disdain for other. At the least pride is associated closely with an elitist mentality that when presented with the other(specifically the non-elite/ out group) typically shows disdain as a response.",2,Largely surveys and polls of the people in the populace looking for their feeling on national pride and and policy for those not already part of the in group.,2,"The key points made in the article are that foreign fighters have a major effect on insurgency. Some effects are in so far as the foreign fighter affect the perception of rebels amongst the populace. This affect seems to be predominantly negative depending on how close the foreign fighters are, effectively in culture, to the general populace.
Alternatively foreign fighters also have the effect of helping the rebels fight. If the fighters are from further away their are likely more of them to assist the rebels. This has the effect of rebels having more fighters and thus a higher chance of victory",3,"How do mercenary fighters affect the chances of success of government in defeating insurgency.

The original question is on how foreign fighters assist the rebels in insurgency. When thought of from the other side, the governments foreign fighters are often called mercenaries or defense contractors. These individuals, while expensive, may be very useful in defeating insurgency without draining the national military of personnel.",5,"Insurgency, mercenaries, foreign fighter, defense contractor, rebel groups, etc.",4,"Increased spending for defense contractors lead to a higher chance of victory against insurgence.

Increasing spending on defense contractor brings more expert mercenaries to your area. These experts understand warfare and insurgency better than formal military. Overall better fighting rebels. Increase in overall fighting force means it‚Äôs easier to stomp out rebellion. Rebellion is defeated.",5,"Mercenary/ defense contractor usage by governments. Prices for such usage. Military might, amount of personnel and funding for military.",2
Average,1,,4.5,,3.5,,3,,3.5,,3.5,,5,,4.5,,4,,4.5,,4.5
Average,2,,4.5,,3.5,,3,,3.5,,3.5,,4.5,,4.5,,4.5,,5,,5
Average,3,,1.5,,2,,2,,2.5,,2,,4,,4.5,,3.5,,5,,4.5
Average,5,,2.5,,2,,3,,2,,3.5,,3.5,,2.5,,3.5,,5,,4.5
Average,6,,4,,2,,3.5,,4,,2.5,,4.5,,5,,4,,5,,4
Average,7,,2.5,,2,,4,,3.5,,4,,5,,4,,4.5,,4,,5
Average,8,,1,,3,,2,,2,,,,4,,4.5,,3.5,,5,,3
Average,9,,2.5,,2.5,,2,,2.5,,2,,2.5,,5,,4.5,,5,,2.5
Difference,1,,1,,1,,2,,-1,,1,,0,,-1,,0,,1,,1
Difference,2,,-1,,1,,2,,-1,,1,,-1,,1,,-1,,0,,0
Difference,3,,1,,0,,2,,1,,0,,2,,-1,,1,,0,,-1
Difference,5,,1,,0,,0,,0,,-1,,1,,1,,1,,0,,-1
Difference,6,,0,,0,,1,,0,,1,,1,,0,,2,,0,,0
Difference,7,,-1,,0,,0,,1,,0,,0,,0,,-1,,0,,0
Difference,8,,0,,2,,2,,0,,0,,0,,-1,,-1,,0,,0
Difference,9,,1,,1,,2,,1,,0,,-1,,0,,1,,0,,1