﻿Student,Gender,Race,Year,Enrollment,Skills,Teaching Techniques,Major,PS Classes,AP Classes,Pre Experience: Reading any discipline,Pre Experience: Reading PS,Pre Experience: Literature Search,Pre Experience: RQ,Pre Experience: Theory,Post Importance: Apply Course Ideas,Post Important: Involved,Post Important: Interests,Post Important: New Ideas,Pre Confidence Key Points,Pre Confidence RQ,Pre Confidence Literature,Pre Confidence Sources,Pre Confidence Hypotheses,Pre Confidence Variables,Pre Confidence RD,Pre Confidence Writing,Pre Understand PS,Pre Understand PS Research Methods,Pre Social Scientist,Post Confidence Key Points,Post Confidence RQ,Post Confidence Literature,Post Confidence Sources,Post Confidence Hypotheses,Post Confidence Variables,Post Confidence RD,Post Confidence Writing,Post Understand PS,Post Understand PS Research Methods,Post Social Scientist,Net Confidence Key Points,Net Confidence RQ,Net Confidence Literature,Net Confidence Sources,Net Confidence Hypotheses,Net Confidence Variables,Net Confidence RD,Net Confidence Writing,Net Understand PS,Net Understand PS Research Methods,Net Social Scientist
1,M,White,Junior,Requirement,"What was described in class, a broad overview of the institutions that comparative politics studies with specific countries as case studies as well as the research project, fits pretty well with my expectations.",Lecture/Discussion,International and Area Studies,American Legislative Process ,10,5,3,3,3,2,3,5,5,5,3,4,3,2,2,2,2,3,4,3,2,5,5,4,4,4,5,4,4,5,4,3,2,1,1,2,2,3,2,1,1,1,1
2,M,White,Freshman,Interest,I would like to become more familiar will the methodology and research techniques of political scientists as well as learn about different countries. I am planning to take a lot of political science courses here at WashU and I feel like this course will give me a great foundation to build upon.,Interactive Lectures,Political Science,None,5,2,1,1,1,1,5,5,5,5,2,2,2,2,3,1,1,1,4,2,3,3,4,4,3,3,4,4,4,5,3,5,1,2,2,1,0,3,3,3,1,1,2
3,F,Asian,HS Senior,Interest,Skills of reading long politics related articles and methods of analyzing. ,Visual,Economics,None,1,2,1,1,1,1,4,3,2,4,1,1,1,1,1,1,1,1,2,1,1,3,4,4,4,4,4,4,3,4,4,2,2,3,3,3,3,3,3,2,2,3,1
4,F,White,HS Senior,Interest,"A knowledge of politics that allows me to analyze political systems, as well as function as an educated member of society.",Variety,Pre-Law,None,2,1,1,1,1,1,,,,,1,1,1,1,1,2,1,1,4,3,2,4,4,4,4,3,4,4,3,5,5,3,3,3,3,3,2,2,3,2,1,2,1
5,F,White,Junior,Requirement,Better understand international political institutions and their interactions with one another,Lecture/Discussion,Psychology,Introduction to American Politics,,4,2,2,1,1,4,4,3,3,3,3,2,2,2,2,1,1,2,1,2,4,4,4,4,4,4,3,3,4,3,3,1,1,2,2,2,2,2,2,2,2,1
6,F,Indian,Senior,Interest,"I would like to learn more about political systems, especially in other parts of the world",Group Work,Neuroscience,None,15,5,1,1,1,1,4,4,5,5,3,2,3,4,3,3,2,2,3,2,1,4,4,4,4,3,4,3,4,5,4,2,1,2,1,0,0,1,1,2,2,2,1
7,M,White,Junior,Major Requirement,I took comparative government in high school and it was structured much differently in this course.  I'd like to learn more about political factors and how different structures effect different areas of the world,Discussions,Statistics and Political Science,"intro to Environmental Studies; Globalization, Urbanization and the Environment; and International Political Economy",9,4,2,2,2,3,4,4,4,5,3,3,2,2,3,3,3,2,4,4,3,4,5,4,3,4,5,3,4,5,4,4,1,2,2,1,1,2,0,2,1,0,1
8,M,White,Junior,Major Requirement,I would like to learn about the research process.,Visual,Political Science,"Introduction to American Politics, Introduction to Political Theory, Introduction to Environmental Policy, Religious Freedom in America, Topics in Politics: Theories of Social Justice, Topics in Politics: The International Political Economy of Finance",6,3,3,2,1,1,5,5,5,5,4,3,2,1,1,1,1,1,5,3,3,5,5,5,5,5,5,5,5,5,5,5,1,2,3,4,4,4,4,4,0,2,2
9,M,Black,Sophomore,Interest,"I Would like to get a better understanding of politics from different perspectives and different nations.
.",Data,Finance and Accounting,None,24,4,1,1,3,1,5,3,4,4,1,2,3,3,4,3,1,1,1,1,1,4,5,3,4,5,5,5,4,5,5,3,3,3,0,1,1,2,4,3,4,4,2