Region,Year,Hotel_pchange,Air_pchange,Warsaw,Regional
Czech Republic,1/1/01,,,,
Estonia,1/1/01,,,,
Hungary,1/1/01,,,,
Latvia,1/1/01,,,,
Lithuania,1/1/01,,,,
Poland,1/1/01,,,,
Slovenia,1/1/01,34.7,,,
Slovakia,1/1/01,,,,
Malta,1/1/01,,,,
Cyprus,1/1/01,-57.1,,,
EU 2007,1/1/01,-11.2,,,
EU 2007 Mainland,1/1/01,34.7,,,
Other,1/1/01,9.888235294,,,
Czech Republic,2/1/01,,,,
Estonia,2/1/01,,,,
Hungary,2/1/01,,,,
Latvia,2/1/01,,,,
Lithuania,2/1/01,,,,
Poland,2/1/01,,,,
Slovenia,2/1/01,60.3,,,
Slovakia,2/1/01,,,,
Malta,2/1/01,,,,
Cyprus,2/1/01,-77.8,,,
EU 2007,2/1/01,-8.75,,,
EU 2007 Mainland,2/1/01,60.3,,,
Other,2/1/01,6.152941176,,,
Czech Republic,3/1/01,,,,
Estonia,3/1/01,,,,
Hungary,3/1/01,,,,
Latvia,3/1/01,,,,
Lithuania,3/1/01,,,,
Poland,3/1/01,,,,
Slovenia,3/1/01,105.7,,,
Slovakia,3/1/01,,,,
Malta,3/1/01,,,,
Cyprus,3/1/01,-60.9,,,
EU 2007,3/1/01,22.4,,,
EU 2007 Mainland,3/1/01,105.7,,,
Other,3/1/01,8.647058824,,,
Czech Republic,4/1/01,,,,
Estonia,4/1/01,,,,
Hungary,4/1/01,,,,
Latvia,4/1/01,,,,
Lithuania,4/1/01,,,,
Poland,4/1/01,,,,
Slovenia,4/1/01,71.1,,,
Slovakia,4/1/01,,,,
Malta,4/1/01,,,,
Cyprus,4/1/01,78.7,,,
EU 2007,4/1/01,74.9,,,
EU 2007 Mainland,4/1/01,71.1,,,
Other,4/1/01,11.01764706,,,
Czech Republic,5/1/01,,,,
Estonia,5/1/01,,,,
Hungary,5/1/01,,,,
Latvia,5/1/01,,,,
Lithuania,5/1/01,,,,
Poland,5/1/01,,,,
Slovenia,5/1/01,127.6,,,
Slovakia,5/1/01,,,,
Malta,5/1/01,,,,
Cyprus,5/1/01,33.7,,,
EU 2007,5/1/01,80.65,,,
EU 2007 Mainland,5/1/01,127.6,,,
Other,5/1/01,20.13333333,,,
Czech Republic,6/1/01,,,,
Estonia,6/1/01,,,,
Hungary,6/1/01,,,,
Latvia,6/1/01,,,,
Lithuania,6/1/01,,,,
Poland,6/1/01,,,,
Slovenia,6/1/01,43.6,,,
Slovakia,6/1/01,,,,
Malta,6/1/01,,,,
Cyprus,6/1/01,-54,,,
EU 2007,6/1/01,-5.2,,,
EU 2007 Mainland,6/1/01,43.6,,,
Other,6/1/01,29.60555556,,,
Czech Republic,7/1/01,,,,
Estonia,7/1/01,,,,
Hungary,7/1/01,,,,
Latvia,7/1/01,,,,
Lithuania,7/1/01,,,,
Poland,7/1/01,,,,
Slovenia,7/1/01,26.3,,,
Slovakia,7/1/01,,,,
Malta,7/1/01,,,,
Cyprus,7/1/01,144.9,,,
EU 2007,7/1/01,85.6,,,
EU 2007 Mainland,7/1/01,26.3,,,
Other,7/1/01,40.8,,,
Czech Republic,8/1/01,,,,
Estonia,8/1/01,,,,
Hungary,8/1/01,,,,
Latvia,8/1/01,,,,
Lithuania,8/1/01,,,,
Poland,8/1/01,,,,
Slovenia,8/1/01,17.4,,,
Slovakia,8/1/01,,,,
Malta,8/1/01,,,,
Cyprus,8/1/01,275.4,,,
EU 2007,8/1/01,146.4,,,
EU 2007 Mainland,8/1/01,17.4,,,
Other,8/1/01,38.14444444,,,
Czech Republic,9/1/01,,,,
Estonia,9/1/01,,,,
Hungary,9/1/01,,,,
Latvia,9/1/01,,,,
Lithuania,9/1/01,,,,
Poland,9/1/01,,,,
Slovenia,9/1/01,32.8,,,
Slovakia,9/1/01,,,,
Malta,9/1/01,,,,
Cyprus,9/1/01,115.1,,,
EU 2007,9/1/01,73.95,,,
EU 2007 Mainland,9/1/01,32.8,,,
Other,9/1/01,7.861111111,,,
Czech Republic,10/1/01,,,,
Estonia,10/1/01,,,,
Hungary,10/1/01,,,,
Latvia,10/1/01,,,,
Lithuania,10/1/01,,,,
Poland,10/1/01,,,,
Slovenia,10/1/01,182,,,
Slovakia,10/1/01,,,,
Malta,10/1/01,,,,
Cyprus,10/1/01,226.8,,,
EU 2007,10/1/01,204.4,,,
EU 2007 Mainland,10/1/01,182,,,
Other,10/1/01,11.85882353,,,
Czech Republic,11/1/01,,,,
Estonia,11/1/01,,,,
Hungary,11/1/01,,,,
Latvia,11/1/01,,,,
Lithuania,11/1/01,,,,
Poland,11/1/01,,,,
Slovenia,11/1/01,234.9,,,
Slovakia,11/1/01,,,,
Malta,11/1/01,,,,
Cyprus,11/1/01,357.1,,,
EU 2007,11/1/01,296,,,
EU 2007 Mainland,11/1/01,234.9,,,
Other,11/1/01,17.80588235,,,
Czech Republic,12/1/01,,,,
Estonia,12/1/01,,,,
Hungary,12/1/01,,,,
Latvia,12/1/01,,,,
Lithuania,12/1/01,,,,
Poland,12/1/01,,,,
Slovenia,12/1/01,103,,,
Slovakia,12/1/01,,,,
Malta,12/1/01,,,,
Cyprus,12/1/01,18.2,,,
EU 2007,12/1/01,60.6,,,
EU 2007 Mainland,12/1/01,103,,,
Other,12/1/01,1.041176471,,,
Czech Republic,1/1/02,,,,
Estonia,1/1/02,,,,
Hungary,1/1/02,-17.8,,,
Latvia,1/1/02,,,,
Lithuania,1/1/02,,,,
Poland,1/1/02,,,,
Slovenia,1/1/02,-7.6,,,
Slovakia,1/1/02,,,,
Malta,1/1/02,,,,
Cyprus,1/1/02,4066.7,,,
EU 2007,1/1/02,1347.1,,,
EU 2007 Mainland,1/1/02,-12.7,,,
Other,1/1/02,2.258823529,,,
Czech Republic,2/1/02,,,,
Estonia,2/1/02,,,,
Hungary,2/1/02,0.1,,,
Latvia,2/1/02,,,,
Lithuania,2/1/02,,,,
Poland,2/1/02,,,,
Slovenia,2/1/02,-1.7,,,
Slovakia,2/1/02,,,,
Malta,2/1/02,,,,
Cyprus,2/1/02,3600,,,
EU 2007,2/1/02,1199.466667,,,
EU 2007 Mainland,2/1/02,-0.8,,,
Other,2/1/02,18.64705882,,,
Czech Republic,3/1/02,,,,
Estonia,3/1/02,,,,
Hungary,3/1/02,-6.9,,,
Latvia,3/1/02,,,,
Lithuania,3/1/02,,,,
Poland,3/1/02,,,,
Slovenia,3/1/02,54.7,,,
Slovakia,3/1/02,,,,
Malta,3/1/02,,,,
Cyprus,3/1/02,916,,,
EU 2007,3/1/02,321.2666667,,,
EU 2007 Mainland,3/1/02,23.9,,,
Other,3/1/02,31.68235294,,,
Czech Republic,4/1/02,,,,
Estonia,4/1/02,,,,
Hungary,4/1/02,-34.4,,,
Latvia,4/1/02,,,,
Lithuania,4/1/02,,,,
Poland,4/1/02,,,,
Slovenia,4/1/02,-4.2,,,
Slovakia,4/1/02,,,,
Malta,4/1/02,,,,
Cyprus,4/1/02,74.7,,,
EU 2007,4/1/02,12.03333333,,,
EU 2007 Mainland,4/1/02,-19.3,,,
Other,4/1/02,-12.24705882,,,
Czech Republic,5/1/02,,,,
Estonia,5/1/02,,,,
Hungary,5/1/02,18.6,,,
Latvia,5/1/02,,,,
Lithuania,5/1/02,,,,
Poland,5/1/02,,,,
Slovenia,5/1/02,41.3,,,
Slovakia,5/1/02,,,,
Malta,5/1/02,,,,
Cyprus,5/1/02,68,,,
EU 2007,5/1/02,42.63333333,,,
EU 2007 Mainland,5/1/02,29.95,,,
Other,5/1/02,17.67058824,,,
Czech Republic,6/1/02,,,,
Estonia,6/1/02,,,,
Hungary,6/1/02,-11,,,
Latvia,6/1/02,,,,
Lithuania,6/1/02,,,,
Poland,6/1/02,,,,
Slovenia,6/1/02,-10.8,,,
Slovakia,6/1/02,,,,
Malta,6/1/02,,,,
Cyprus,6/1/02,67.4,,,
EU 2007,6/1/02,15.2,,,
EU 2007 Mainland,6/1/02,-10.9,,,
Other,6/1/02,-2.341176471,,,
Czech Republic,7/1/02,,,,
Estonia,7/1/02,,,,
Hungary,7/1/02,-14.3,,,
Latvia,7/1/02,,,,
Lithuania,7/1/02,,,,
Poland,7/1/02,,,,
Slovenia,7/1/02,5.5,,,
Slovakia,7/1/02,,,,
Malta,7/1/02,,,,
Cyprus,7/1/02,23.3,,,
EU 2007,7/1/02,4.833333333,,,
EU 2007 Mainland,7/1/02,-4.4,,,
Other,7/1/02,-0.141176471,,,
Czech Republic,8/1/02,,,,
Estonia,8/1/02,,,,
Hungary,8/1/02,-14.1,,,
Latvia,8/1/02,,,,
Lithuania,8/1/02,,,,
Poland,8/1/02,,,,
Slovenia,8/1/02,0.7,,,
Slovakia,8/1/02,,,,
Malta,8/1/02,,,,
Cyprus,8/1/02,-5.4,,,
EU 2007,8/1/02,-6.266666667,,,
EU 2007 Mainland,8/1/02,-6.7,,,
Other,8/1/02,2.435294118,,,
Czech Republic,9/1/02,,,,
Estonia,9/1/02,,,,
Hungary,9/1/02,-6.1,,,
Latvia,9/1/02,,,,
Lithuania,9/1/02,,,,
Poland,9/1/02,,,,
Slovenia,9/1/02,7.6,,,
Slovakia,9/1/02,,,,
Malta,9/1/02,,,,
Cyprus,9/1/02,11.7,,,
EU 2007,9/1/02,4.4,,,
EU 2007 Mainland,9/1/02,0.75,,,
Other,9/1/02,8.605882353,,,
Czech Republic,10/1/02,,,,
Estonia,10/1/02,,,,
Hungary,10/1/02,-14.1,,,
Latvia,10/1/02,,,,
Lithuania,10/1/02,,,,
Poland,10/1/02,,,,
Slovenia,10/1/02,-14.9,,,
Slovakia,10/1/02,,,,
Malta,10/1/02,,,,
Cyprus,10/1/02,159,,,
EU 2007,10/1/02,43.33333333,,,
EU 2007 Mainland,10/1/02,-14.5,,,
Other,10/1/02,176.4764706,,,
Czech Republic,11/1/02,,,,
Estonia,11/1/02,,,,
Hungary,11/1/02,-17,,,
Latvia,11/1/02,,,,
Lithuania,11/1/02,,,,
Poland,11/1/02,,,,
Slovenia,11/1/02,-23.9,,,
Slovakia,11/1/02,,,,
Malta,11/1/02,,,,
Cyprus,11/1/02,184.4,,,
EU 2007,11/1/02,47.83333333,,,
EU 2007 Mainland,11/1/02,-20.45,,,
Other,11/1/02,146.1411765,,,
Czech Republic,12/1/02,,,,
Estonia,12/1/02,,,,
Hungary,12/1/02,-29.1,,,
Latvia,12/1/02,,,,
Lithuania,12/1/02,,,,
Poland,12/1/02,,,,
Slovenia,12/1/02,-18.3,,,
Slovakia,12/1/02,,,,
Malta,12/1/02,,,,
Cyprus,12/1/02,438.5,,,
EU 2007,12/1/02,130.3666667,,,
EU 2007 Mainland,12/1/02,-23.7,,,
Other,12/1/02,79.61764706,,,
Czech Republic,1/1/03,-4.4,,,
Estonia,1/1/03,,,,
Hungary,1/1/03,-20.3,,,
Latvia,1/1/03,,,,
Lithuania,1/1/03,,,,
Poland,1/1/03,,,,
Slovenia,1/1/03,16.3,,,
Slovakia,1/1/03,,,,
Malta,1/1/03,,,,
Cyprus,1/1/03,-56,,,
EU 2007,1/1/03,-16.1,,,
EU 2007 Mainland,1/1/03,-2.8,,,
Other,1/1/03,22.25,,,
Czech Republic,2/1/03,5,,,
Estonia,2/1/03,,,,
Hungary,2/1/03,-24.6,,,
Latvia,2/1/03,,,,
Lithuania,2/1/03,,,,
Poland,2/1/03,,,,
Slovenia,2/1/03,-2,,,
Slovakia,2/1/03,,,,
Malta,2/1/03,,,,
Cyprus,2/1/03,-54.7,,,
EU 2007,2/1/03,-19.075,,,
EU 2007 Mainland,2/1/03,-7.2,,,
Other,2/1/03,-0.7,,,
Czech Republic,3/1/03,-21.6,,,
Estonia,3/1/03,,,,
Hungary,3/1/03,-19.2,,,
Latvia,3/1/03,,,,
Lithuania,3/1/03,,,,
Poland,3/1/03,,,,
Slovenia,3/1/03,-36.6,,,
Slovakia,3/1/03,,,,
Malta,3/1/03,,,,
Cyprus,3/1/03,-77.8,,,
EU 2007,3/1/03,-38.8,,,
EU 2007 Mainland,3/1/03,-25.8,,,
Other,3/1/03,4.855555556,,,
Czech Republic,4/1/03,-1.5,,,
Estonia,4/1/03,,,,
Hungary,4/1/03,15.5,,,
Latvia,4/1/03,,,,
Lithuania,4/1/03,,,,
Poland,4/1/03,,,,
Slovenia,4/1/03,14,,,
Slovakia,4/1/03,,,,
Malta,4/1/03,,,,
Cyprus,4/1/03,65.1,,,
EU 2007,4/1/03,23.275,,,
EU 2007 Mainland,4/1/03,9.333333333,,,
Other,4/1/03,22.35555556,,,
Czech Republic,5/1/03,-8.6,,,
Estonia,5/1/03,,,,
Hungary,5/1/03,-21.1,,,
Latvia,5/1/03,,,,
Lithuania,5/1/03,,,,
Poland,5/1/03,,,,
Slovenia,5/1/03,-16.7,,,
Slovakia,5/1/03,,,,
Malta,5/1/03,,,,
Cyprus,5/1/03,43.5,,,
EU 2007,5/1/03,-0.725,,,
EU 2007 Mainland,5/1/03,-15.46666667,,,
Other,5/1/03,22.05555556,,,
Czech Republic,6/1/03,23.8,,,
Estonia,6/1/03,,,,
Hungary,6/1/03,0.4,,,
Latvia,6/1/03,,,,
Lithuania,6/1/03,,,,
Poland,6/1/03,,,,
Slovenia,6/1/03,34.2,,,
Slovakia,6/1/03,,,,
Malta,6/1/03,,,,
Cyprus,6/1/03,44.8,,,
EU 2007,6/1/03,25.8,,,
EU 2007 Mainland,6/1/03,19.46666667,,,
Other,6/1/03,27.93529412,,,
Czech Republic,7/1/03,35.7,,,
Estonia,7/1/03,,,,
Hungary,7/1/03,-7,,,
Latvia,7/1/03,,,,
Lithuania,7/1/03,,,,
Poland,7/1/03,,,,
Slovenia,7/1/03,6.1,,,
Slovakia,7/1/03,,,,
Malta,7/1/03,,,,
Cyprus,7/1/03,50.6,,,
EU 2007,7/1/03,21.35,,,
EU 2007 Mainland,7/1/03,11.6,,,
Other,7/1/03,7.535294118,,,
Czech Republic,8/1/03,112.9,,,
Estonia,8/1/03,,,,
Hungary,8/1/03,5.8,,,
Latvia,8/1/03,,,,
Lithuania,8/1/03,,,,
Poland,8/1/03,,,,
Slovenia,8/1/03,16.7,,,
Slovakia,8/1/03,,,,
Malta,8/1/03,,,,
Cyprus,8/1/03,55.2,,,
EU 2007,8/1/03,47.65,,,
EU 2007 Mainland,8/1/03,45.13333333,,,
Other,8/1/03,13.38235294,,,
Czech Republic,9/1/03,86.2,,,
Estonia,9/1/03,,,,
Hungary,9/1/03,4.3,,,
Latvia,9/1/03,,,,
Lithuania,9/1/03,,,,
Poland,9/1/03,,,,
Slovenia,9/1/03,7.6,,,
Slovakia,9/1/03,,,,
Malta,9/1/03,,,,
Cyprus,9/1/03,39.6,,,
EU 2007,9/1/03,34.425,,,
EU 2007 Mainland,9/1/03,32.7,,,
Other,9/1/03,16.50588235,,,
Czech Republic,10/1/03,45.5,,,
Estonia,10/1/03,,,,
Hungary,10/1/03,26.7,,,
Latvia,10/1/03,,,,
Lithuania,10/1/03,,,,
Poland,10/1/03,,,,
Slovenia,10/1/03,-9.9,,,
Slovakia,10/1/03,,,,
Malta,10/1/03,,,,
Cyprus,10/1/03,24.6,,,
EU 2007,10/1/03,21.725,,,
EU 2007 Mainland,10/1/03,20.76666667,,,
Other,10/1/03,20.73529412,,,
Czech Republic,11/1/03,48.2,,,
Estonia,11/1/03,,,,
Hungary,11/1/03,42.8,,,
Latvia,11/1/03,,,,
Lithuania,11/1/03,,,,
Poland,11/1/03,,,,
Slovenia,11/1/03,-15.4,,,
Slovakia,11/1/03,,,,
Malta,11/1/03,,,,
Cyprus,11/1/03,70.3,,,
EU 2007,11/1/03,36.475,,,
EU 2007 Mainland,11/1/03,25.2,,,
Other,11/1/03,12.97058824,,,
Czech Republic,12/1/03,139.9,,,
Estonia,12/1/03,,,,
Hungary,12/1/03,34,,,
Latvia,12/1/03,,,,
Lithuania,12/1/03,,,,
Poland,12/1/03,,,,
Slovenia,12/1/03,36.6,,,
Slovakia,12/1/03,,,,
Malta,12/1/03,,,,
Cyprus,12/1/03,-30,,,
EU 2007,12/1/03,45.125,,,
EU 2007 Mainland,12/1/03,70.16666667,,,
Other,12/1/03,6.3875,,,
Czech Republic,1/1/04,12.4,,,
Estonia,1/1/04,-35.5,,,
Hungary,1/1/04,18.7,,,
Latvia,1/1/04,-11.9,,,
Lithuania,1/1/04,,,,
Poland,1/1/04,-26.6,,,
Slovenia,1/1/04,11.7,,,
Slovakia,1/1/04,-14.3,,,
Malta,1/1/04,61.4,,,
Cyprus,1/1/04,20,,,
EU 2007,1/1/04,3.988888889,,,
EU 2007 Mainland,1/1/04,-6.5,,,
Other,1/1/04,17.0125,,,
Czech Republic,2/1/04,31,,,
Estonia,2/1/04,-31.3,,,
Hungary,2/1/04,22.9,,,
Latvia,2/1/04,0,,,
Lithuania,2/1/04,,,,
Poland,2/1/04,-24.8,,,
Slovenia,2/1/04,18.3,,,
Slovakia,2/1/04,3.2,,,
Malta,2/1/04,-52.2,,,
Cyprus,2/1/04,13.4,,,
EU 2007,2/1/04,-2.166666667,,,
EU 2007 Mainland,2/1/04,2.757142857,,,
Other,2/1/04,41.025,,,
Czech Republic,3/1/04,39,,,
Estonia,3/1/04,-39.2,,,
Hungary,3/1/04,3.4,,,
Latvia,3/1/04,-39.7,,,
Lithuania,3/1/04,,,,
Poland,3/1/04,-23.4,,,
Slovenia,3/1/04,24.7,,,
Slovakia,3/1/04,4.6,,,
Malta,3/1/04,-66.7,,,
Cyprus,3/1/04,65.5,,,
EU 2007,3/1/04,-3.533333333,,,
EU 2007 Mainland,3/1/04,-4.371428571,,,
Other,3/1/04,1.96875,,,
Czech Republic,4/1/04,23.9,,,
Estonia,4/1/04,-17.8,,,
Hungary,4/1/04,1.4,,,
Latvia,4/1/04,62.1,,,
Lithuania,4/1/04,,,,
Poland,4/1/04,-14.9,,,
Slovenia,4/1/04,13.5,,,
Slovakia,4/1/04,1.2,,,
Malta,4/1/04,-47.1,,,
Cyprus,4/1/04,-9,,,
EU 2007,4/1/04,1.477777778,,,
EU 2007 Mainland,4/1/04,9.914285714,,,
Other,4/1/04,4,,,
Czech Republic,5/1/04,28.1,,,
Estonia,5/1/04,-17.7,,,
Hungary,5/1/04,2,,,
Latvia,5/1/04,-4.2,,,
Lithuania,5/1/04,,,,
Poland,5/1/04,-19.4,,,
Slovenia,5/1/04,46.6,,,
Slovakia,5/1/04,-20.4,,,
Malta,5/1/04,-19.5,,,
Cyprus,5/1/04,40.1,,,
EU 2007,5/1/04,3.955555556,,,
EU 2007 Mainland,5/1/04,2.142857143,,,
Other,5/1/04,15.61176471,,,
Czech Republic,6/1/04,20.3,,,
Estonia,6/1/04,-21.3,,,
Hungary,6/1/04,-22.6,,,
Latvia,6/1/04,39.1,,,
Lithuania,6/1/04,,,,
Poland,6/1/04,-13,,,
Slovenia,6/1/04,-3.8,,,
Slovakia,6/1/04,-19.7,,,
Malta,6/1/04,7,,,
Cyprus,6/1/04,47.9,,,
EU 2007,6/1/04,3.766666667,,,
EU 2007 Mainland,6/1/04,-3,,,
Other,6/1/04,-9.482352941,,,
Czech Republic,7/1/04,22.9,,,
Estonia,7/1/04,9.5,,,
Hungary,7/1/04,-10.9,,,
Latvia,7/1/04,99.4,,,
Lithuania,7/1/04,,,,
Poland,7/1/04,-2.8,,,
Slovenia,7/1/04,15.8,,,
Slovakia,7/1/04,-18.2,,,
Malta,7/1/04,-18.8,,,
Cyprus,7/1/04,20.6,,,
EU 2007,7/1/04,13.05555556,,,
EU 2007 Mainland,7/1/04,16.52857143,,,
Other,7/1/04,2.205882353,,,
Czech Republic,8/1/04,18.8,,,
Estonia,8/1/04,8.3,,,
Hungary,8/1/04,-5.3,,,
Latvia,8/1/04,183.8,,,
Lithuania,8/1/04,,,,
Poland,8/1/04,-6.1,,,
Slovenia,8/1/04,22.9,,,
Slovakia,8/1/04,-11.8,,,
Malta,8/1/04,-2.7,,,
Cyprus,8/1/04,18.9,,,
EU 2007,8/1/04,25.2,,,
EU 2007 Mainland,8/1/04,30.08571429,,,
Other,8/1/04,-1.147058824,,,
Czech Republic,9/1/04,16.8,,,
Estonia,9/1/04,8.3,,,
Hungary,9/1/04,-9.4,,,
Latvia,9/1/04,144.9,,,
Lithuania,9/1/04,,,,
Poland,9/1/04,-12.5,,,
Slovenia,9/1/04,25.7,,,
Slovakia,9/1/04,-6.4,,,
Malta,9/1/04,51,,,
Cyprus,9/1/04,2.8,,,
EU 2007,9/1/04,24.57777778,,,
EU 2007 Mainland,9/1/04,23.91428571,,,
Other,9/1/04,9.458823529,,,
Czech Republic,10/1/04,9,,,
Estonia,10/1/04,-16,,,
Hungary,10/1/04,-5.3,,,
Latvia,10/1/04,97.8,,,
Lithuania,10/1/04,,,,
Poland,10/1/04,-1.9,,,
Slovenia,10/1/04,59.1,,,
Slovakia,10/1/04,16.6,,,
Malta,10/1/04,109.3,,,
Cyprus,10/1/04,25,,,
EU 2007,10/1/04,32.62222222,,,
EU 2007 Mainland,10/1/04,22.75714286,,,
Other,10/1/04,0.76875,,,
Czech Republic,11/1/04,22.6,,,
Estonia,11/1/04,17.9,,,
Hungary,11/1/04,-13.7,,,
Latvia,11/1/04,-11.5,,,
Lithuania,11/1/04,,,,
Poland,11/1/04,-22.6,,,
Slovenia,11/1/04,41,,,
Slovakia,11/1/04,22.2,,,
Malta,11/1/04,-23,,,
Cyprus,11/1/04,-4.5,,,
EU 2007,11/1/04,3.155555556,,,
EU 2007 Mainland,11/1/04,7.985714286,,,
Other,11/1/04,10.2375,,,
Czech Republic,12/1/04,11.9,,,
Estonia,12/1/04,-12.8,,,
Hungary,12/1/04,5.9,,,
Latvia,12/1/04,1565,,,
Lithuania,12/1/04,,,,
Poland,12/1/04,-27.9,,,
Slovenia,12/1/04,0.5,,,
Slovakia,12/1/04,9.3,,,
Malta,12/1/04,1.6,,,
Cyprus,12/1/04,6.1,,,
EU 2007,12/1/04,173.2888889,,,
EU 2007 Mainland,12/1/04,221.7,,,
Other,12/1/04,-1.4625,,,
Czech Republic,1/1/05,-1.4,,,
Estonia,1/1/05,45.6,,,
Hungary,1/1/05,18.5,30.95585427,,
Latvia,1/1/05,91,91.18209005,,
Lithuania,1/1/05,41.9,,,
Poland,1/1/05,14.1,25.7691709,16.21316357,55.56803941
Slovenia,1/1/05,18.1,18.03898559,,
Slovakia,1/1/05,16,,,
Malta,1/1/05,40.7,6.548273875,,
Cyprus,1/1/05,-16.7,352.6590122,,
EU 2007,1/1/05,26.78,87.52556448,,
EU 2007 Mainland,1/1/05,30.475,41.4865252,,
Other,1/1/05,1.36875,8.874561282,,
Czech Republic,2/1/05,-17.2,,,
Estonia,2/1/05,170.1,,,
Hungary,2/1/05,23.6,31.55365134,,
Latvia,2/1/05,362.3,87.54357789,,
Lithuania,2/1/05,10.3,,,
Poland,2/1/05,4.6,19.20378461,16.21316357,55.56803941
Slovenia,2/1/05,23.7,19.75198634,,
Slovakia,2/1/05,2.1,,,
Malta,2/1/05,35.4,-6.205517323,,
Cyprus,2/1/05,19.7,238.8989383,,
EU 2007,2/1/05,63.46,65.12440352,,
EU 2007 Mainland,2/1/05,72.4375,39.51325004,,
Other,2/1/05,-6.31875,3.972167231,,
Czech Republic,3/1/05,-8.2,,,
Estonia,3/1/05,160.3,,,
Hungary,3/1/05,33.5,44.05030651,,
Latvia,3/1/05,267.1,104.9105194,,
Lithuania,3/1/05,52,,,
Poland,3/1/05,12.4,21.67347261,16.21316357,55.56803941
Slovenia,3/1/05,74,35.93057355,,
Slovakia,3/1/05,23.9,,,
Malta,3/1/05,265,9.761700669,,
Cyprus,3/1/05,23,258.5131977,,
EU 2007,3/1/05,90.3,79.13996174,,
EU 2007 Mainland,3/1/05,76.875,51.64121802,,
Other,3/1/05,33.11875,7.695397066,,
Czech Republic,4/1/05,-22.9,,,
Estonia,4/1/05,53.4,,,
Hungary,4/1/05,-21.9,31.36353688,,
Latvia,4/1/05,63.6,82.22033403,,
Lithuania,4/1/05,15.6,,,
Poland,4/1/05,1.1,20.57833946,16.21316357,55.56803941
Slovenia,4/1/05,-19.1,20.88805503,,
Slovakia,4/1/05,19.7,55.83888149,,
Malta,4/1/05,204.5,-8.709991121,,
Cyprus,4/1/05,-8.3,260.320401,,
EU 2007,4/1/05,28.57,66.07136526,,
EU 2007 Mainland,4/1/05,11.1875,42.17782938,,
Other,4/1/05,-17.2625,4.576174306,,
Czech Republic,5/1/05,-7.7,,,
Estonia,5/1/05,34.1,,,
Hungary,5/1/05,5.8,30.91661998,,
Latvia,5/1/05,112.6,87.51823444,,
Lithuania,5/1/05,5.2,,,
Poland,5/1/05,13.9,23.05089823,16.21316357,55.56803941
Slovenia,5/1/05,5.4,10.3688009,,
Slovakia,5/1/05,7.4,36.41126718,,
Malta,5/1/05,89.6,2.25093275,,
Cyprus,5/1/05,15.6,310.837286,,
EU 2007,5/1/05,28.19,71.62200565,,
EU 2007 Mainland,5/1/05,22.0875,37.65316415,,
Other,5/1/05,0.511764706,8.633627391,,
Czech Republic,6/1/05,-21.2,,,
Estonia,6/1/05,44.1,,,
Hungary,6/1/05,-6.9,27.88573535,,
Latvia,6/1/05,104.1,78.16230771,,
Lithuania,6/1/05,1,,,
Poland,6/1/05,15,18.86469146,16.21316357,55.56803941
Slovenia,6/1/05,-2.8,15.25240621,,
Slovakia,6/1/05,8.4,36.42155516,,
Malta,6/1/05,92.5,-0.323059269,,
Cyprus,6/1/05,9.8,308.2421804,,
EU 2007,6/1/05,24.4,69.21511672,,
EU 2007 Mainland,6/1/05,17.7125,35.31733918,,
Other,6/1/05,-5.094117647,2.354870503,,
Czech Republic,7/1/05,-4.6,15.4231048,,
Estonia,7/1/05,22.4,,,
Hungary,7/1/05,-5.9,26.16489203,,
Latvia,7/1/05,88.6,83.01043219,,
Lithuania,7/1/05,-27.1,,,
Poland,7/1/05,14.5,18.67083786,16.21316357,55.56803941
Slovenia,7/1/05,2.4,18.70312645,,
Slovakia,7/1/05,3.3,26.76771125,,
Malta,7/1/05,121.5,0.901253252,,
Cyprus,7/1/05,6.6,381.7954356,,
EU 2007,7/1/05,22.17,71.42959918,,
EU 2007 Mainland,7/1/05,11.7,31.4566841,,
Other,7/1/05,3.952941176,4.5751778,,
Czech Republic,8/1/05,-5.1,13.30912213,,
Estonia,8/1/05,16.4,,,
Hungary,8/1/05,-12,20.46441152,,
Latvia,8/1/05,31.1,82.67089094,,
Lithuania,8/1/05,-19.7,,,
Poland,8/1/05,2.1,13.86133408,16.21316357,55.56803941
Slovenia,8/1/05,-10.6,14.02795839,,
Slovakia,8/1/05,-12.3,22.33796677,,
Malta,8/1/05,97.9,-3.744795121,,
Cyprus,8/1/05,1.6,399.6067022,,
EU 2007,8/1/05,8.94,70.31669887,,
EU 2007 Mainland,8/1/05,-1.2625,27.77861397,,
Other,8/1/05,0.476470588,7.279350916,,
Czech Republic,9/1/05,-12.7,11.54496607,,
Estonia,9/1/05,24.3,,,
Hungary,9/1/05,1.8,22.06220443,,
Latvia,9/1/05,181.9,74.4502135,,
Lithuania,9/1/05,12,,,
Poland,9/1/05,3.8,12.15866732,16.21316357,55.56803941
Slovenia,9/1/05,-4.6,15.97617948,,
Slovakia,9/1/05,20.7,30.09953,,
Malta,9/1/05,64,-3.694674016,,
Cyprus,9/1/05,5.2,271.7582636,,
EU 2007,9/1/05,29.64,54.2944188,,
EU 2007 Mainland,9/1/05,28.4,27.71529347,,
Other,9/1/05,5.770588235,9.268939818,,
Czech Republic,10/1/05,4.7,8.994883221,,
Estonia,10/1/05,43.1,,,
Hungary,10/1/05,23.9,14.69243097,,
Latvia,10/1/05,995.5,87.62463831,,
Lithuania,10/1/05,13.6,,,
Poland,10/1/05,-9.5,6.291298185,16.21316357,55.56803941
Slovenia,10/1/05,8.3,15.72086929,,
Slovakia,10/1/05,2.5,33.33830644,,
Malta,10/1/05,15.2,-3.389805209,,
Cyprus,10/1/05,45.4,4.041289601,,
EU 2007,10/1/05,114.27,20.91423885,,
EU 2007 Mainland,10/1/05,135.2625,27.77707107,,
Other,10/1/05,7.73125,6.460636634,,
Czech Republic,11/1/05,-15.3,3.759592096,,
Estonia,11/1/05,-21.2,,,
Hungary,11/1/05,63.2,12.91384664,,
Latvia,11/1/05,759.5,53.01876132,,
Lithuania,11/1/05,8.6,,,
Poland,11/1/05,9.2,7.32753931,16.21316357,55.56803941
Slovenia,11/1/05,5.7,13.33604557,,
Slovakia,11/1/05,8,88.28742589,,
Malta,11/1/05,122.4,-1.564701816,,
Cyprus,11/1/05,1334.5,-2.196478221,,
EU 2007,11/1/05,227.46,21.86025385,,
EU 2007 Mainland,11/1/05,102.2125,29.77386847,,
Other,11/1/05,-0.5625,9.151728371,,
Czech Republic,12/1/05,-12.3,3.190366355,,
Estonia,12/1/05,8,,,
Hungary,12/1/05,34.8,10.37356014,,
Latvia,12/1/05,469.4,55.26685393,,
Lithuania,12/1/05,-28.6,,,
Poland,12/1/05,-9.8,13.28015055,16.21316357,55.56803941
Slovenia,12/1/05,21.3,4.570094237,,
Slovakia,12/1/05,-3.5,82.53469706,,
Malta,12/1/05,118.6,-2.039363422,,
Cyprus,12/1/05,7.7,-1.887950883,,
EU 2007,12/1/05,60.56,20.661051,,
EU 2007 Mainland,12/1/05,59.9125,28.20262038,,
Other,12/1/05,11.875,8.392874231,,
Czech Republic,1/1/06,0.1,1.712645745,,
Estonia,1/1/06,-7.9,18.5034289,,
Hungary,1/1/06,54.3,12.88175786,,
Latvia,1/1/06,668.9,57.35949076,,
Lithuania,1/1/06,47.4,28.7957389,,
Poland,1/1/06,9.2,81.02129429,14.56651159,65.89205059
Slovenia,1/1/06,13,8.39500718,,
Slovakia,1/1/06,-6.8,94.5159057,,
Malta,1/1/06,118.9,-4.072635495,,
Cyprus,1/1/06,12.7,-0.125617013,,
EU 2007,1/1/06,90.98,29.89870168,,
EU 2007 Mainland,1/1/06,97.275,37.89815867,,
Other,1/1/06,8.158823529,10.7376912,,
Czech Republic,2/1/06,9.8,3.851177098,,
Estonia,2/1/06,-24.8,15.16559588,,
Hungary,2/1/06,14,8.475722991,,
Latvia,2/1/06,793.9,49.98955679,,
Lithuania,2/1/06,123.9,35.09335827,,
Poland,2/1/06,7.8,93.68255944,14.56651159,65.89205059
Slovenia,2/1/06,3.4,11.84969306,,
Slovakia,2/1/06,4.6,87.76752531,,
Malta,2/1/06,127,2.108679293,,
Cyprus,2/1/06,-37.4,-4.016306576,,
EU 2007,2/1/06,102.22,30.39675616,,
EU 2007 Mainland,2/1/06,116.575,38.23439861,,
Other,2/1/06,11.89411765,7.880083749,,
Czech Republic,3/1/06,-5.1,-0.894954014,,
Estonia,3/1/06,-38.5,20.60968551,,
Hungary,3/1/06,-0.6,1.882282744,,
Latvia,3/1/06,638.4,38.45685681,,
Lithuania,3/1/06,62.6,20.67637988,,
Poland,3/1/06,-10.7,93.01852377,14.56651159,65.89205059
Slovenia,3/1/06,-22.1,9.066051225,,
Slovakia,3/1/06,-9.3,74.16084919,,
Malta,3/1/06,-3.1,-9.560997959,,
Cyprus,3/1/06,-65.2,-15.56757068,,
EU 2007,3/1/06,54.64,23.18471065,,
EU 2007 Mainland,3/1/06,76.8375,32.12195939,,
Other,3/1/06,-22.40588235,11.36331336,,
Czech Republic,4/1/06,20.2,14.33059144,,
Estonia,4/1/06,-1.7,14.97382772,,
Hungary,4/1/06,60.6,7.587214518,,
Latvia,4/1/06,371.6,42.38918194,,
Lithuania,4/1/06,115.3,30.53577019,,
Poland,4/1/06,-2.5,78.99959482,14.56651159,65.89205059
Slovenia,4/1/06,49.4,6.510974799,,
Slovakia,4/1/06,42.7,68.21890887,,
Malta,4/1/06,-5.9,14.16979297,,
Cyprus,4/1/06,2.4,10.85579046,,
EU 2007,4/1/06,65.21,28.85716477,,
EU 2007 Mainland,4/1/06,81.95,32.94325804,,
Other,4/1/06,33.17647059,14.88683095,,
Czech Republic,5/1/06,-15.7,6.933876122,,
Estonia,5/1/06,18.4,15.90598247,,
Hungary,5/1/06,-19.7,4.616238659,,
Latvia,5/1/06,124.5,34.13970062,,
Lithuania,5/1/06,31.4,25.77143318,,
Poland,5/1/06,-10.7,97.38817266,14.56651159,65.89205059
Slovenia,5/1/06,-22.1,16.61367409,,
Slovakia,5/1/06,-2.9,54.00640146,,
Malta,5/1/06,-22.6,-5.850245771,,
Cyprus,5/1/06,-12.8,-1.160666728,,
EU 2007,5/1/06,6.78,24.83645668,,
EU 2007 Mainland,5/1/06,12.9,31.92193491,,
Other,5/1/06,-4.616666667,10.43532254,,
Czech Republic,6/1/06,18.7,7.812557043,,
Estonia,6/1/06,26,10.5333816,,
Hungary,6/1/06,7,3.248091437,,
Latvia,6/1/06,26,28.36711562,,
Lithuania,6/1/06,3.7,22.85562703,,
Poland,6/1/06,-9.3,98.04807438,14.56651159,65.89205059
Slovenia,6/1/06,15.3,5.211759693,,
Slovakia,6/1/06,25.7,33.07486059,,
Malta,6/1/06,-16.4,-1.362419798,,
Cyprus,6/1/06,-20.6,-0.137843987,,
EU 2007,6/1/06,7.61,20.76512036,,
EU 2007 Mainland,6/1/06,14.1375,26.14393342,,
Other,6/1/06,12.62222222,30.72631106,,
Czech Republic,7/1/06,-0.4,6.421357883,,
Estonia,7/1/06,4.8,3.307329029,,
Hungary,7/1/06,-7.2,4.595174055,,
Latvia,7/1/06,45,30.5720684,,
Lithuania,7/1/06,-11.9,19.76085,,
Poland,7/1/06,-6.1,113.7912571,14.56651159,65.89205059
Slovenia,7/1/06,0.2,8.195314734,,
Slovakia,7/1/06,6.9,32.26038095,,
Malta,7/1/06,2.5,-5.448539697,,
Cyprus,7/1/06,21.1,-1.22277477,,
EU 2007,7/1/06,5.49,21.22324177,,
EU 2007 Mainland,7/1/06,3.9125,27.36296652,,
Other,7/1/06,-0.483333333,20.23537118,,
Czech Republic,8/1/06,-6,9.868507581,,
Estonia,8/1/06,14.6,10.19175972,,
Hungary,8/1/06,-3.9,5.430666048,,
Latvia,8/1/06,0.2,30.16345194,,
Lithuania,8/1/06,-20.8,23.82951491,,
Poland,8/1/06,-4,114.2349528,14.56651159,65.89205059
Slovenia,8/1/06,-7.7,9.924188427,,
Slovakia,8/1/06,-9.1,36.41638164,,
Malta,8/1/06,-6.9,-6.859882647,,
Cyprus,8/1/06,-13.5,-6.19333132,,
EU 2007,8/1/06,-5.71,22.70062091,,
EU 2007 Mainland,8/1/06,-4.5875,30.00742788,,
Other,8/1/06,-2.5,7.979424228,,
Czech Republic,9/1/06,11.7,9.445348488,,
Estonia,9/1/06,0.4,7.292175365,,
Hungary,9/1/06,9.4,0.850736801,,
Latvia,9/1/06,62.9,32.50135025,,
Lithuania,9/1/06,26.8,25.32323686,,
Poland,9/1/06,4.8,111.432183,14.56651159,65.89205059
Slovenia,9/1/06,11.7,8.727664409,,
Slovakia,9/1/06,-1.3,35.74601016,,
Malta,9/1/06,15.6,-4.426684441,,
Cyprus,9/1/06,-4.1,0.995195424,,
EU 2007,9/1/06,13.79,22.78872163,,
EU 2007 Mainland,9/1/06,15.8,28.91483817,,
Other,9/1/06,8.994444444,8.058278528,,
Czech Republic,10/1/06,-6.5,8.140164475,,
Estonia,10/1/06,-19,-0.017020223,,
Hungary,10/1/06,-14,0.663178942,,
Latvia,10/1/06,-21.6,23.84920063,,
Lithuania,10/1/06,47.1,24.28560244,,
Poland,10/1/06,17.9,120.0080133,14.56651159,65.89205059
Slovenia,10/1/06,-0.4,7.910200098,,
Slovakia,10/1/06,-3.7,38.48244114,,
Malta,10/1/06,-17.8,-4.67678141,,
Cyprus,10/1/06,-30,-1.878187936,,
EU 2007,10/1/06,-4.8,21.67668115,,
EU 2007 Mainland,10/1/06,-0.025,27.91522261,,
Other,10/1/06,7.341176471,11.3929619,,
Czech Republic,11/1/06,1.1,9.381155487,,
Estonia,11/1/06,-15,7.851055881,,
Hungary,11/1/06,-8.1,-5.21258344,,
Latvia,11/1/06,-29.9,23.54506449,,
Lithuania,11/1/06,92.4,26.19933202,,
Poland,11/1/06,7.9,101.0526572,14.56651159,65.89205059
Slovenia,11/1/06,8.7,9.234929524,,
Slovakia,11/1/06,11,15.07339073,,
Malta,11/1/06,2.6,4.924032683,,
Cyprus,11/1/06,-97,-4.60216684,,
EU 2007,11/1/06,-2.63,18.74468677,,
EU 2007 Mainland,11/1/06,8.5125,23.39062523,,
Other,11/1/06,2.582352941,11.4319574,,
Czech Republic,12/1/06,4.5,14.59907778,,
Estonia,12/1/06,-4.4,5.261379,,
Hungary,12/1/06,19.9,-0.389401128,,
Latvia,12/1/06,-21.5,21.36476707,,
Lithuania,12/1/06,243.6,28.30011603,,
Poland,12/1/06,10.7,115.6440354,14.56651159,65.89205059
Slovenia,12/1/06,27,2.740782093,,
Slovakia,12/1/06,6.8,10.0976528,,
Malta,12/1/06,28,11.57794331,,
Cyprus,12/1/06,7.1,-0.373428742,,
EU 2007,12/1/06,32.17,20.88229237,,
EU 2007 Mainland,12/1/06,35.825,24.70230114,,
Other,12/1/06,0.947058824,10.62170863,,
Czech Republic,1/1/07,-4.6,9.547689347,,
Estonia,1/1/07,-2.8,11.14053258,,
Hungary,1/1/07,13.4,-2.981686347,,
Latvia,1/1/07,-13.9,23.07161298,,
Lithuania,1/1/07,163.9,36.12122256,,
Poland,1/1/07,3.6,32.16382906,14.40050359,23.67507521
Slovenia,1/1/07,1.2,5.729644349,,
Slovakia,1/1/07,-14.8,9.69258725,,
Malta,1/1/07,52.9,3.522859291,,
Cyprus,1/1/07,8.1,1.537518846,,
EU 2007,1/1/07,20.7,12.95458099,,
EU 2007 Mainland,1/1/07,18.25,15.56067897,,
Other,1/1/07,3.352941176,11.98327195,,
Czech Republic,2/1/07,-1,17.57561636,,
Estonia,2/1/07,8.1,13.11293178,,
Hungary,2/1/07,14.5,0.497670797,,
Latvia,2/1/07,-26.3,21.98100596,,
Lithuania,2/1/07,85,34.06873878,,
Poland,2/1/07,8.7,36.31425097,14.40050359,23.67507521
Slovenia,2/1/07,8.2,5.701851647,,
Slovakia,2/1/07,-12,9.241374603,,
Malta,2/1/07,-12.7,4.893365475,,
Cyprus,2/1/07,-22.8,6.881794957,,
EU 2007,2/1/07,4.97,15.02686013,,
EU 2007 Mainland,2/1/07,10.65,17.31168011,,
Other,2/1/07,14.80588235,10.90508743,,
Czech Republic,3/1/07,5.8,17.91613163,,
Estonia,3/1/07,8.9,9.615753775,,
Hungary,3/1/07,16.8,3.907062534,,
Latvia,3/1/07,10.1,21.0246379,,
Lithuania,3/1/07,56.1,38.5998308,,
Poland,3/1/07,5.2,32.5603323,14.40050359,23.67507521
Slovenia,3/1/07,-0.8,8.057133657,,
Slovakia,3/1/07,4.2,8.796397979,,
Malta,3/1/07,71.9,10.86075483,,
Cyprus,3/1/07,95,11.9047619,,
EU 2007,3/1/07,27.32,16.32427973,,
EU 2007 Mainland,3/1/07,13.2875,17.55966007,,
Other,3/1/07,44.47058824,9.093957355,,
Czech Republic,4/1/07,10.3,5.720714634,,
Estonia,4/1/07,-5.5,5.142848078,,
Hungary,4/1/07,-0.4,2.407202249,,
Latvia,4/1/07,15.1,25.20160465,,
Lithuania,4/1/07,16.5,23.74042483,,
Poland,4/1/07,1.7,40.82679889,14.40050359,23.67507521
Slovenia,4/1/07,19.7,19.0674438,,
Slovakia,4/1/07,-11,-3.473015873,,
Malta,4/1/07,48.6,-2.749651121,,
Cyprus,4/1/07,-9.7,-6.290882552,,
EU 2007,4/1/07,8.53,10.95934876,,
EU 2007 Mainland,4/1/07,5.8,14.82925266,,
Other,4/1/07,22.55294118,5.94312346,,
Czech Republic,5/1/07,20.5,6.278697889,,
Estonia,5/1/07,-26.5,4.143175561,,
Hungary,5/1/07,12,-0.071580181,,
Latvia,5/1/07,21,28.60590414,,
Lithuania,5/1/07,42,24.03170369,,
Poland,5/1/07,-0.4,24.96011763,14.40050359,23.67507521
Slovenia,5/1/07,14.6,12.0860842,,
Slovakia,5/1/07,7.1,1.113974561,,
Malta,5/1/07,35.3,6.590115627,,
Cyprus,5/1/07,0.8,-2.1750723,,
EU 2007,5/1/07,12.64,10.55631208,,
EU 2007 Mainland,5/1/07,11.2875,12.64350969,,
Other,5/1/07,11.78888889,5.995562389,,
Czech Republic,6/1/07,-12.9,4.732525616,,
Estonia,6/1/07,1.4,9.544604719,,
Hungary,6/1/07,-4.2,1.239720563,,
Latvia,6/1/07,33.4,31.02454227,,
Lithuania,6/1/07,30.7,18.19231973,,
Poland,6/1/07,4.7,21.47568613,14.40050359,23.67507521
Slovenia,6/1/07,0.4,18.39858747,,
Slovakia,6/1/07,-13,2.415906769,,
Malta,6/1/07,43.1,8.920062148,,
Cyprus,6/1/07,11.6,1.393369921,,
EU 2007,6/1/07,9.52,11.73373253,,
EU 2007 Mainland,6/1/07,5.0625,13.37798666,,
Other,6/1/07,5.016666667,8.252214074,,
Czech Republic,7/1/07,-33,4.287672156,,
Estonia,7/1/07,0.4,16.0477396,,
Hungary,7/1/07,5,0.49212898,,
Latvia,7/1/07,-6.8,28.41885339,,
Lithuania,7/1/07,25.1,12.40691399,,
Poland,7/1/07,-4.7,19.74942499,14.40050359,23.67507521
Slovenia,7/1/07,7.8,9.7601711,,
Slovakia,7/1/07,1.9,6.634045037,,
Malta,7/1/07,8.2,13.48566947,,
Cyprus,7/1/07,-19.4,6.558723988,,
EU 2007,7/1/07,-1.55,11.78413427,,
EU 2007 Mainland,7/1/07,-0.5375,12.22461866,,
Other,7/1/07,-0.161111111,7.98379849,,
Czech Republic,8/1/07,-15.4,4.259685476,,
Estonia,8/1/07,-5.8,12.71840318,,
Hungary,8/1/07,14.6,3.599559362,,
Latvia,8/1/07,72.7,29.89477594,,
Lithuania,8/1/07,36.7,15.17654112,,
Poland,8/1/07,-7.4,20.13831827,14.40050359,23.67507521
Slovenia,8/1/07,14.4,7.547481226,,
Slovakia,8/1/07,9.1,3.931529687,,
Malta,8/1/07,32.1,11.51607388,,
Cyprus,8/1/07,-7,10.93060256,,
EU 2007,8/1/07,14.4,11.97129707,,
EU 2007 Mainland,8/1/07,14.8625,12.15828678,,
Other,8/1/07,2.827777778,12.70599515,,
Czech Republic,9/1/07,-17.7,5.522683044,,
Estonia,9/1/07,-14,16.258002,,
Hungary,9/1/07,-3.3,4.829848537,,
Latvia,9/1/07,-26,29.09092486,,
Lithuania,9/1/07,24.5,18.17530645,,
Poland,9/1/07,-7.7,18.52773682,14.40050359,23.67507521
Slovenia,9/1/07,2.7,17.65144935,,
Slovakia,9/1/07,21.9,2.428066001,,
Malta,9/1/07,25.4,15.52533462,,
Cyprus,9/1/07,18.8,10.45424412,,
EU 2007,9/1/07,2.46,13.84635958,,
EU 2007 Mainland,9/1/07,-2.45,14.06050213,,
Other,9/1/07,0.905555556,8.569370112,,
Czech Republic,10/1/07,10.8,6.41501493,,
Estonia,10/1/07,-0.9,20.7434461,,
Hungary,10/1/07,4.2,3.796832634,,
Latvia,10/1/07,7.5,32.66713847,,
Lithuania,10/1/07,60.5,25.22456693,,
Poland,10/1/07,-12.1,20.09936644,14.40050359,23.67507521
Slovenia,10/1/07,-14,20.94722941,,
Slovakia,10/1/07,40.1,14.11999631,,
Malta,10/1/07,52,15.51453069,,
Cyprus,10/1/07,-2.7,4.241405775,,
EU 2007,10/1/07,14.54,16.37695277,,
EU 2007 Mainland,10/1/07,12.0125,18.0016989,,
Other,10/1/07,-4.352941176,6.569121658,,
Czech Republic,11/1/07,7.9,14.72346097,,
Estonia,11/1/07,16.1,17.72788757,,
Hungary,11/1/07,22.5,14.20591523,,
Latvia,11/1/07,61.1,29.63745414,,
Lithuania,11/1/07,11.9,33.59147093,,
Poland,11/1/07,-18,30.79903353,14.40050359,23.67507521
Slovenia,11/1/07,43,17.00258511,,
Slovakia,11/1/07,26.7,28.33423595,,
Malta,11/1/07,76.6,15.45224029,,
Cyprus,11/1/07,206.3,8.268988809,,
EU 2007,11/1/07,45.41,20.97432725,,
EU 2007 Mainland,11/1/07,21.4,23.25275543,,
Other,11/1/07,2.911764706,9.121375267,,
Czech Republic,12/1/07,12.7,7.277251476,,
Estonia,12/1/07,12.9,15.37514717,,
Hungary,12/1/07,4.4,8.010184977,,
Latvia,12/1/07,38.3,19.27050822,,
Lithuania,12/1/07,26.5,14.08716701,,
Poland,12/1/07,-10.7,17.62696459,14.40050359,23.67507521
Slovenia,12/1/07,-15.2,19.21444835,,
Slovakia,12/1/07,24.9,26.87344714,,
Malta,12/1/07,62.9,10.75785331,,
Cyprus,12/1/07,-26.7,16.69249729,,
EU 2007,12/1/07,13,15.51854695,,
EU 2007 Mainland,12/1/07,11.725,15.96688987,,
Other,12/1/07,8.817647059,9.991589987,,
Czech Republic,1/1/08,3,8.081191397,,
Estonia,1/1/08,-1.4,11.94520232,,
Hungary,1/1/08,-20.1,6.811077933,,
Latvia,1/1/08,13.9,23.58932938,,
Lithuania,1/1/08,-56.1,18.52619586,,
Poland,1/1/08,-23.8,19.36617387,2.072546798,24.51687434
Slovenia,1/1/08,-13.6,17.8357148,,
Slovakia,1/1/08,18.3,27.61506276,,
Malta,1/1/08,-3.2,23.60464732,,
Cyprus,1/1/08,210.4,2.84028649,,
EU 2007,1/1/08,12.74,16.02148821,,
EU 2007 Mainland,1/1/08,-9.975,16.72124354,,
Other,1/1/08,7.176470588,9.005583669,,
Czech Republic,2/1/08,-6.2,9.437363413,,
Estonia,2/1/08,-24.4,16.57203174,,
Hungary,2/1/08,6.6,11.52456771,,
Latvia,2/1/08,-23.7,25.26570545,,
Lithuania,2/1/08,-35.2,27.76684306,,
Poland,2/1/08,-12.4,20.2151215,2.072546798,24.51687434
Slovenia,2/1/08,-19.5,26.4259303,,
Slovakia,2/1/08,11.6,31.03776827,,
Malta,2/1/08,9.1,17.96650858,,
Cyprus,2/1/08,102.3,10.58588448,,
EU 2007,2/1/08,0.82,19.67977245,,
EU 2007 Mainland,2/1/08,-12.9,21.03066643,,
Other,2/1/08,12.84705882,9.782278262,,
Czech Republic,3/1/08,-4.1,6.659905482,,
Estonia,3/1/08,-19.3,10.3965092,,
Hungary,3/1/08,21.8,3.080874993,,
Latvia,3/1/08,-25.6,20.95614274,,
Lithuania,3/1/08,-25.5,27.93631416,,
Poland,3/1/08,-3.3,18.72119788,2.072546798,24.51687434
Slovenia,3/1/08,1.2,19.89144317,,
Slovakia,3/1/08,19.3,26.5418391,,
Malta,3/1/08,-28.1,19.38579455,,
Cyprus,3/1/08,76.9,1.740581784,,
EU 2007,3/1/08,1.33,15.53106031,,
EU 2007 Mainland,3/1/08,-4.4375,16.77302834,,
Other,3/1/08,20.87058824,6.292083551,,
Czech Republic,4/1/08,-24.5,1.829347411,,
Estonia,4/1/08,-18.5,18.40044658,,
Hungary,4/1/08,4.8,-3.439701978,,
Latvia,4/1/08,-40.4,10.16821697,,
Lithuania,4/1/08,-13.6,25.70930148,,
Poland,4/1/08,-22.2,11.98498806,2.072546798,24.51687434
Slovenia,4/1/08,-44.3,26.54040404,,
Slovakia,4/1/08,7.2,26.16720384,,
Malta,4/1/08,-21.6,7.762195173,,
Cyprus,4/1/08,-40.4,0.557553171,,
EU 2007,4/1/08,-21.35,12.56799547,,
EU 2007 Mainland,4/1/08,-18.9375,14.6700258,,
Other,4/1/08,-12.37058824,5.138573807,,
Czech Republic,5/1/08,-5.5,10.78611521,,
Estonia,5/1/08,0.3,13.88084547,,
Hungary,5/1/08,9.9,0.651320757,,
Latvia,5/1/08,-1.6,17.52418358,,
Lithuania,5/1/08,13,26.24444215,,
Poland,5/1/08,-3.4,13.22192334,2.072546798,24.51687434
Slovenia,5/1/08,22.9,19.22341386,,
Slovakia,5/1/08,50.9,25.9827815,,
Malta,5/1/08,9.1,16.75406043,,
Cyprus,5/1/08,-33.2,4.878055815,,
EU 2007,5/1/08,6.24,14.91471421,,
EU 2007 Mainland,5/1/08,10.8125,15.93937823,,
Other,5/1/08,13.13333333,8.209278052,,
Czech Republic,6/1/08,-19,7.904453368,,
Estonia,6/1/08,-12.7,5.909979943,,
Hungary,6/1/08,-1.2,-0.12016511,,
Latvia,6/1/08,33.3,14.48468151,,
Lithuania,6/1/08,-19.2,21.16224264,,
Poland,6/1/08,-12.7,13.06818252,2.072546798,24.51687434
Slovenia,6/1/08,-9.7,20.41427809,,
Slovakia,6/1/08,21.8,25.4650411,,
Malta,6/1/08,20.1,8.614076278,,
Cyprus,6/1/08,-10.3,11.58616429,,
EU 2007,6/1/08,-0.96,12.84889346,,
EU 2007 Mainland,6/1/08,-2.425,13.53608676,,
Other,6/1/08,0.344444444,4.0235769,,
Czech Republic,7/1/08,-2.6,5.350436159,,
Estonia,7/1/08,-9.5,8.440748959,,
Hungary,7/1/08,-1.4,-1.872785558,,
Latvia,7/1/08,50.3,21.11602156,,
Lithuania,7/1/08,-1.9,21.7971538,,
Poland,7/1/08,-12.6,15.33443098,2.072546798,24.51687434
Slovenia,7/1/08,4.2,10.45660051,,
Slovakia,7/1/08,-13.1,23.24386937,,
Malta,7/1/08,9.5,0.066488666,,
Cyprus,7/1/08,-10.9,1.251212125,,
EU 2007,7/1/08,1.2,10.51841766,,
EU 2007 Mainland,7/1/08,1.675,12.98330947,,
Other,7/1/08,3.461111111,2.772584371,,
Czech Republic,8/1/08,-8.1,6.36221355,,
Estonia,8/1/08,-14.4,4.771766223,,
Hungary,8/1/08,-0.1,-2.89492044,,
Latvia,8/1/08,19.7,20.72614237,,
Lithuania,8/1/08,-4.5,20.64416545,,
Poland,8/1/08,-12.5,9.667732708,2.072546798,24.51687434
Slovenia,8/1/08,7.9,7.793916141,,
Slovakia,8/1/08,7.5,19.43441029,,
Malta,8/1/08,6,-0.048934585,,
Cyprus,8/1/08,-2.3,2.513648064,,
EU 2007,8/1/08,-0.08,8.897013976,,
EU 2007 Mainland,8/1/08,-0.5625,10.81317829,,
Other,8/1/08,-1.055555556,1.982077403,,
Czech Republic,9/1/08,-9.7,3.72206726,,
Estonia,9/1/08,-24.3,-0.167969589,,
Hungary,9/1/08,-7.9,-2.246776144,,
Latvia,9/1/08,-5.8,17.88883887,,
Lithuania,9/1/08,-24,17.25796518,,
Poland,9/1/08,-18.1,7.445122557,2.072546798,24.51687434
Slovenia,9/1/08,-19.8,-0.479843128,,
Slovakia,9/1/08,-5.4,19.13371746,,
Malta,9/1/08,9.8,-0.866632613,,
Cyprus,9/1/08,-23.1,-1.153087143,,
EU 2007,9/1/08,-12.83,6.053340272,,
EU 2007 Mainland,9/1/08,-14.375,7.819140309,,
Other,9/1/08,-3.561111111,1.283169519,,
Czech Republic,10/1/08,-31.8,-3.041595636,,
Estonia,10/1/08,-19.7,1.423957345,,
Hungary,10/1/08,-1.7,0.196529341,,
Latvia,10/1/08,33.1,11.93490665,,
Lithuania,10/1/08,-52,7.618942222,,
Poland,10/1/08,-22.9,-0.370325616,2.072546798,24.51687434
Slovenia,10/1/08,-25.5,1.566052411,,
Slovakia,10/1/08,-2,-0.275111511,,
Malta,10/1/08,3.9,-6.359707587,,
Cyprus,10/1/08,-13,-0.794552267,,
EU 2007,10/1/08,-13.16,1.189909535,,
EU 2007 Mainland,10/1/08,-15.3125,2.3816694,,
Other,10/1/08,10.68235294,0.423841901,,
Czech Republic,11/1/08,-26.4,-14.14916715,,
Estonia,11/1/08,-35.2,-11.47557063,,
Hungary,11/1/08,-11.9,-8.070160251,,
Latvia,11/1/08,7.1,8.806391351,,
Lithuania,11/1/08,31.6,-9.164687475,,
Poland,11/1/08,-3.8,-10.00226665,2.072546798,24.51687434
Slovenia,11/1/08,-52.2,-8.878985901,,
Slovakia,11/1/08,2.4,-13.38301109,,
Malta,11/1/08,-16.4,-8.182081698,,
Cyprus,11/1/08,28.1,6.386661529,,
EU 2007,11/1/08,-7.67,-6.811287797,,
EU 2007 Mainland,11/1/08,-11.05,-8.289682225,,
Other,11/1/08,13.5,-6.92568376,,
Czech Republic,12/1/08,-29.5,-13.32878445,,
Estonia,12/1/08,-31.3,-13.06646876,,
Hungary,12/1/08,-5.7,-9.449405794,,
Latvia,12/1/08,-9,11.1467829,,
Lithuania,12/1/08,-12,-9.710775113,,
Poland,12/1/08,-11.1,-9.968057634,2.072546798,24.51687434
Slovenia,12/1/08,-12.8,-13.51521465,,
Slovakia,12/1/08,-8.3,-18.49126132,,
Malta,12/1/08,-21.8,-6.732171079,,
Cyprus,12/1/08,59.1,-2.02906691,,
EU 2007,12/1/08,-8.24,-8.514442281,,
EU 2007 Mainland,12/1/08,-14.9625,-9.547898103,,
Other,12/1/08,-2.405882353,-6.535589951,,
Czech Republic,1/1/09,-10.3,-13.44554078,,
Estonia,1/1/09,8.4,-19.3707842,,
Hungary,1/1/09,-11.5,-9.421670004,,
Latvia,1/1/09,-8.6,11.5739312,,
Lithuania,1/1/09,-3.8,-20.76363394,,
Poland,1/1/09,-15.1,-12.52258125,-12.04674886,-4.110718877
Slovenia,1/1/09,0.6,-16.15851788,,
Slovakia,1/1/09,-22.5,-18.79424557,,
Malta,1/1/09,-24.3,-10.45569248,,
Cyprus,1/1/09,-5.5,-2.381963479,,
EU 2007,1/1/09,-9.26,-11.17406984,,
EU 2007 Mainland,1/1/09,-7.85,-12.3628803,,
Other,1/1/09,-6.96,-11.3939937,,
Czech Republic,2/1/09,-21.7,-20.17845891,,
Estonia,2/1/09,-11.4,-29.34867456,,
Hungary,2/1/09,-23.1,-18.38459354,,
Latvia,2/1/09,-19.3,0.999735713,,
Lithuania,2/1/09,-16.2,-33.15360818,,
Poland,2/1/09,-17,-14.94269644,-12.04674886,-4.110718877
Slovenia,2/1/09,-11.4,-25.50923045,,
Slovakia,2/1/09,-34.7,-29.51378542,,
Malta,2/1/09,-18.3,-11.01129172,,
Cyprus,2/1/09,-12.6,-12.16972705,,
EU 2007,2/1/09,-18.57,-19.32123306,,
EU 2007 Mainland,2/1/09,-19.35,-21.25391397,,
Other,2/1/09,-12.00842105,-12.03071808,,
Czech Republic,3/1/09,-21.7,-17.7318286,,
Estonia,3/1/09,-16.9,-25.17482517,,
Hungary,3/1/09,-17.6,-14.22026133,,
Latvia,3/1/09,-19.1,1.433837053,,
Lithuania,3/1/09,-13.3,-35.04532623,,
Poland,3/1/09,-8.8,-18.66259954,-12.04674886,-4.110718877
Slovenia,3/1/09,-17.3,-23.25787838,,
Slovakia,3/1/09,-27.3,-33.33067443,,
Malta,3/1/09,-23.4,-19.36530582,,
Cyprus,3/1/09,-13.9,-10.75098854,,
EU 2007,3/1/09,-17.93,-19.6105851,,
EU 2007 Mainland,3/1/09,-17.75,-20.74869458,,
Other,3/1/09,-16.48842105,-9.864395107,,
Czech Republic,4/1/09,-2.7,-5.708770362,,
Estonia,4/1/09,1,-28.33823923,,
Hungary,4/1/09,-10.2,0.477353564,,
Latvia,4/1/09,-16.3,19.40541022,,
Lithuania,4/1/09,-19.1,-33.15954822,,
Poland,4/1/09,-11.5,-9.956222842,-12.04674886,-4.110718877
Slovenia,4/1/09,0.3,-21.04754156,,
Slovakia,4/1/09,-26.4,-22.1967343,,
Malta,4/1/09,-5.5,0.807481787,,
Cyprus,4/1/09,11.1,5.246395275,,
EU 2007,4/1/09,-7.93,-9.447041568,,
EU 2007 Mainland,4/1/09,-10.6125,-12.56553659,,
Other,4/1/09,1.663157895,-4.979014549,,
Czech Republic,5/1/09,-13.5,-13.44537392,,
Estonia,5/1/09,-11.7,-30.5736396,,
Hungary,5/1/09,-13.3,-5.879459673,,
Latvia,5/1/09,-17.8,8.586246163,,
Lithuania,5/1/09,-24.5,-35.50630268,,
Poland,5/1/09,-12.2,-13.89355135,-12.04674886,-4.110718877
Slovenia,5/1/09,-15.1,-19.96714916,,
Slovakia,5/1/09,-36.1,-26.35764429,,
Malta,5/1/09,-22.5,-15.11556082,,
Cyprus,5/1/09,-3.4,-7.162245035,,
EU 2007,5/1/09,-17.01,-15.93146804,,
EU 2007 Mainland,5/1/09,-18.025,-17.12960931,,
Other,5/1/09,-8.578,-9.586585988,,
Czech Republic,6/1/09,-9.5,-10.96565611,,
Estonia,6/1/09,-10.6,-25.52020232,,
Hungary,6/1/09,-6,-7.087594301,,
Latvia,6/1/09,-21.3,9.985802996,,
Lithuania,6/1/09,-9.1,-32.4555584,,
Poland,6/1/09,-6.7,-7.964924741,-12.04674886,-4.110718877
Slovenia,6/1/09,-11.7,-17.41694314,,
Slovakia,6/1/09,-31.1,-25.07490375,,
Malta,6/1/09,-17.2,-11.07410596,,
Cyprus,6/1/09,-12.7,-11.52355521,,
EU 2007,6/1/09,-13.59,-13.90976409,,
EU 2007 Mainland,6/1/09,-13.25,-14.56249747,,
Other,6/1/09,-3.6185,-7.205656083,,
Czech Republic,7/1/09,-7.6,-2.808426479,,
Estonia,7/1/09,-0.4,-27.42875536,,
Hungary,7/1/09,-7.3,-4.797552287,,
Latvia,7/1/09,-29.6,9.249568948,,
Lithuania,7/1/09,-18.5,-27.43396899,,
Poland,7/1/09,-1.3,-5.931349555,-12.04674886,-4.110718877
Slovenia,7/1/09,-8.8,-8.524196985,,
Slovakia,7/1/09,-28.5,-26.57791182,,
Malta,7/1/09,-9.5,-5.423335095,,
Cyprus,7/1/09,-3.9,-7.317253251,,
EU 2007,7/1/09,-11.54,-10.69931809,,
EU 2007 Mainland,7/1/09,-12.75,-11.78157407,,
Other,7/1/09,-1.578,-4.373920462,,
Czech Republic,8/1/09,-5,-4.387313174,,
Estonia,8/1/09,-0.8,-25.97971334,,
Hungary,8/1/09,-2.1,-2.413588636,,
Latvia,8/1/09,-19.3,7.534966115,,
Lithuania,8/1/09,-20.3,-26.90445197,,
Poland,8/1/09,2,-7.842833426,-12.04674886,-4.110718877
Slovenia,8/1/09,-2.8,-3.53383841,,
Slovakia,8/1/09,-27.1,-14.72488658,,
Malta,8/1/09,-6.2,-2.844491348,,
Cyprus,8/1/09,-4,-8.132604415,,
EU 2007,8/1/09,-8.56,-8.922875517,,
EU 2007 Mainland,8/1/09,-9.425,-9.781457426,,
Other,8/1/09,-0.557,-4.335554109,,
Czech Republic,9/1/09,-10.5,-9.194339048,,
Estonia,9/1/09,-6.1,-27.42004858,,
Hungary,9/1/09,-7,-3.085487115,,
Latvia,9/1/09,-20.9,6.961715126,,
Lithuania,9/1/09,-20.8,-30.06286372,,
Poland,9/1/09,-2.2,-8.440716266,-12.04674886,-4.110718877
Slovenia,9/1/09,-6.9,-8.755317053,,
Slovakia,9/1/09,-21.6,-38.19084518,,
Malta,9/1/09,-8.5,-5.290339202,,
Cyprus,9/1/09,-6,-5.903368947,,
EU 2007,9/1/09,-11.05,-12.938161,,
EU 2007 Mainland,9/1/09,-12,-14.77348773,,
Other,9/1/09,-3.035,-5.879109134,,
Czech Republic,10/1/09,-7,-5.945059234,,
Estonia,10/1/09,3.3,-27.05698002,,
Hungary,10/1/09,-5.6,1.714834499,,
Latvia,10/1/09,-17.6,11.88634856,,
Lithuania,10/1/09,-13.2,-20.93858091,,
Poland,10/1/09,10,-5.887067239,-12.04674886,-4.110718877
Slovenia,10/1/09,-5.5,-10.51647203,,
Slovakia,10/1/09,-18,-31.94620526,,
Malta,10/1/09,-1.6,1.135810239,,
Cyprus,10/1/09,-4,-8.089444352,,
EU 2007,10/1/09,-5.92,-9.564281575,,
EU 2007 Mainland,10/1/09,-6.7,-11.0861477,,
Other,10/1/09,-2.434210526,-3.142408599,,
Czech Republic,11/1/09,-4.7,2.547053912,,
Estonia,11/1/09,-6.1,-21.37102518,,
Hungary,11/1/09,-3.9,2.455243152,,
Latvia,11/1/09,-23.3,10.95906424,,
Lithuania,11/1/09,-21.8,-12.8861572,,
Poland,11/1/09,-4,-0.466020748,-12.04674886,-4.110718877
Slovenia,11/1/09,-7.9,-7.584506319,,
Slovakia,11/1/09,-13.8,-28.95661316,,
Malta,11/1/09,-1.9,3.668176354,,
Cyprus,11/1/09,-1.6,-4.421090152,,
EU 2007,11/1/09,-8.9,-5.60558751,,
EU 2007 Mainland,11/1/09,-10.6875,-6.912870163,,
Other,11/1/09,-0.944210526,0.220489683,,
Czech Republic,12/1/09,1.1,6.324286181,,
Estonia,12/1/09,12.3,-15.226052,,
Hungary,12/1/09,-0.4,8.460345719,,
Latvia,12/1/09,-10.4,15.66248972,,
Lithuania,12/1/09,-13.2,-5.06255568,,
Poland,12/1/09,5.6,1.389963484,-12.04674886,-4.110718877
Slovenia,12/1/09,-1.3,-1.651316285,,
Slovakia,12/1/09,-14.7,-20.68408747,,
Malta,12/1/09,6.5,5.442150063,,
Cyprus,12/1/09,-8.2,-3.450623477,,
EU 2007,12/1/09,-2.27,-0.879539975,,
EU 2007 Mainland,12/1/09,-2.625,-1.348365792,,
Other,12/1/09,-0.291578947,1.376411156,,
Czech Republic,1/1/10,1.3,7.368794258,,
Estonia,1/1/10,16.4,-12.32518041,,
Hungary,1/1/10,2.1,2.709166223,,
Latvia,1/1/10,2.5,14.80788474,,
Lithuania,1/1/10,-12.3,3.976277126,,
Poland,1/1/10,6,4.1419016,4.70501989,10.48022052
Slovenia,1/1/10,0.6,-3.663325285,,
Slovakia,1/1/10,-11.8,-22.25408283,,
Malta,1/1/10,8.3,8.106939433,,
Cyprus,1/1/10,16.1,4.021988452,,
EU 2007,1/1/10,2.92,0.689036331,,
EU 2007 Mainland,1/1/10,0.6,-0.654820571,,
Other,1/1/10,-1.063157895,2.334825358,,
Czech Republic,2/1/10,0.3,6.483412322,,
Estonia,2/1/10,9.5,-8.518395757,,
Hungary,2/1/10,10.1,6.416284997,,
Latvia,2/1/10,1.6,20.3796943,,
Lithuania,2/1/10,-4.7,15.60286367,,
Poland,2/1/10,2.8,4.255456506,4.70501989,10.48022052
Slovenia,2/1/10,-0.6,2.102361328,,
Slovakia,2/1/10,-1.1,-14.52657569,,
Malta,2/1/10,2.5,6.054436946,,
Cyprus,2/1/10,10.3,3.602176833,,
EU 2007,2/1/10,3.07,4.185171546,,
EU 2007 Mainland,2/1/10,2.2375,4.02438771,,
Other,2/1/10,3.715789474,4.270591603,,
Czech Republic,3/1/10,7.5,7.554355549,,
Estonia,3/1/10,17.8,-3.697683868,,
Hungary,3/1/10,9.5,8.426200681,,
Latvia,3/1/10,8.5,26.65428252,,
Lithuania,3/1/10,6.6,27.1550339,,
Poland,3/1/10,8.2,15.08017232,4.70501989,10.48022052
Slovenia,3/1/10,0,3.532677848,,
Slovakia,3/1/10,11.5,-7.833811917,,
Malta,3/1/10,13.6,13.79838605,,
Cyprus,3/1/10,16.4,16.92180481,,
EU 2007,3/1/10,9.96,10.75914179,,
EU 2007 Mainland,3/1/10,8.7,9.608903379,,
Other,3/1/10,8.595789474,6.602826008,,
Czech Republic,4/1/10,-3.4,-15.54575746,,
Estonia,4/1/10,13.2,-23.86820299,,
Hungary,4/1/10,3.4,-18.15367,,
Latvia,4/1/10,0.7,-8.465424359,,
Lithuania,4/1/10,-0.6,-0.20761545,,
Poland,4/1/10,1.9,-15.03943698,4.70501989,10.48022052
Slovenia,4/1/10,-4.7,-55.04549697,,
Slovakia,4/1/10,3.1,-32.90492911,,
Malta,4/1/10,5.9,-5.592504416,,
Cyprus,4/1/10,-8.6,-19.21492435,,
EU 2007,4/1/10,1.09,-19.40379621,,
EU 2007 Mainland,4/1/10,1.7,-21.15381666,,
Other,4/1/10,-2.093157895,-15.79877344,,
Czech Republic,5/1/10,9.1,0.97074009,,
Estonia,5/1/10,13.1,8.3492569,,
Hungary,5/1/10,7.4,4.594036744,,
Latvia,5/1/10,8.7,15.99585086,,
Lithuania,5/1/10,8.4,35.23577298,,
Poland,5/1/10,8.4,10.43584456,4.70501989,10.48022052
Slovenia,5/1/10,-1.1,2.470818368,,
Slovakia,5/1/10,10.3,-15.0574116,,
Malta,5/1/10,22.5,19.39828992,,
Cyprus,5/1/10,7.9,5.898070116,,
EU 2007,5/1/10,9.47,8.829126893,,
EU 2007 Mainland,5/1/10,8.0375,7.874363612,,
Other,5/1/10,6.689,5.534272543,,
Czech Republic,6/1/10,7.3,-2.365006983,,
Estonia,6/1/10,13,6.6599283,,
Hungary,6/1/10,5.6,5.271979192,,
Latvia,6/1/10,4.1,22.83410029,,
Lithuania,6/1/10,4.5,33.03867403,,
Poland,6/1/10,10.2,13.51174547,4.70501989,10.48022052
Slovenia,6/1/10,1.6,-4.01194227,,
Slovakia,6/1/10,8.2,-7.179280598,,
Malta,6/1/10,21.7,19.28713767,,
Cyprus,6/1/10,12,5.918837498,,
EU 2007,6/1/10,8.82,9.296617261,,
EU 2007 Mainland,6/1/10,6.8125,8.47002468,,
Other,6/1/10,5.3135,5.06879005,,
Czech Republic,7/1/10,6.2,-2.398680335,,
Estonia,7/1/10,11,9.425145337,,
Hungary,7/1/10,3.8,4.977262413,,
Latvia,7/1/10,31.6,21.18266152,,
Lithuania,7/1/10,13,29.19679346,,
Poland,7/1/10,7,9.987735516,4.70501989,10.48022052
Slovenia,7/1/10,6.8,1.81148429,,
Slovakia,7/1/10,-0.1,0.552835922,,
Malta,7/1/10,18.9,15.6922294,,
Cyprus,7/1/10,5.9,3.070623661,,
EU 2007,7/1/10,10.41,9.349809118,,
EU 2007 Mainland,7/1/10,9.9125,9.341904765,,
Other,7/1/10,6.9485,6.582667831,,
Czech Republic,8/1/10,-0.3,-3.654345281,,
Estonia,8/1/10,8.6,5.695645917,,
Hungary,8/1/10,-3.5,2.211385575,,
Latvia,8/1/10,20.8,20.95393162,,
Lithuania,8/1/10,13.7,23.40076934,,
Poland,8/1/10,7.1,13.71802209,4.70501989,10.48022052
Slovenia,8/1/10,1.9,4.364326376,,
Slovakia,8/1/10,-2.5,-11.20391384,,
Malta,8/1/10,20.6,14.24860022,,
Cyprus,8/1/10,7.6,6.622739547,,
EU 2007,8/1/10,7.4,7.635716157,,
EU 2007 Mainland,8/1/10,5.725,6.935727725,,
Other,8/1/10,6.8025,6.672754386,,
Czech Republic,9/1/10,11.6,2.780810804,,
Estonia,9/1/10,19.2,11.13764314,,
Hungary,9/1/10,11.1,3.022220274,,
Latvia,9/1/10,24,18.22952741,,
Lithuania,9/1/10,15.1,25.93104764,,
Poland,9/1/10,7.2,7.268540144,4.70501989,10.48022052
Slovenia,9/1/10,6.8,0.927278501,,
Slovakia,9/1/10,5.8,18.06492455,,
Malta,9/1/10,15.3,14.87375423,,
Cyprus,9/1/10,10.9,5.803187714,,
EU 2007,9/1/10,12.7,10.80389344,,
EU 2007 Mainland,9/1/10,12.6,10.92024906,,
Other,9/1/10,5.557,8.239200759,,
Czech Republic,10/1/10,12.2,6.782005627,,
Estonia,10/1/10,9.8,12.30553342,,
Hungary,10/1/10,9.4,1.18689455,,
Latvia,10/1/10,24.1,14.7411497,,
Lithuania,10/1/10,16.2,18.9388923,,
Poland,10/1/10,6.4,11.27309896,4.70501989,10.48022052
Slovenia,10/1/10,11.1,-0.523353412,,
Slovakia,10/1/10,3.7,19.0271092,,
Malta,10/1/10,22.4,17.65773507,,
Cyprus,10/1/10,13.1,7.423627975,,
EU 2007,10/1/10,12.84,10.88126934,,
EU 2007 Mainland,10/1/10,11.6125,10.46641629,,
Other,10/1/10,7.098421053,8.954384186,,
Czech Republic,11/1/10,7.2,-4.111884054,,
Estonia,11/1/10,17.3,8.494876905,,
Hungary,11/1/10,2,5.343924322,,
Latvia,11/1/10,24.3,5.214225043,,
Lithuania,11/1/10,47.2,21.50640114,,
Poland,11/1/10,11.8,11.18883887,4.70501989,10.48022052
Slovenia,11/1/10,-0.8,-5.496509094,,
Slovakia,11/1/10,7.7,-7.108696829,,
Malta,11/1/10,19.3,13.1942655,,
Cyprus,11/1/10,7.1,2.131140638,,
EU 2007,11/1/10,14.31,5.035658245,,
EU 2007 Mainland,11/1/10,14.5875,4.378897038,,
Other,11/1/10,8.471578947,8.16484122,,
Czech Republic,12/1/10,-2.1,-9.122964642,,
Estonia,12/1/10,19.7,13.86132382,,
Hungary,12/1/10,3.6,1.880032334,,
Latvia,12/1/10,26.7,2.133981467,,
Lithuania,12/1/10,34.3,17.96681627,,
Poland,12/1/10,4.9,3.161601349,4.70501989,10.48022052
Slovenia,12/1/10,-4.8,2.242976345,,
Slovakia,12/1/10,-3.6,-17.54120253,,
Malta,12/1/10,16.4,10.86569247,,
Cyprus,12/1/10,13.3,-5.317622317,,
EU 2007,12/1/10,10.84,2.013063456,,
EU 2007 Mainland,12/1/10,9.8375,1.822820552,,
Other,12/1/10,1.982631579,1.44107368,,
Czech Republic,1/1/11,2.4,-4.194295948,,
Estonia,1/1/11,22.6,24.99332314,,
Hungary,1/1/11,10.4,7.158359034,,
Latvia,1/1/11,37.6,1.203205714,,
Lithuania,1/1/11,50.4,17.77612134,,
Poland,1/1/11,10.2,15.38820189,7.169092328,0.312919834
Slovenia,1/1/11,8,-2.55702676,,
Slovakia,1/1/11,4.9,-12.53364987,,
Malta,1/1/11,27.2,15.12213288,,
Cyprus,1/1/11,3.7,-0.596129719,,
EU 2007,1/1/11,17.74,6.176024169,,
EU 2007 Mainland,1/1/11,18.3125,5.904279817,,
Other,1/1/11,9.089473684,8.236830712,,
Czech Republic,2/1/11,2.7,-3.328595569,,
Estonia,2/1/11,15.7,25.15217391,,
Hungary,2/1/11,8.6,8.788945989,,
Latvia,2/1/11,16.8,2.753875214,,
Lithuania,2/1/11,37.4,19.9643785,,
Poland,2/1/11,4.9,9.041049358,7.169092328,0.312919834
Slovenia,2/1/11,-0.4,-0.387269207,,
Slovakia,2/1/11,6.5,-14.83687157,,
Malta,2/1/11,32.7,16.3927529,,
Cyprus,2/1/11,5.2,0.102659403,,
EU 2007,2/1/11,13.01,6.364309893,,
EU 2007 Mainland,2/1/11,11.525,5.893460828,,
Other,2/1/11,5.894736842,9.025299412,,
Czech Republic,3/1/11,2.4,-2.485928705,,
Estonia,3/1/11,12,22.99944964,,
Hungary,3/1/11,5,7.100695676,,
Latvia,3/1/11,33,3.66437996,,
Lithuania,3/1/11,35.3,4.239878689,,
Poland,3/1/11,4.8,3.263647833,7.169092328,0.312919834
Slovenia,3/1/11,12.4,-0.811136932,,
Slovakia,3/1/11,9.3,-10.44039853,,
Malta,3/1/11,27.5,10.44822813,,
Cyprus,3/1/11,-1.2,-13.00865842,,
EU 2007,3/1/11,14.05,2.497015734,,
EU 2007 Mainland,3/1/11,14.275,3.441323454,,
Other,3/1/11,5.273684211,4.616934285,,
Czech Republic,4/1/11,21.3,27.18848665,,
Estonia,4/1/11,16.3,75.56930982,,
Hungary,4/1/11,19.4,35.50880945,,
Latvia,4/1/11,39.4,48.24760883,,
Lithuania,4/1/11,30.4,41.66726866,,
Poland,4/1/11,11.7,44.48922519,7.169092328,0.312919834
Slovenia,4/1/11,14.4,125.6563297,,
Slovakia,4/1/11,14.3,15.64965545,,
Malta,4/1/11,15.3,25.99326435,,
Cyprus,4/1/11,23.3,30.72496094,,
EU 2007,4/1/11,20.58,47.06949191,,
EU 2007 Mainland,4/1/11,20.9,51.74708672,,
Other,4/1/11,19.01578947,32.35332804,,
Czech Republic,5/1/11,2.7,7.765981356,,
Estonia,5/1/11,12.9,45.18199187,,
Hungary,5/1/11,2.9,6.708125504,,
Latvia,5/1/11,18.7,16.92920737,,
Lithuania,5/1/11,15.6,16.93274233,,
Poland,5/1/11,3,12.04999659,7.169092328,0.312919834
Slovenia,5/1/11,-4.3,-4.160603358,,
Slovakia,5/1/11,20.2,-7.463821035,,
Malta,5/1/11,2,4.268164937,,
Cyprus,5/1/11,3.4,0.9057444,,
EU 2007,5/1/11,7.71,9.911752996,,
EU 2007 Mainland,5/1/11,8.9625,11.74295258,,
Other,5/1/11,3.46,10.20051628,,
Czech Republic,6/1/11,14.4,7.644833559,,
Estonia,6/1/11,21.6,36.74780858,,
Hungary,6/1/11,8.3,6.580902125,,
Latvia,6/1/11,37.2,14.24287472,,
Lithuania,6/1/11,13.8,13.29071445,,
Poland,6/1/11,6.2,9.042359027,7.169092328,0.312919834
Slovenia,6/1/11,19,-0.954606046,,
Slovakia,6/1/11,11.4,-4.584427132,,
Malta,6/1/11,9.5,5.272261978,,
Cyprus,6/1/11,6.2,6.172097206,,
EU 2007,6/1/11,14.76,9.345481847,,
EU 2007 Mainland,6/1/11,16.4875,10.25130741,,
Other,6/1/11,16.885,8.105339599,,
Czech Republic,7/1/11,4.4,4.372681,,
Estonia,7/1/11,11.4,37.8913997,,
Hungary,7/1/11,4.7,5.349155234,,
Latvia,7/1/11,11.2,9.780909149,,
Lithuania,7/1/11,16.3,9.996806375,,
Poland,7/1/11,5.4,9.321671668,7.169092328,0.312919834
Slovenia,7/1/11,10.7,-9.036734346,,
Slovakia,7/1/11,11,4.131867209,,
Malta,7/1/11,0.7,2.399850816,,
Cyprus,7/1/11,11.9,8.32398509,,
EU 2007,7/1/11,8.77,8.25315919,,
EU 2007 Mainland,7/1/11,9.3875,8.975969499,,
Other,7/1/11,9.16,7.375767687,,
Czech Republic,8/1/11,4.4,2.545748274,,
Estonia,8/1/11,14.6,38.102298,,
Hungary,8/1/11,2.8,2.206065813,,
Latvia,8/1/11,13.1,5.871104143,,
Lithuania,8/1/11,15.8,13.8494652,,
Poland,8/1/11,3.9,9.992001036,7.169092328,0.312919834
Slovenia,8/1/11,8.5,-13.42121212,,
Slovakia,8/1/11,8.8,2.066966936,,
Malta,8/1/11,-5.1,0.095075668,,
Cyprus,8/1/11,11.8,3.504154953,,
EU 2007,8/1/11,7.86,6.48116679,,
EU 2007 Mainland,8/1/11,8.9875,7.65155466,,
Other,8/1/11,6.06,3.854103665,,
Czech Republic,9/1/11,3.1,1.134901829,,
Estonia,9/1/11,18.1,39.64681712,,
Hungary,9/1/11,4.8,5.564474751,,
Latvia,9/1/11,10.3,5.51722584,,
Lithuania,9/1/11,9.9,16.02010678,,
Poland,9/1/11,8,18.218965,7.169092328,0.312919834
Slovenia,9/1/11,10.7,-7.119753319,,
Slovakia,9/1/11,5.7,-0.311167758,,
Malta,9/1/11,8.8,2.460630981,,
Cyprus,9/1/11,7.2,1.274432312,,
EU 2007,9/1/11,8.66,8.240663354,,
EU 2007 Mainland,9/1/11,8.825,9.833946281,,
Other,9/1/11,19.74761905,6.940868103,,
Czech Republic,10/1/11,1.9,-2.277911506,,
Estonia,10/1/11,15.4,35.50944852,,
Hungary,10/1/11,10.9,8.357100306,,
Latvia,10/1/11,12.9,5.531564974,,
Lithuania,10/1/11,11.8,22.0352126,,
Poland,10/1/11,2.5,9.767222165,7.169092328,0.312919834
Slovenia,10/1/11,4,-8.680762359,,
Slovakia,10/1/11,7.1,-13.68166679,,
Malta,10/1/11,-0.5,5.293247285,,
Cyprus,10/1/11,1.9,0.233883813,,
EU 2007,10/1/11,6.79,6.2087339,,
EU 2007 Mainland,10/1/11,8.3125,7.070025988,,
Other,10/1/11,10.17894737,3.710663106,,
Czech Republic,11/1/11,4.8,-4.57030049,,
Estonia,11/1/11,18.1,38.84817337,,
Hungary,11/1/11,16.4,7.850361914,,
Latvia,11/1/11,32.6,4.204841294,,
Lithuania,11/1/11,13.3,22.85088798,,
Poland,11/1/11,13.1,12.98963071,7.169092328,0.312919834
Slovenia,11/1/11,6.6,-0.93172086,,
Slovakia,11/1/11,13,-17.73391358,,
Malta,11/1/11,4.7,0.131411484,,
Cyprus,11/1/11,2.5,-4.0785196,,
EU 2007,11/1/11,12.51,5.956085221,,
EU 2007 Mainland,11/1/11,14.7375,7.938495041,,
Other,11/1/11,6.605263158,2.188418499,,
Czech Republic,12/1/11,7.7,2.388913177,,
Estonia,12/1/11,13.5,37.02461675,,
Hungary,12/1/11,21.7,13.89894636,,
Latvia,12/1/11,24.4,4.5779864,,
Lithuania,12/1/11,25.5,35.85962809,,
Poland,12/1/11,14.9,19.24341654,7.169092328,0.312919834
Slovenia,12/1/11,7.5,-10.46970151,,
Slovakia,12/1/11,11.1,-11.11528055,,
Malta,12/1/11,0.9,-2.32827301,,
Cyprus,12/1/11,1.2,-3.650545818,,
EU 2007,12/1/11,12.84,8.542970643,,
EU 2007 Mainland,12/1/11,15.7875,11.42606566,,
Other,12/1/11,9.34,8.246007762,,
Czech Republic,1/1/12,23.1,-1.093625795,,
Estonia,1/1/12,7.2,20.33954274,,
Hungary,1/1/12,18,6.66294954,,
Latvia,1/1/12,14.6,5.054578808,,
Lithuania,1/1/12,27.2,28.52700806,,
Poland,1/1/12,17.6,7.171448127,,
Slovenia,1/1/12,10,-14.29759152,,
Slovakia,1/1/12,8.8,-18.45434277,,
Malta,1/1/12,-9.1,-1.613811446,,
Cyprus,1/1/12,-11.9,-5.221408847,,
EU 2007,1/1/12,10.55,2.707474691,,
EU 2007 Mainland,1/1/12,15.8125,4.2387459,,
Other,1/1/12,8.1055,2.631920254,,
Czech Republic,2/1/12,19.7,-3.081224036,,
Estonia,2/1/12,6,19.61283848,,
Hungary,2/1/12,8.6,-14.27921543,,
Latvia,2/1/12,28.1,3.691113608,,
Lithuania,2/1/12,13.2,30.05843333,,
Poland,2/1/12,12.9,12.10272519,,
Slovenia,2/1/12,6.6,-6.354551677,,
Slovakia,2/1/12,1.3,-17.75160301,,
Malta,2/1/12,-15,-1.747509206,,
Cyprus,2/1/12,-5.9,-2.410396143,,
EU 2007,2/1/12,7.55,1.984061111,,
EU 2007 Mainland,2/1/12,12.05,2.999814557,,
Other,2/1/12,3.1865,2.019008073,,
Czech Republic,3/1/12,22.8,-3.990949061,,
Estonia,3/1/12,19.2,22.49168494,,
Hungary,3/1/12,12.6,-8.207592109,,
Latvia,3/1/12,5.3,-1.543361236,,
Lithuania,3/1/12,19.2,29.2674479,,
Poland,3/1/12,13.9,11.66861546,,
Slovenia,3/1/12,6.8,-6.56243664,,
Slovakia,3/1/12,-4,-21.10269604,,
Malta,3/1/12,-7.9,-1.681501764,,
Cyprus,3/1/12,-6.5,-2.93487575,,
EU 2007,3/1/12,8.14,1.74043357,,
EU 2007 Mainland,3/1/12,11.975,2.752589152,,
Other,3/1/12,9.4845,2.790277759,,
Czech Republic,4/1/12,10.3,-11.8257986,,
Estonia,4/1/12,7.1,25.64586936,,
Hungary,4/1/12,11.9,-5.202976063,,
Latvia,4/1/12,1,-10.09899811,,
Lithuania,4/1/12,21.2,23.57146499,,
Poland,4/1/12,14.8,15.29887496,,
Slovenia,4/1/12,11.6,-12.44681259,,
Slovakia,4/1/12,5.2,-12.88255613,,
Malta,4/1/12,1.7,0.116218258,,
Cyprus,4/1/12,-6.7,-4.865142965,,
EU 2007,4/1/12,7.81,0.731014311,,
EU 2007 Mainland,4/1/12,10.3875,1.507383478,,
Other,4/1/12,2.3495,3.170321681,,
Czech Republic,5/1/12,13,-13.57848205,,
Estonia,5/1/12,4.6,19.56854276,,
Hungary,5/1/12,11.6,-1.625425059,,
Latvia,5/1/12,7.7,-10.16644326,,
Lithuania,5/1/12,20.5,15.08147482,,
Poland,5/1/12,13,23.20708649,,
Slovenia,5/1/12,15.2,-14.25469388,,
Slovakia,5/1/12,-6.4,-9.391357567,,
Malta,5/1/12,4.1,6.845553404,,
Cyprus,5/1/12,0.2,2.331357732,,
EU 2007,5/1/12,8.35,1.80176134,,
EU 2007 Mainland,5/1/12,9.9,1.105087783,,
Other,5/1/12,9.0825,0.195787888,,
Czech Republic,6/1/12,6.9,-7.93588785,,
Estonia,6/1/12,0.7,19.71977391,,
Hungary,6/1/12,10,-4.18814948,,
Latvia,6/1/12,-2.3,-10.52019533,,
Lithuania,6/1/12,11.6,21.88791303,,
Poland,6/1/12,17.6,20.12197111,,
Slovenia,6/1/12,2.3,-18.2631221,,
Slovakia,6/1/12,3.4,-10.05979521,,
Malta,6/1/12,0.5,8.084047989,,
Cyprus,6/1/12,12.4,7.446976151,,
EU 2007,6/1/12,6.31,2.629353222,,
EU 2007 Mainland,6/1/12,6.275,1.34531351,,
Other,6/1/12,2.332,2.166679279,,
Czech Republic,7/1/12,12.7,-9.32256662,,
Estonia,7/1/12,2.4,20.2868121,,
Hungary,7/1/12,12.2,-6.825966434,,
Latvia,7/1/12,-2.7,-10.20477839,,
Lithuania,7/1/12,21.9,22.17283404,,
Poland,7/1/12,10.5,13.52702091,,
Slovenia,7/1/12,9.9,-16.11839027,,
Slovakia,7/1/12,4.9,-10.533422,,
Malta,7/1/12,2,6.851982424,,
Cyprus,7/1/12,7.2,1.916243836,,
EU 2007,7/1/12,8.1,1.174976961,,
EU 2007 Mainland,7/1/12,8.975,0.372692918,,
Other,7/1/12,5.278,1.550059241,,
Czech Republic,8/1/12,15.3,-6.667428519,,
Estonia,8/1/12,-1.5,17.15030618,,
Hungary,8/1/12,15.8,-6.96337557,,
Latvia,8/1/12,-4.6,-9.692788093,,
Lithuania,8/1/12,17.4,17.89721488,,
Poland,8/1/12,9.8,2.152721941,,
Slovenia,8/1/12,10.9,-20.5441415,,
Slovakia,8/1/12,6.8,-8.783224438,,
Malta,8/1/12,0.4,8.200565995,,
Cyprus,8/1/12,5.4,2.300886015,,
EU 2007,8/1/12,7.57,-0.494926311,,
EU 2007 Mainland,8/1/12,8.7375,-1.93133939,,
Other,8/1/12,5.8395,2.466433429,,
Czech Republic,9/1/12,13.4,-4.692588919,,
Estonia,9/1/12,2.9,12.28282964,,
Hungary,9/1/12,10.6,-7.462813601,,
Latvia,9/1/12,6.8,-7.151886841,,
Lithuania,9/1/12,22.2,17.85670575,,
Poland,9/1/12,8.9,-1.588413822,,
Slovenia,9/1/12,11.1,-12.02336107,,
Slovakia,9/1/12,12.4,-12.08965621,,
Malta,9/1/12,0.4,7.362720482,,
Cyprus,9/1/12,8.1,8.729994315,,
EU 2007,9/1/12,9.68,0.122352974,,
EU 2007 Mainland,9/1/12,11.0375,-1.858648133,,
Other,9/1/12,5.119,2.051091697,,
Czech Republic,10/1/12,9.6,-9.763298239,,
Estonia,10/1/12,0.8,14.29921224,,
Hungary,10/1/12,10.9,-6.115310047,,
Latvia,10/1/12,0.5,-8.323723101,,
Lithuania,10/1/12,21,13.86512863,,
Poland,10/1/12,11.7,-0.360492877,,
Slovenia,10/1/12,-0.1,-17.20383354,,
Slovakia,10/1/12,5.7,-16.83662368,,
Malta,10/1/12,2.8,0.702616724,,
Cyprus,10/1/12,11.1,5.355903286,,
EU 2007,10/1/12,7.4,-2.438042061,,
EU 2007 Mainland,10/1/12,7.5125,-3.804867577,,
Other,10/1/12,2.712,0.148200556,,
Czech Republic,11/1/12,17,-3.689374509,,
Estonia,11/1/12,2.8,-0.609340549,,
Hungary,11/1/12,18.4,-1.194487746,,
Latvia,11/1/12,5.1,-3.083279783,,
Lithuania,11/1/12,20.6,3.572585717,,
Poland,11/1/12,12.7,-4.574489074,,
Slovenia,11/1/12,18.4,-7.317246948,,
Slovakia,11/1/12,2.7,-27.85046288,,
Malta,11/1/12,3.1,3.074299886,,
Cyprus,11/1/12,-0.3,-7.819877569,,
EU 2007,11/1/12,10.05,-4.949167345,,
EU 2007 Mainland,11/1/12,12.2125,-5.593261971,,
Other,11/1/12,7.613,1.547974677,,
Czech Republic,12/1/12,13.3,-6.252532237,,
Estonia,12/1/12,4.9,-6.0296372,,
Hungary,12/1/12,12.4,-5.518139286,,
Latvia,12/1/12,8.4,-1.43416277,,
Lithuania,12/1/12,19.1,-3.306009538,,
Poland,12/1/12,18.6,0.265914925,,
Slovenia,12/1/12,5.3,-9.575446715,,
Slovakia,12/1/12,11.1,-20.1710921,,
Malta,12/1/12,2.5,10.19776579,,
Cyprus,12/1/12,-19.1,-6.126724752,,
EU 2007,12/1/12,7.65,-4.795006388,,
EU 2007 Mainland,12/1/12,11.6375,-6.502638115,,
Other,12/1/12,6.116,-0.754611481,,
Czech Republic,1/1/13,-4.2,-10.84526852,,
Estonia,1/1/13,2,-7.342781508,,
Hungary,1/1/13,2.4,-10.58200855,,
Latvia,1/1/13,12.5,-1.474273527,,
Lithuania,1/1/13,8.9,1.182880877,,
Poland,1/1/13,10.1,2.99376133,,
Slovenia,1/1/13,-10.8,-5.438670951,,
Slovakia,1/1/13,13.7,-21.86097655,,
Malta,1/1/13,10.6,9.075742815,,
Cyprus,1/1/13,-26.5,-12.07699447,,
EU 2007,1/1/13,1.87,-5.636858905,,
EU 2007 Mainland,1/1/13,4.325,-6.670917175,,
Other,1/1/13,3.123181818,-1.221652407,,
Czech Republic,2/1/13,3.2,-8.805828811,,
Estonia,2/1/13,7.3,-13.86204115,,
Hungary,2/1/13,14.2,16.09016215,,
Latvia,2/1/13,0.8,-1.544890465,,
Lithuania,2/1/13,9.2,-1.70707441,,
Poland,2/1/13,10.3,4.08066972,,
Slovenia,2/1/13,3.1,-5.642614899,,
Slovakia,2/1/13,19.7,-22.80032766,,
Malta,2/1/13,9.9,4.650547833,,
Cyprus,2/1/13,-31.9,-18.63724227,,
EU 2007,2/1/13,4.58,-4.817863995,,
EU 2007 Mainland,2/1/13,8.475,-4.27399319,,
Other,2/1/13,11.18956522,-1.561508426,,
Czech Republic,3/1/13,7.1,-1.970109654,,
Estonia,3/1/13,7.9,-11.40185323,,
Hungary,3/1/13,18.7,10.38182631,,
Latvia,3/1/13,13.8,1.990645056,,
Lithuania,3/1/13,6.9,2.864287947,,
Poland,3/1/13,5.9,7.327569155,,
Slovenia,3/1/13,9,0.417108689,,
Slovakia,3/1/13,25.3,-14.10724538,,
Malta,3/1/13,5,12.30182288,,
Cyprus,3/1/13,-14.5,-3.518779462,,
EU 2007,3/1/13,8.51,0.428527231,,
EU 2007 Mainland,3/1/13,11.825,-0.562221388,,
Other,3/1/13,11.49090909,1.232926576,,
Czech Republic,4/1/13,-6.7,-1.388909593,,
Estonia,4/1/13,-12.6,-17.42969676,,
Hungary,4/1/13,-1.8,-1.362442875,,
Latvia,4/1/13,7.6,-0.055517921,,
Lithuania,4/1/13,9.1,8.394130463,,
Poland,4/1/13,3.7,-2.999414588,,
Slovenia,4/1/13,-9.3,5.369964974,,
Slovakia,4/1/13,16.4,-1.734699946,,
Malta,4/1/13,6.3,9.980588285,,
Cyprus,4/1/13,-5.6,-15.26858387,,
EU 2007,4/1/13,0.71,-1.649458183,,
EU 2007 Mainland,4/1/13,0.8,-1.400823281,,
Other,4/1/13,-0.297391304,0.894126291,,
Czech Republic,5/1/13,9.9,4.321820304,,
Estonia,5/1/13,6.3,-14.7893816,,
Hungary,5/1/13,18.7,0.733874699,,
Latvia,5/1/13,16.7,4.087283954,,
Lithuania,5/1/13,17.7,11.90333296,,
Poland,5/1/13,11.1,-3.267929347,,
Slovenia,5/1/13,15.1,14.68801767,,
Slovakia,5/1/13,19.6,-2.03704362,,
Malta,5/1/13,11.4,9.256842621,,
Cyprus,5/1/13,6.5,4.380946189,,
EU 2007,5/1/13,13.3,2.927776383,,
EU 2007 Mainland,5/1/13,14.3875,1.954996878,,
Other,5/1/13,9.52826087,4.973707318,,
Czech Republic,6/1/13,-0.8,3.898258514,,
Estonia,6/1/13,3.8,-10.58462819,,
Hungary,6/1/13,4.2,-0.05005814,,
Latvia,6/1/13,11.6,2.873762552,,
Lithuania,6/1/13,7,7.266320362,,
Poland,6/1/13,-3.6,-3.821541105,,
Slovenia,6/1/13,4.4,14.4296312,,
Slovakia,6/1/13,6.2,2.21775437,,
Malta,6/1/13,9,9.545800056,,
Cyprus,6/1/13,0,-2.342666877,,
EU 2007,6/1/13,4.18,2.343263275,,
EU 2007 Mainland,6/1/13,4.1,2.028687446,,
Other,6/1/13,5.587826087,4.116018087,,
Czech Republic,7/1/13,2.5,5.520382276,,
Estonia,7/1/13,1.4,-12.08696259,,
Hungary,7/1/13,6.5,-1.905943208,,
Latvia,7/1/13,19,1.005065654,,
Lithuania,7/1/13,8.5,10.33756945,,
Poland,7/1/13,4.2,-0.289640385,,
Slovenia,7/1/13,3,6.829656077,,
Slovakia,7/1/13,5.3,3.956062108,,
Malta,7/1/13,4.3,5.29779619,,
Cyprus,7/1/13,2,-5.428818885,,
EU 2007,7/1/13,5.67,1.323516669,,
EU 2007 Mainland,7/1/13,6.3,1.670773673,,
Other,7/1/13,4.16173913,3.284708045,,
Czech Republic,8/1/13,3.3,5.171986555,,
Estonia,8/1/13,10.8,-9.992238856,,
Hungary,8/1/13,7,-3.439157061,,
Latvia,8/1/13,22.2,-0.419071913,,
Lithuania,8/1/13,8.6,10.96133642,,
Poland,8/1/13,7.7,10.37241433,,
Slovenia,8/1/13,8.8,12.23129332,,
Slovakia,8/1/13,5.1,1.553323783,,
Malta,8/1/13,11.2,10.54975089,,
Cyprus,8/1/13,-1,-6.898285955,,
EU 2007,8/1/13,8.37,3.009135152,,
EU 2007 Mainland,8/1/13,9.1875,3.304985822,,
Other,8/1/13,8.441304348,4.25765075,,
Czech Republic,9/1/13,0.9,2.179046306,,
Estonia,9/1/13,-1.6,-9.49789958,,
Hungary,9/1/13,1.6,-1.673492308,,
Latvia,9/1/13,10.6,-2.399241957,,
Lithuania,9/1/13,7.6,14.64927584,,
Poland,9/1/13,2.7,10.73736473,,
Slovenia,9/1/13,3.3,5.090489026,,
Slovakia,9/1/13,-1.8,-3.40220662,,
Malta,9/1/13,8.5,10.94938722,,
Cyprus,9/1/13,-0.7,-1.486132312,,
EU 2007,9/1/13,3.11,2.514659035,,
EU 2007 Mainland,9/1/13,2.9125,1.960416931,,
Other,9/1/13,6.303913043,3.115524247,,
Czech Republic,10/1/13,4.6,2.137328201,,
Estonia,10/1/13,3.3,-6.81539764,,
Hungary,10/1/13,2.4,-0.441773936,,
Latvia,10/1/13,17.2,0.041769269,,
Lithuania,10/1/13,21.5,22.95777469,,
Poland,10/1/13,7.8,9.353883272,,
Slovenia,10/1/13,7.8,17.1506094,,
Slovakia,10/1/13,3.1,-0.300006977,,
Malta,10/1/13,15.3,17.96243624,,
Cyprus,10/1/13,-4.1,-2.792397313,,
EU 2007,10/1/13,7.89,5.925422521,,
EU 2007 Mainland,10/1/13,8.4625,5.510523285,,
Other,10/1/13,10.16782609,4.62294734,,
Czech Republic,11/1/13,4.3,1.166097159,,
Estonia,11/1/13,21.3,-7.815377996,,
Hungary,11/1/13,4.1,-0.679884366,,
Latvia,11/1/13,14.2,2.377662244,,
Lithuania,11/1/13,28.9,16.8769034,,
Poland,11/1/13,4.4,12.48303935,,
Slovenia,11/1/13,4.9,7.771941063,,
Slovakia,11/1/13,10,17.44623744,,
Malta,11/1/13,16.6,17.22291844,,
Cyprus,11/1/13,-26.2,-1.178970366,,
EU 2007,11/1/13,8.25,6.567056637,,
EU 2007 Mainland,11/1/13,11.5125,6.203327287,,
Other,11/1/13,9.656956522,2.906611669,,
Czech Republic,12/1/13,7.5,1.322678067,,
Estonia,12/1/13,7,-7.522681091,,
Hungary,12/1/13,-0.5,1.068919554,,
Latvia,12/1/13,6.5,-1.266297667,,
Lithuania,12/1/13,18,8.62220272,,
Poland,12/1/13,5.1,3.140419539,,
Slovenia,12/1/13,5.4,21.56729761,,
Slovakia,12/1/13,5.9,13.68051883,,
Malta,12/1/13,11.5,11.7815942,,
Cyprus,12/1/13,-15.4,-1.366568195,,
EU 2007,12/1/13,5.1,5.102808357,,
EU 2007 Mainland,12/1/13,6.8625,5.076632196,,
Other,12/1/13,11.14608696,5.774930578,,
Czech Republic,1/1/14,5.18,5.949341681,,
Estonia,1/1/14,11.59,-1.355329861,,
Hungary,1/1/14,13.87,9.205758327,,
Latvia,1/1/14,19.46,-0.258408421,,
Lithuania,1/1/14,19.79,7.177241036,,
Poland,1/1/14,6.2,9.749399347,,
Slovenia,1/1/14,10.52,18.03026417,,
Slovakia,1/1/14,-9.08,20.64427794,,
Malta,1/1/14,12.67,10.28546549,,
Cyprus,1/1/14,-5.08,6.605410268,,
EU 2007,1/1/14,8.512,8.603341998,,
EU 2007 Mainland,1/1/14,9.69125,8.642818028,,
Other,1/1/14,11.96826087,5.087949587,,
Czech Republic,2/1/14,2.71,4.506126241,,
Estonia,2/1/14,11.06,5.733927769,,
Hungary,2/1/14,9.53,7.994318344,,
Latvia,2/1/14,18.75,-1.71632726,,
Lithuania,2/1/14,17.06,7.207927122,,
Poland,2/1/14,3.69,6.634172797,,
Slovenia,2/1/14,6.06,16.08105596,,
Slovakia,2/1/14,-9.83,12.38154477,,
Malta,2/1/14,12.21,9.749077166,,
Cyprus,2/1/14,10.12,11.56583798,,
EU 2007,2/1/14,8.136,8.013766088,,
EU 2007 Mainland,2/1/14,7.37875,7.352843217,,
Other,2/1/14,8.14375,4.376366897,,
Czech Republic,3/1/14,-7.5,-1.711462697,,
Estonia,3/1/14,-0.14,2.345972541,,
Hungary,3/1/14,-3.26,3.0170186,,
Latvia,3/1/14,14.03,-7.210458955,,
Lithuania,3/1/14,15.39,3.407946376,,
Poland,3/1/14,1.44,2.475647247,,
Slovenia,3/1/14,-4.76,3.308602848,,
Slovakia,3/1/14,-19.12,0.729907492,,
Malta,3/1/14,9.02,4.169938197,,
Cyprus,3/1/14,-9.55,-5.98506666,,
EU 2007,3/1/14,-0.445,0.454804499,,
EU 2007 Mainland,3/1/14,-0.49,0.795396681,,
Other,3/1/14,2.083043478,3.372393278,,
Czech Republic,4/1/14,8.8,3.674941422,,
Estonia,4/1/14,11.05,2.768445618,,
Hungary,4/1/14,8.22,9.23066696,,
Latvia,4/1/14,23.12,1.284246575,,
Lithuania,4/1/14,10.93,18.84817153,,
Poland,4/1/14,7.12,10.4797883,,
Slovenia,4/1/14,16.88,1.59973407,,
Slovakia,4/1/14,-21.08,-0.032280192,,
Malta,4/1/14,14.41,14.53819406,,
Cyprus,4/1/14,5.77,18.1221799,,
EU 2007,4/1/14,8.522,8.051408823,,
EU 2007 Mainland,4/1/14,8.13,5.981714285,,
Other,4/1/14,14.22208333,6.580160427,,
Czech Republic,5/1/14,-5.02,1.352126154,,
Estonia,5/1/14,1.94,2.777532456,,
Hungary,5/1/14,-2.96,5.951758762,,
Latvia,5/1/14,15.57,-2.825775313,,
Lithuania,5/1/14,5.37,17.39100609,,
Poland,5/1/14,3.22,5.561705797,,
Slovenia,5/1/14,2.39,-8.045423605,,
Slovakia,5/1/14,-14.23,-5.434388155,,
Malta,5/1/14,8.74,6.538010171,,
Cyprus,5/1/14,3.69,0.81491555,,
EU 2007,5/1/14,1.871,2.408146791,,
EU 2007 Mainland,5/1/14,0.785,2.091067774,,
Other,5/1/14,4.68375,4.270267729,,
Czech Republic,6/1/14,9.43,1.019345811,,
Estonia,6/1/14,6.13,0.300415727,,
Hungary,6/1/14,7.71,8.423370078,,
Latvia,6/1/14,21.59,0.093021366,,
Lithuania,6/1/14,12.87,11.79858967,,
Poland,6/1/14,5.71,10.78214044,,
Slovenia,6/1/14,11.29,-1.4296545,,
Slovakia,6/1/14,-9.5,-2.048967673,,
Malta,6/1/14,3.4,2.289826006,,
Cyprus,6/1/14,3.09,4.001783368,,
EU 2007,6/1/14,7.172,3.52298703,,
EU 2007 Mainland,6/1/14,8.15375,3.617282615,,
Other,6/1/14,9.28375,6.632172172,,
Czech Republic,7/1/14,3.11,-1.460250381,,
Estonia,7/1/14,3.23,6.300072472,,
Hungary,7/1/14,4.34,8.13039604,,
Latvia,7/1/14,14.34,0.939931102,,
Lithuania,7/1/14,3.93,6.284486472,,
Poland,7/1/14,1.9,10.70273457,,
Slovenia,7/1/14,0.49,-3.118839672,,
Slovakia,7/1/14,-14.24,8.84823447,,
Malta,7/1/14,8.8,9.192210961,,
Cyprus,7/1/14,-2.95,7.967817395,,
EU 2007,7/1/14,2.295,5.378679343,,
EU 2007 Mainland,7/1/14,2.1375,4.578345635,,
Other,7/1/14,4.670416667,3.764702855,,
Czech Republic,8/1/14,3.9,-0.957556505,,
Estonia,8/1/14,-4.52,3.625710338,,
Hungary,8/1/14,5.44,7.999470703,,
Latvia,8/1/14,4.69,2.468042283,,
Lithuania,8/1/14,7.59,7.951097429,,
Poland,8/1/14,5.29,12.13051141,,
Slovenia,8/1/14,5.63,5.702959416,,
Slovakia,8/1/14,-11.42,8.633066958,,
Malta,8/1/14,6.86,8.607273695,,
Cyprus,8/1/14,2.66,9.190362828,,
EU 2007,8/1/14,2.612,6.535093856,,
EU 2007 Mainland,8/1/14,2.075,5.944162754,,
Other,8/1/14,6.656666667,5.947287359,,
Czech Republic,9/1/14,3.78,1.872708264,,
Estonia,9/1/14,1.96,3.689049998,,
Hungary,9/1/14,3.01,5.383596646,,
Latvia,9/1/14,16.2,3.061464941,,
Lithuania,9/1/14,7.22,5.789111374,,
Poland,9/1/14,3.5,11.58131872,,
Slovenia,9/1/14,2.41,4.918657482,,
Slovakia,9/1/14,-9.68,12.85666819,,
Malta,9/1/14,3.28,1.549553522,,
Cyprus,9/1/14,-6.19,-2.016799163,,
EU 2007,9/1/14,2.549,4.868532997,,
EU 2007 Mainland,9/1/14,3.55,6.144071952,,
Other,9/1/14,5.985416667,4.297717611,,
Czech Republic,10/1/14,4.82,2.344896488,,
Estonia,10/1/14,0.96,1.513434942,,
Hungary,10/1/14,3.43,6.307272297,,
Latvia,10/1/14,16.2,1.859412853,,
Lithuania,10/1/14,6.81,4.74214927,,
Poland,10/1/14,5.09,14.5943221,,
Slovenia,10/1/14,11.22,7.872765647,,
Slovakia,10/1/14,-7.51,2.671448565,,
Malta,10/1/14,2.17,3.263413824,,
Cyprus,10/1/14,-7.39,-1.285911053,,
EU 2007,10/1/14,3.58,4.388320494,,
EU 2007 Mainland,10/1/14,5.1275,5.238212771,,
Other,10/1/14,8.817826087,6.188036983,,
Czech Republic,11/1/14,1.6,4.025898019,,
Estonia,11/1/14,-9.84,6.596563895,,
Hungary,11/1/14,7.34,7.010891105,,
Latvia,11/1/14,9.98,4.333167891,,
Lithuania,11/1/14,-2.09,8.153979375,,
Poland,11/1/14,2.81,20.6793421,,
Slovenia,11/1/14,1.91,1.02477531,,
Slovakia,11/1/14,-6.42,25.31702015,,
Malta,11/1/14,0.9,3.244842804,,
Cyprus,11/1/14,2.43,8.274411739,,
EU 2007,11/1/14,0.862,8.866089239,,
EU 2007 Mainland,11/1/14,0.66125,9.642704731,,
Other,11/1/14,5.804583333,5.157775027,,
Czech Republic,12/1/14,7.58,2.725503417,,
Estonia,12/1/14,-9.32,9.528820116,,
Hungary,12/1/14,17.4,10.77874832,,
Latvia,12/1/14,7.9,4.996288004,,
Lithuania,12/1/14,-2.07,13.11331044,,
Poland,12/1/14,7.63,21.55589307,,
Slovenia,12/1/14,16.19,2.627174519,,
Slovakia,12/1/14,-4.4,17.13432251,,
Malta,12/1/14,4.32,4.712804707,,
Cyprus,12/1/14,5.07,11.93933669,,
EU 2007,12/1/14,5.03,9.911220179,,
EU 2007 Mainland,12/1/14,5.11375,10.30750755,,
Other,12/1/14,19.95583333,5.442689495,,