﻿gwid,statename,group,groupid,gwgroupid,wvs_ethnicity,wvs_ethnicity_full,exclude_country,exclude_year
339,Albania,Albanians,1000,33901000,8012,8012,,
339,Albania,Greeks,2000,33902000,8013,8013,,
339,Albania,Macedonians,3000,33903000,NA,NA,,
615,Algeria,Arabs,1000,61501000,12001,12001,,
615,Algeria,Berbers,2000,61502000,12002,"12002, 12003",,
615,Algeria,Berbers,2000,61502000,12003,,,
160,Argentina,Whites/mestizos,1000,16001000,1400,"1400, 32001, 32002, 32003, 32004",,
160,Argentina,Indigenous peoples,2000,16002000,32005,32005,,
160,Argentina,Whites/mestizos,1000,16001000,32001,,,
160,Argentina,Whites/mestizos,1000,16001000,32002,,,
160,Argentina,Whites/mestizos,1000,16001000,32003,,,
160,Argentina,Whites/mestizos,1000,16001000,32004,,,
371,Armenia,Armenians,1000,37101000,30,"30, 51001",,
371,Armenia,Kurds/Yezidis,2000,37102000,1410,"1410, 720, 51004",,
371,Armenia,Assyrians,4000,37104000,NA,NA,,
371,Armenia,Armenians,1000,37101000,5001,,,
371,Armenia,Kurds/Yezidis,2000,37102000,720,,,
371,Armenia,Kurds/Yezidis,2000,37102000,51004,,,
900,Australia,Whites,3000,90003000,101,"101, 410, 36001, 36002, 36008",,
900,Australia,Asians,2000,90002000,70,"70, 80, 90, 91, 36003, 36004",,
900,Australia,Aborigines,1000,90001000,100,"100, 26006",,
900,Australia,Whites,3000,90003000,410,,,
900,Australia,Whites,3000,90003000,36001,,,
900,Australia,Whites,3000,90003000,36002,,,
900,Australia,Whites,3000,90003000,36008,,,
900,Australia,Asians,2000,90002000,80,,,
900,Australia,Asians,2000,90002000,90,,,
900,Australia,Asians,2000,90002000,91,,,
900,Australia,Asians,2000,90002000,36003,,,
900,Australia,Asians,2000,90002000,36004,,,
900,Australia,Aborigines,1000,90001000,26006,,,
373,Azerbaijan,Azeri,1000,37301000,31002,31002,,
373,Azerbaijan,Lezgins,2000,37302000,31006,31006,,
373,Azerbaijan,Armenians,4000,37304000,NA,NA,,
373,Azerbaijan,Talysh,5000,37305000,NA,NA,,
771,Bangladesh,Bengali Muslims,2000,77102000,50002,50002,,"2002, 2018"
771,Bangladesh,Bengali Hindus,1000,77101000,50003,50003,,"2002, 2018"
771,Bangladesh,Tribal-Buddhists,3000,77103000,NA,NA,,"2002, 2018"
771,Bangladesh,Biharis (Urdu-Speaker),4000,77104000,NA,NA,,"2002, 2018"
370,Belarus,Byelorussians,1000,37001000,190,190,,
370,Belarus,Russians,2000,37002000,1220,1220,,
370,Belarus,Poles,3000,37003000,1200,1200,,
145,Bolivia,Whites/mestizos,4000,14504000,6800,6800,,
145,Bolivia,Quechua,3000,14503000,6801,6801,,
145,Bolivia,Aymara,5000,14505000,6802,6802,,
145,Bolivia,Guaran√≠¬≠ and other eastern indigenous groups,6000,14506000,6083,"6083, 6084",,
145,Bolivia,Guaran√≠¬≠ and other eastern indigenous groups,6000,14506000,6084,,,
346,Bosnia and Herzegovina,Bosniaks/Muslims,1000,34601000,70002,70002,,
346,Bosnia and Herzegovina,Serbs,2000,34602000,70003,70003,,
346,Bosnia and Herzegovina,Croats,3000,34603000,70001,70001,,
346,Bosnia and Herzegovina,Roma,4000,34604000,NA,NA,,
140,Brazil,Whites,1000,14001000,1400,"1400, 76001",,
140,Brazil,Afrobrazilians,2000,14002000,200,"200, 220, 522, 76002",,
140,Brazil,Indigenous peoples,3000,14003000,640,640,,
140,Brazil,Whites,1000,14001000,76001,,,
140,Brazil,Afrobrazilians,2000,14002000,220,,,
140,Brazil,Afrobrazilians,2000,14002000,522,,,
140,Brazil,Afrobrazilians,2000,14002000,76002,,,
355,Bulgaria,Bulgarians,1000,35501000,100001,100001,,
355,Bulgaria,Turkish,2000,35502000,100003,100003,,
355,Bulgaria,Roma,3000,35503000,100002,100002,,
355,Bulgaria,Pomaks,4000,35504000,NA,NA,,
355,Bulgaria,Macedonians,5000,35505000,NA,NA,,
439,Burkina Faso,Gur,1000,43901000,220,220,,
20,Canada,English speakers,1000,2001000,420,420,,"1990, 2000, 2006"
20,Canada,French speakers,2000,2002000,470,470,,"1990, 2000, 2006"
20,Canada,Aboriginal peoples,4000,2004000,NA,NA,,"1990, 2000, 2006"
155,Chile,Whites/mestizos,1000,15501000,1400,"1400, 152001",,
155,Chile,Mapuche,2000,15502000,152008,152008,,
155,Chile,Other indigenous peoples,3000,15503000,NA,NA,,
155,Chile,Whites/mestizos,1000,15501000,152001,,,
710,China,Chinese (Han),3000,71003000,156002,156002,,"1995, 2007, 2013, 2018"
710,China,Zhuang,13000,71013000,156003,156003,,"1995, 2007, 2013, 2018"
710,China,Uyghur,36000,71036000,156005,156005,,"1995, 2007, 2013, 2018"
710,China,Hui,5000,71005000,156004,156004,,"1995, 2007, 2013, 2018"
710,China,Yi,12000,71012000,NA,NA,,"1995, 2007, 2013, 2018"
710,China,Miao,8000,71008000,156006,156006,,"1995, 2007, 2013, 2018"
710,China,Manchu,7000,71007000,156007,156007,,"1995, 2007, 2013, 2018"
710,China,Mongolians,9000,71009000,NA,NA,,"1995, 2007, 2013, 2018"
710,China,Bouyei,2000,71002000,NA,NA,,"1995, 2007, 2013, 2018"
710,China,Koreans,6000,71006000,NA,NA,,"1995, 2007, 2013, 2018"
710,China,Tibetans,10000,71010000,NA,NA,,"1995, 2007, 2013, 2018"
710,China,Dong,4000,71004000,NA,NA,,"1995, 2007, 2013, 2018"
710,China,Yao,11000,71011000,NA,NA,,"1995, 2007, 2013, 2018"
710,China,Bai,1000,71001000,NA,NA,,"1995, 2007, 2013, 2018"
710,China,Dai,14000,71014000,NA,NA,,"1995, 2007, 2013, 2018"
710,China,Hani,16000,71016000,NA,NA,,"1995, 2007, 2013, 2018"
710,China,Tujia,27000,71027000,NA,NA,,"1995, 2007, 2013, 2018"
710,China,Kazakh,35000,71035000,NA,NA,,"1995, 2007, 2013, 2018"
710,China,Li,19000,71019000,NA,NA,,"1995, 2007, 2013, 2018"
710,China,Lisu,20000,71020000,NA,NA,,"1995, 2007, 2013, 2018"
710,China,Gelao,30000,71030000,NA,NA,,"1995, 2007, 2013, 2018"
710,China,She,24000,71024000,NA,NA,,"1995, 2007, 2013, 2018"
710,China,Wa,28000,71028000,NA,NA,,"1995, 2007, 2013, 2018"
710,China,Jingpo,17000,71017000,NA,NA,,"1995, 2007, 2013, 2018"
710,China,Lahu,18000,71018000,NA,NA,,"1995, 2007, 2013, 2018"
710,China,Naxi,22000,71022000,NA,NA,,"1995, 2007, 2013, 2018"
710,China,Shui,25000,71025000,NA,NA,,"1995, 2007, 2013, 2018"
710,China,Salar,5500,71005500,NA,NA,,"1995, 2007, 2013, 2018"
710,China,Daur,15000,71015000,NA,NA,,"1995, 2007, 2013, 2018"
710,China,Mulam,21000,71021000,NA,NA,,"1995, 2007, 2013, 2018"
710,China,Qiang,23000,71023000,NA,NA,,"1995, 2007, 2013, 2018"
710,China,Tu,26000,71026000,NA,NA,,"1995, 2007, 2013, 2018"
710,China,Xibe,32000,71032000,NA,NA,,"1995, 2007, 2013, 2018"
710,China,Blang,33000,71033000,NA,NA,,"1995, 2007, 2013, 2018"
710,China,Maonan,34000,71034000,NA,NA,,"1995, 2007, 2013, 2018"
710,China,Hui (proper),5100,71005100,NA,NA,,"1995, 2007, 2013, 2018"
710,China,Dongxiang,5300,71005300,NA,NA,,"1995, 2007, 2013, 2018"
710,China,Kirghiz,5400,71005400,NA,NA,,"1995, 2007, 2013, 2018"
100,Colombia,Whites/mestizos,1000,10001000,1400,"1400, 170001",,
100,Colombia,Afrocolumbians,2000,10002000,200,"200, 350, 170002, 170003",,
100,Colombia,Indigenous peoples,3000,10003000,640,"640, 170004",,
100,Colombia,Whites/mestizos,1000,10001000,170001,,,
100,Colombia,Afrocolumbians,2000,10002000,350,,,
100,Colombia,Afrocolumbians,2000,10002000,170002,,,
100,Colombia,Afrocolumbians,2000,10002000,170003,,,
100,Colombia,Indigenous peoples,3000,10003000,170004,,,
344,Croatia,Croats,1000,34401000,,,Yes,
344,Croatia,Serbs,2000,34402000,,,Yes,
344,Croatia,Roma,5000,34405000,,,Yes,
344,Croatia,Bosniaks,3000,34403000,,,Yes,
344,Croatia,Italians,4000,34404000,,,Yes,
344,Croatia,Hungarians,6000,34406000,,,Yes,
352,Cyprus,Greeks,1000,35201000,,,Yes,
352,Cyprus,Turks,2000,35202000,,,Yes,
316,Czech Republic,Czechs,1000,31601000,1400,1400,,
42,Dominican Republic,Dominicans,1000,4201000,,,Yes,
130,Ecuador,Whites/mestizos,2000,13002000,218001,"218001, 218002, 218005",,
130,Ecuador,Indigenous highland peoples (Kichwa),3000,13003000,218004,218004,,
130,Ecuador,Afro-Ecuadorians,5000,13005000,218003,"218003, 218006",,
130,Ecuador,"Indigenous lowland peoples (Shuar, Achuar etc.)",4000,13004000,NA,,,
130,Ecuador,Whites/mestizos,2000,13002000,218002,,,
130,Ecuador,Whites/mestizos,2000,13002000,218005,,,
130,Ecuador,Afro-Ecuadorians,5000,13005000,218006,,,
651,Egypt,Arab Muslims,1000,65101000,,,Yes,
651,Egypt,Coptic Christians,2000,65102000,,,Yes,
651,Egypt,Jews,3000,65103000,,,Yes,
92,El Salvador,Whites/mestizos,1000,9201000,,,Yes,
92,El Salvador,Indigenous peoples,2000,9202000,,,Yes,
366,Estonia,Estonians,1000,36601000,,,Yes,
366,Estonia,Russians,2000,36602000,,,Yes,
366,Estonia,Ukrainians,3000,36603000,,,Yes,
366,Estonia,Byelorussians,4000,36604000,,,Yes,
530,Ethiopia,Oroma,6000,53006000,404,404,,
530,Ethiopia,Amhara,2000,53002000,402,402,,
530,Ethiopia,Other Southern Nations,7000,53007000,407,"407, 406",,
530,Ethiopia,Tigry,9000,53009000,403,403,,
530,Ethiopia,Beni-Shugal-Gumez,3000,53003000,NA,NA,,
530,Ethiopia,Somali (Ogaden),8000,53008000,1245,1245,,
530,Ethiopia,Christian Eritreans,10000,53010000,NA,NA,,
530,Ethiopia,Muslim Eritreans,11000,53011000,NA,NA,,
530,Ethiopia,Afar,1000,53001000,NA,NA,,
530,Ethiopia,Anuak,12000,53012000,NA,NA,,
530,Ethiopia,Harari,5000,53005000,NA,NA,,
530,Ethiopia,Other Southern Nations,7000,53007000,406,,,
375,Finland,Finns,1000,37501000,,,Yes,
375,Finland,Swedes,2000,37502000,,,Yes,
220,France,French,1000,22001000,,,Yes,
220,France,Roma,4000,22004000,,,Yes,
220,France,Basques,2000,22002000,,,Yes,
220,France,Corsicans,3000,22003000,,,Yes,
372,Georgia,Georgians,1000,37201000,268001,268001,,
372,Georgia,Armenians,2000,37202000,NA,NA,,
372,Georgia,Azeri,5000,37205000,NA,NA,,
372,Georgia,Ossetians (South),6000,37206000,NA,NA,,
372,Georgia,Abkhazians,7000,37207000,NA,NA,,
260,Germany,Germans,1000,26001000,,,Yes,
260,Germany,Germans,1000,26001000,,,Yes,
452,Ghana,Other Akans,7000,45207000,502,502,,
452,Ghana,"Northern Groups (Mole-Dagbani, Gurma, Grusi)",6000,45206000,504,504,,
452,Ghana,Asante (Akan),1000,45201000,NA,NA,,
452,Ghana,Ewe,2000,45202000,503,503,,
452,Ghana,Ga-Adangbe,3000,45203000,501,501,,
350,Greece,Greeks,1000,35001000,,,Yes,
350,Greece,Roma,3000,35003000,,,Yes,
350,Greece,Macedonians,4000,35004000,,,Yes,
350,Greece,Muslims,2000,35002000,,,Yes,
90,Guatemala,Maya,2000,9002000,,,Yes,
90,Guatemala,Ladinos,1000,9001000,,,Yes,
90,Guatemala,Xinca,4000,9004000,,,Yes,
90,Guatemala,Gar√≠funa,3000,9003000,,,Yes,
41,Haiti,Haitians,1000,4101000,,,Yes,
310,Hungary,Hungarians,1000,31001000,530,530,,
310,Hungary,Roma,2000,31002000,520,520,,
750,India,Hindi (Non SC/ST/OBCs),5000,75005000,356001,356001,,
750,India,Scheduled Castes,21000,75021000,570,"570, 356002, 356006",,
750,India,Other Muslims,13000,75013000,356008,356008,,
750,India,Scheduled Tribes,22000,75022000,580,"580, 356007",,
750,India,Marathi (non-SC/ST/OBCs),11000,75011000,NA,NA,,
750,India,Telugu (Non SC/ST/OBCs),20000,75020000,NA,NA,,
750,India,Tamil (non-SC/ST/OBCs),19000,75019000,NA,NA,,
750,India,Bengali (non-SC/ST),2000,75002000,NA,NA,,
750,India,Gujarati (non-SC/ST),4000,75004000,NA,NA,,
750,India,Kannada (non-SC/ST/OBCs),8000,75008000,NA,NA,,
750,India,Malyalam (non-SC/ST/OBCs),9000,75009000,NA,NA,,
750,India,Oriya (non-SC/ST),15000,75015000,NA,NA,,
750,India,Punjabi-Sikhs (non-SC/ST),17000,75017000,356009,356009,,
750,India,Assamese (non-SC/ST/OBCs),1000,75001000,NA,NA,,
750,India,Manipuri,10000,75010000,NA,NA,,
750,India,Naga,14000,75014000,NA,NA,,
750,India,Bodo,3000,75003000,NA,NA,,
750,India,Indigenous Tripuri,7000,75007000,NA,NA,,
750,India,Mizo,12000,75012000,NA,NA,,
750,India,Kashmiri Muslims,6000,75006000,NA,NA,,
750,India,Other Backward Classes/Castes,16000,75016000,591,"591, 356003, 356004, 356005",,
750,India,Scheduled Castes,21000,75021000,356002,,,
750,India,Scheduled Castes,21000,75021000,356006,,,
750,India,Scheduled Tribes,22000,75022000,356007,,,
750,India,Other Backward Classes/Castes,16000,75016000,356003,,,
750,India,Other Backward Classes/Castes,16000,75016000,356004,,,
750,India,Other Backward Classes/Castes,16000,75016000,356005,,,
850,Indonesia,Javanese,8000,85008000,670,"670, 360004, 360010",,
850,Indonesia,Sundanese,14000,85014000,1270,"1270, 360005, 360021",,
850,Indonesia,Madura,9000,85009000,360013,360013,,
850,Indonesia,Minangkabaus,12000,85012000,NA,NA,,
850,Indonesia,Malay,17000,85017000,780,"780, 360001",,
850,Indonesia,Bataks,4000,85004000,360002,360002,,
850,Indonesia,Chinese (Han),5000,85005000,NA,NA,,
850,Indonesia,Dayak,16000,85016000,360008,360008,,
850,Indonesia,Acehnese,1000,85001000,1260,"1260, 360006",,
850,Indonesia,Balinese,3000,85003000,NA,NA,,
850,Indonesia,Makassarese and Bugis,10000,85010000,360014,360014,,
850,Indonesia,Minahasa,11000,85011000,NA,NA,,
850,Indonesia,Amboinese,2000,85002000,NA,NA,,
850,Indonesia,Gorontalos,7000,85007000,NA,NA,,
850,Indonesia,Ternate,15000,85015000,NA,NA,,
850,Indonesia,Papuans,13000,85013000,NA,NA,,
850,Indonesia,East Timorese,6000,85006000,NA,NA,,
850,Indonesia,Javanese,8000,85008000,360004,,,
850,Indonesia,Javanese,8000,85008000,360010,,,
850,Indonesia,Sundanese,14000,85014000,360005,,,
850,Indonesia,Sundanese,14000,85014000,360021,,,
850,Indonesia,Malay,17000,85017000,360001,,,
850,Indonesia,Acehnese,1000,85001000,360006,,,
630,Iran,Persians,9000,63009000,364001,"364001, 651",,
630,Iran,Azeri,4000,63004000,364002,364002,,
630,Iran,Kurds,8000,63008000,364003,"364003, 720",,
630,Iran,Arabs,1000,63001000,364004,364004,,
630,Iran,Baloch,6000,63006000,NA,NA,,
630,Iran,Turkmen,10000,63010000,1290,1290,,
630,Iran,Armenians,2000,63002000,30,30,,
630,Iran,Bahais,5000,63005000,NA,NA,,
630,Iran,Jews,7000,63007000,NA,NA,,
630,Iran,Assyrians,3000,63003000,NA,NA,,
630,Iran,Zoroastrians,12000,63012000,NA,NA,,
630,Iran,Persians,9000,63009000,651,,,
630,Iran,Kurds,8000,63008000,720,,,
645,Iraq,Shi'a Arabs,2000,64502000,368001,368001,,
645,Iraq,Sunni Arabs,3000,64503000,368001,"368001, 376002",,
645,Iraq,Kurds,1000,64501000,368002,368002,,
645,Iraq,Assyrians,4000,64504000,NA,NA,,
645,Iraq,Turkmen,5000,64505000,368003,368003,,
645,Iraq,Sunni Arabs,3000,64503000,376002,,,
666,Israel,Ashkenazim (Jewish),2000,66602000,376001,376001,,
666,Israel,Mizrahim (Jewish),4000,66604000,NA,NA,,
666,Israel,Palestinians (Arab),1000,66601000,376002,376002,,
666,Israel,Israeli Arabs,1100,66601100,376002,376002,,
666,Israel,Palestinian Arabs,1200,66601200,376002,376002,,
666,Israel,Russians (Jewish),5000,66605000,NA,NA,,
325,Italy,Italians,1000,32501000,,,Yes,
325,Italy,Sardinians,2000,32502000,,,Yes,
325,Italy,Friulians,3000,32503000,,,Yes,
325,Italy,German speakers (Austrians),4000,32504000,,,Yes,
325,Italy,Aostans (French speakers),5000,32505000,,,Yes,
325,Italy,Roma,6000,32506000,,,Yes,
740,Japan,Japanese,3000,74003000,,,Yes,
740,Japan,Burakumin,2000,74002000,,,Yes,
740,Japan,Okinawans,5000,74005000,,,Yes,
740,Japan,Koreans,6000,74006000,,,Yes,
740,Japan,Ainu,1000,74001000,,,Yes,
663,Jordan,Palestinian Arabs,2000,66302000,400002,400002,,
663,Jordan,Jordanian Arabs,1000,66301000,400001,400001,,
663,Jordan,Christians,3000,66303000,NA,NA,,
705,Kazakhstan,Kazakhs,2000,70502000,705,"705, 368002, 643009",,
705,Kazakhstan,Russians,3100,70503100,1220,"1220, 643004",,
705,Kazakhstan,Germans,1000,70501000,500,"500, 643001",,
705,Kazakhstan,Ukrainians,3200,70503200,1310,"1310, 643005",,
705,Kazakhstan,Tatars,4000,70504000,1280,"1280, 643012",,
705,Kazakhstan,Uzbeks,7000,70507000,1315,"1315, 643013",,
705,Kazakhstan,Uighur,5000,70505000,280,"280, 398014",,
705,Kazakhstan,Russian-speakers,3000,70503000,NA,NA,,
705,Kazakhstan,Kazakhs,2000,70502000,368002,,,
705,Kazakhstan,Kazakhs,2000,70502000,643009,,,
705,Kazakhstan,Russians,3100,70503100,643004,,,
705,Kazakhstan,Germans,1000,70501000,643001,,,
705,Kazakhstan,Ukrainians,3200,70503200,643005,,,
705,Kazakhstan,Tatars,4000,70504000,643012,,,
705,Kazakhstan,Uzbeks,7000,70507000,643013,,,
705,Kazakhstan,Uighur,5000,70505000,398014,,,
690,Kuwait,Kuwaiti Sunni (Arab),3000,69003000,,,Yes,
690,Kuwait,Kuwaiti Shi'a (Arab),2000,69002000,,,Yes,
690,Kuwait,Bedoon,4000,69004000,,,Yes,
703,Kyrgyzstan,Kyrgyz,1000,70301000,723,723,,
703,Kyrgyzstan,Russians,2000,70302000,1220,1220,,
703,Kyrgyzstan,Uzbeks,5000,70305000,1315,1315,,
703,Kyrgyzstan,Uyghur,4000,70304000,280,280,,
367,Latvia,Latvians,1000,36701000,428005,428005,,
367,Latvia,Russians,2000,36702000,428009,428009,,
367,Latvia,Byelorussians,3000,36703000,428002,428002,,
367,Latvia,Ukrainians,4000,36704000,428010,428010,,
660,Lebanon,Maronite Christians,5000,66005000,,,Yes,
660,Lebanon,Sunnis (Arab),10000,66010000,,,Yes,
660,Lebanon,Shi'a Muslims (Arab),8000,66008000,,,Yes,
660,Lebanon,Palestinians (Arab),7000,66007000,,,Yes,
660,Lebanon,Druze,2000,66002000,,,Yes,
660,Lebanon,Greek Orthodox,3000,66003000,,,Yes,
660,Lebanon,Greek Catholics,4000,66004000,,,Yes,
660,Lebanon,Armenian Orthodox,1000,66001000,,,Yes,
660,Lebanon,Armenian Catholics,6000,66006000,,,Yes,
660,Lebanon,Protestants,9000,66009000,,,Yes,
660,Lebanon,Alawites,11000,66011000,,,Yes,
620,"Libya (Tripolitania, Cyrenaica, Fezzan)",Arabs,1000,62001000,,,Yes,
620,"Libya (Tripolitania, Cyrenaica, Fezzan)",Berbers,5000,62005000,,,Yes,
620,"Libya (Tripolitania, Cyrenaica, Fezzan)",Tuareg,6000,62006000,,,Yes,
620,"Libya (Tripolitania, Cyrenaica, Fezzan)",Toubou,2000,62002000,,,Yes,
620,"Libya (Tripolitania, Cyrenaica, Fezzan)",Jews,4000,62004000,,,Yes,
368,Lithuania,Lithuanians,1000,36801000,,,Yes,
368,Lithuania,Russians,3000,36803000,,,Yes,
368,Lithuania,Poles,2000,36802000,,,Yes,
343,Macedonia,Macedonians,1000,34301000,807001,807001,,
343,Macedonia,Albanians,2000,34302000,807002,807002,,
343,Macedonia,Turks,5000,34305000,807003,807003,,
343,Macedonia,Roma,3000,34303000,807004,807004,,
343,Macedonia,Serbs,4000,34304000,807005,807005,,
343,Macedonia,Bosniaks,7000,34307000,NA,NA,,
343,Macedonia,Vlachs,6000,34306000,NA,NA,,
820,Malaysia,Malays,5000,82005000,780,"780, 458001",,
820,Malaysia,Chinese,1000,82001000,295,"295, 80",,
820,Malaysia,East Indians,3000,82003000,90,90,,
820,Malaysia,Dayaks,2000,82002000,NA,NA,,
820,Malaysia,Kadazans,4000,82004000,781,781,,
820,Malaysia,Orang Asli,6000,82006000,NA,NA,,
820,Malaysia,Malays,5000,82005000,458001,,,
820,Malaysia,Chinese,1000,82001000,80,,,
432,Mali,"Blacks (Mande, Peul, Voltaic etc.)",1000,43201000,,,Yes,
432,Mali,Tuareg,2000,43202000,,,Yes,
432,Mali,Arabs/Moors,3000,43203000,,,Yes,
70,Mexico,Mestizos,1000,7001000,,,Yes,
70,Mexico,Other indigenous groups,3000,7003000,,,Yes,
70,Mexico,Afromexicans,9000,7009000,,,Yes,
70,Mexico,Maya,2000,7002000,,,Yes,
359,Moldova,Moldovans,1000,35901000,790,"790, 498001",,
359,Moldova,Russian speakers,3000,35903000,1220,"1220, 498002",,
359,Moldova,Gagauz,4000,35904000,480,"480, 498004",,
359,Moldova,Bulgarians,5000,35905000,230,"230, 498005",,
359,Moldova,Moldovans,1000,35901000,498001,,,
359,Moldova,Russian speakers,3000,35903000,498002,,,
359,Moldova,Gagauz,4000,35904000,498004,,,
359,Moldova,Bulgarians,5000,35905000,498005,,,
341,Montenegro,Montenegrins,1000,34101000,,,Yes,
341,Montenegro,Serbs,2000,34102000,,,Yes,
341,Montenegro,Bosniak/Muslims,3000,34103000,,,Yes,
341,Montenegro,Albanians,4000,34104000,,,Yes,
341,Montenegro,Croats,5000,34105000,,,Yes,
341,Montenegro,Roma,6000,34106000,,,Yes,
600,Morocco,Arabs,2000,60002000,1400,"1400, 800",,
600,Morocco,Berbers,1000,60001000,195,195,,
600,Morocco,Sahrawis,3000,60003000,220,220,,
600,Morocco,Arabs,2000,60002000,800,,,
775,Myanmar,Bamar (Barman),1000,77501000,104001,104001,,
775,Myanmar,Shan,9000,77509000,104004,104004,,
775,Myanmar,Kayin (Karens),6000,77506000,104002,104002,,
775,Myanmar,Chinese,3000,77503000,NA,NA,,
775,Myanmar,Zomis (Chins),11000,77511000,NA,NA,,
775,Myanmar,Buddhist Arakanese,2000,77502000,104003,104003,,
775,Myanmar,Indians,4000,77504000,NA,NA,,
775,Myanmar,Mons,7000,77507000,104005,104005,,
775,Myanmar,Muslim Arakanese,8000,77508000,NA,NA,,
775,Myanmar,Kachins,5000,77505000,NA,NA,,
775,Myanmar,Karenni (Red Karens),12000,77512000,NA,NA,,
775,Myanmar,Wa,10000,77510000,NA,NA,,
210,Netherlands,Dutch,1000,21001000,,,Yes,
920,New Zealand,New Zealanders,2000,92002000,554003,"554003, 554006, 554002",,
920,New Zealand,Maori,1000,92001000,554001,554001,,
920,New Zealand,Pacific Islanders,3000,92003000,554004,554004,,
920,New Zealand,Asians,4000,92004000,554005,554005,,
920,New Zealand,New Zealanders,2000,92002000,554006,,,
920,New Zealand,New Zealanders,2000,92002000,554002,,,
93,Nicaragua,Whites/mestizos,1000,9301000,558001,558001,,
93,Nicaragua,Afronicaraguans,2000,9302000,558003,558003,,
93,Nicaragua,Miskitos,3000,9303000,558002,558002,,
93,Nicaragua,Sumus,5000,9305000,NA,NA,,
475,Nigeria,Hausa-Fulani and Muslim Middle Belt,1000,47501000,855002,"855002, 855004, 56602, 56604",,"1990, 1995, 2000"
475,Nigeria,Yoruba,6000,47506000,855001,"855001, 56601",,"1990, 1995, 2000"
475,Nigeria,Igbo,2000,47502000,855003,"855003, 56603",,"1990, 1995, 2000"
475,Nigeria,Ijaw,3000,47503000,855045,855045,,"1990, 1995, 2000"
475,Nigeria,Tiv,5000,47505000,855005,"855005, 56605",,"1990, 1995, 2000"
475,Nigeria,Ogoni,4000,47504000,NA,NA,,"1990, 1995, 2000"
475,Nigeria,Hausa-Fulani and Muslim Middle Belt,1000,47501000,855004,,,
475,Nigeria,Hausa-Fulani and Muslim Middle Belt,1000,47501000,56602,,,
475,Nigeria,Hausa-Fulani and Muslim Middle Belt,1000,47501000,56604,,,
475,Nigeria,Yoruba,6000,47506000,56601,,,
475,Nigeria,Igbo,2000,47502000,56603,,,
475,Nigeria,Tiv,5000,47505000,56605,,,
385,Norway,Norwegians,1000,38501000,,,Yes,
135,Peru,Whites/mestizos,2000,13502000,1400,"1400, 604001",,
135,Peru,Indigenous peoples of the Andes,1000,13501000,831,"831, 832, 604002",,
135,Peru,Afroperuvians,4000,13504000,220,"220, 350, 604004",,
135,Peru,Indigenous peoples of the Amazon,5000,13505000,830,"830, 604003",,
135,Peru,Whites/mestizos,2000,13502000,1400,,,
135,Peru,Indigenous peoples of the Andes,1000,13501000,832,,,
135,Peru,Indigenous peoples of the Andes,1000,13501000,604002,,,
135,Peru,Afroperuvians,4000,13504000,350,,,
135,Peru,Indigenous peoples of the Amazon,5000,13505000,604003,,,
135,Peru,Afroperuvians,4000,13504000,604004,,,
840,Philippines,Christian lowlanders,1000,84001000,,,Yes,
840,Philippines,Indigenous,2000,84002000,,,Yes,
840,Philippines,Moro,3000,84003000,,,Yes,
840,Philippines,Fil-Chinese,4000,84004000,,,Yes,
290,Poland,Poles,1000,29001000,,,Yes,
290,Poland,Germans,2000,29002000,,,Yes,
290,Poland,Ukrainians,3000,29003000,,,Yes,
290,Poland,Byelorussians,4000,29004000,,,Yes,
290,Poland,European and American Jews,5000,29005000,,,Yes,
290,Poland,Roma,6000,29006000,,,Yes,
694,Qatar,Qatari Arabs,1000,69401000,,,Yes,
732,Republic of Korea,Koreans,1000,73201000,,,Yes,
360,Romania,Romanians,1000,36001000,642004,642004,,
360,Romania,Hungarians,2000,36002000,642003,642003,,
360,Romania,Roma,3000,36003000,642002,642002,,
360,Romania,Germans,4000,36004000,642001,"642001, 643001",,
360,Romania,Germans,4000,36004000,643001,,,
365,Russia,Russians,1000,36501000,1220,"1220, 643004",,2011
365,Russia,Ukrainians,2000,36502000,1310,"1310, 643005",,2011
365,Russia,Byelorussians,4000,36504000,190,190,,2011
365,Russia,Tatars,3000,36503000,1280,"1280, 643012",,2011
365,Russia,Uzbeks,5000,36505000,643013,643013,,2011
365,Russia,Armenians,8000,36508000,30,"30, 643014",,2011
365,Russia,Azeri,9000,36509000,120,"120, 643008",,2011
365,Russia,Georgians,10000,36510000,490,490,,2011
365,Russia,Jews,11000,36511000,680,"680, 643006",,2011
365,Russia,Kazakhs,12000,36512000,705,"705, 643009",,2011
365,Russia,Lithuanians,13000,36513000,NA,NA,,2011
365,Russia,Moldovans,14000,36514000,790,"790, 643003",,2011
365,Russia,Germans,17000,36517000,NA,NA,,2011
365,Russia,Chuvashes,6000,36506000,NA,NA,,2011
365,Russia,Poles,18000,36518000,NA,NA,,2011
365,Russia,Tajiks,19000,36519000,1277,"1277, 643011",,2011
365,Russia,Mordva,20000,36520000,NA,NA,,2011
365,Russia,Latvians,21000,36521000,NA,NA,,2011
365,Russia,Bashkirs,7000,36507000,NA,NA,,2011
365,Russia,Kirghis,22000,36522000,NA,NA,,2011
365,Russia,Estonians,24000,36524000,NA,NA,,2011
365,Russia,Turkmens,25000,36525000,NA,NA,,2011
365,Russia,Udmurt,30000,36530000,NA,NA,,2011
365,Russia,Chechens,16000,36516000,NA,NA,,2011
365,Russia,Ossetes,27000,36527000,NA,NA,,2011
365,Russia,Mari,29000,36529000,NA,NA,,2011
365,Russia,Koreans,38000,36538000,NA,NA,,2011
365,Russia,Avars,23000,36523000,NA,NA,,2011
365,Russia,Dargins,26000,36526000,NA,NA,,2011
365,Russia,Kabardins,28000,36528000,NA,NA,,2011
365,Russia,Buryats,32000,36532000,NA,NA,,2011
365,Russia,Ingush,33000,36533000,NA,NA,,2011
365,Russia,Kumyks,34000,36534000,NA,NA,,2011
365,Russia,Lezgins,35000,36535000,NA,NA,,2011
365,Russia,Yakuts,36000,36536000,NA,NA,,2011
365,Russia,Komi,37000,36537000,NA,NA,,2011
365,Russia,Gagauz,51000,36551000,NA,NA,,2011
365,Russia,Roma,52000,36552000,NA,NA,,2011
365,Russia,Kalmyks,53000,36553000,NA,NA,,2011
365,Russia,Karakalpaks,55000,36555000,NA,NA,,2011
365,Russia,Karelians,56000,36556000,NA,NA,,2011
365,Russia,Komi-Permyaks,58000,36558000,NA,NA,,2011
365,Russia,Tuvinians,39000,36539000,NA,NA,,2011
365,Russia,Uighurs,66000,36566000,NA,NA,,2011
365,Russia,Adyghe,40000,36540000,NA,NA,,2011
365,Russia,Cherkess,44000,36544000,NA,NA,,2011
365,Russia,Finns,50000,36550000,NA,NA,,2011
365,Russia,Karachai,54000,36554000,NA,NA,,2011
365,Russia,Abkhaz,46000,36546000,NA,NA,,2011
365,Russia,Khakass,57000,36557000,NA,NA,,2011
365,Russia,Laks,59000,36559000,NA,NA,,2011
365,Russia,Balkars,43000,36543000,NA,NA,,2011
365,Russia,Altai,47000,36547000,NA,NA,,2011
365,Russia,Nogai,61000,36561000,NA,NA,,2011
365,Russia,Pamir Tajiks,63000,36563000,NA,NA,,2011
365,Russia,Tabasarans,65000,36565000,NA,NA,,2011
365,Russia,Chukchi,48000,36548000,NA,NA,,2011
365,Russia,Crimean Tatars,49000,36549000,NA,NA,,2011
365,Russia,Russians,1000,36501000,643004,,,
365,Russia,Ukrainians,2000,36502000,643005,,,
365,Russia,Tatars,3000,36503000,643012,,,
365,Russia,Armenians,8000,36508000,643014,,,
365,Russia,Azeri,9000,36509000,643008,,,
365,Russia,Jews,11000,36511000,643006,,,
365,Russia,Kazakhs,12000,36512000,643009,,,
365,Russia,Moldovans,14000,36514000,643003,,,
365,Russia,Tajiks,19000,36519000,643011,,,
517,Rwanda,Hutu,1000,51701000,,,Yes,
517,Rwanda,Tutsi,2000,51702000,,,Yes,
670,Saudi Arabia,Sunni Wahhabi (Najdi) (Arab),5000,67005000,,,Yes,
670,Saudi Arabia,Sunni Shafii/Sofi (Hijazi) (Arab),4000,67004000,,,Yes,
670,Saudi Arabia,Ja'afari Shia (Eastern Province) (Arab),2000,67002000,,,Yes,
670,Saudi Arabia,Ismaili Shia (South) (Arab),1000,67001000,,,Yes,
345,Serbia and Montenegro,Serbs,1000,34501000,1230,1230,,"2001, 2017"
345,Serbia and Montenegro,Croats,2000,34502000,NA,NA,,"2001, 2017"
345,Serbia and Montenegro,Bosniaks/Muslims,4000,34504000,800,800,,"2001, 2017"
345,Serbia and Montenegro,Albanians,6000,34506000,20,20,,"2001, 2017"
345,Serbia and Montenegro,Slovenes,7000,34507000,NA,NA,,"2001, 2017"
345,Serbia and Montenegro,Macedonians,8000,34508000,NA,NA,,"2001, 2017"
345,Serbia and Montenegro,Montenegrins,9000,34509000,795,795,,"2001, 2017"
345,Serbia and Montenegro,Hungarians,11000,34511000,530,530,,"2001, 2017"
345,Serbia and Montenegro,Roma,12000,34512000,NA,NA,,"2001, 2017"
830,Singapore,Chinese,1000,83001000,702004,702004,,
830,Singapore,Malays,2000,83002000,702006,702006,,
830,Singapore,Indians,3000,83003000,702003,702003,,
830,Singapore,Eurasians and Others,4000,83004000,702001,"702001, 702008",,
830,Singapore,Eurasians and Others,4000,83004000,702008,,,
317,Slovakia,Slovaks,1000,31701000,,,Yes,
317,Slovakia,Hungarians,2000,31702000,,,Yes,
349,Slovenia,Slovenes,1000,34901000,,,Yes,
349,Slovenia,Hungarians,5000,34905000,,,Yes,
349,Slovenia,Italians,6000,34906000,,,Yes,
349,Slovenia,Roma,8000,34908000,,,Yes,
560,South Africa,Blacks,5000,56005000,220,"220, 710001",,
560,South Africa,Afrikaners,1000,56001000,NA,NA,,
560,South Africa,Coloreds,3000,56003000,710003,"710003, 320",,
560,South Africa,English Speakers,4000,56004000,710002,"710002, 1400",,
560,South Africa,Asians,2000,56002000,90,"90, 710006, 710007, 710004",,
560,South Africa,Zulu,5100,56005100,NA,NA,,
560,South Africa,Xhosa,5200,56005200,NA,NA,,
560,South Africa,Pedi (North Sotho),5310,56005310,NA,NA,,
560,South Africa,South Sotho,5320,56005320,NA,NA,,
560,South Africa,Tswana,5400,56005400,NA,NA,,
560,South Africa,Tsonga,5500,56005500,NA,NA,,
560,South Africa,Swazi,5600,56005600,NA,NA,,
560,South Africa,Venda,5700,56005700,NA,NA,,
560,South Africa,Ndebele,5800,56005800,NA,NA,,
560,South Africa,San,5900,56005900,NA,NA,,
560,South Africa,Blacks,5000,56005000,710001,,,
560,South Africa,Coloreds,3000,56003000,320,,,
560,South Africa,English Speakers,4000,56004000,1400,,,
560,South Africa,Asians,2000,56002000,710006,,,
560,South Africa,Asians,2000,56002000,710007,,,
560,South Africa,Asians,2000,56002000,710004,,,
230,Spain,Spanish,1000,23001000,,,Yes,
230,Spain,Catalans,2000,23002000,,,Yes,
230,Spain,Galician,3000,23003000,,,Yes,
230,Spain,Basques,4000,23004000,,,Yes,
230,Spain,Roma,5000,23005000,,,Yes,
380,Sweden,Swedes,1000,38001000,,,Yes,
225,Switzerland,Swiss Germans,1000,22501000,756001,756001,,
225,Switzerland,Swiss French,2000,22502000,756002,756002,,
225,Switzerland,Swiss Italians,3000,22503000,756003,756003,,
713,Taiwan,Taiwanese,3000,71303000,158001,"158001, 158002",,
713,Taiwan,Mainland Chinese,2000,71302000,158003,158003,,
713,Taiwan,Indigenous/Aboriginal Taiwanese,1000,71301000,158004,158004,,
713,Taiwan,Taiwanese,3000,71303000,158002,,,
702,Tajikistan,Tajiks,3000,70203000,643011,643011,,
702,Tajikistan,Uzbeks,5000,70205000,643013,643013,,
702,Tajikistan,Russians,2000,70202000,643004,643004,,
702,Tajikistan,Pamiri Tajiks,6000,70206000,NA,NA,,
702,Tajikistan,Tatars,4000,70204000,NA,NA,,
702,Tajikistan,Kyrgyz,1000,70201000,NA,NA,,
510,Tanzania,Mainland Africans,1000,51001000,,,Yes,
510,Tanzania,Maasai,4000,51004000,,,Yes,
510,Tanzania,Shirazi (Zanzibar Africans),2000,51002000,,,Yes,
510,Tanzania,Zanzibar Arabs,3000,51003000,,,Yes,
510,Tanzania,Others Mainland (Christians and traditional religions),1010,51001010,,,Yes,
510,Tanzania,Mainland Muslims,1020,51001020,,,Yes,
800,Thailand,Thai,3000,80003000,764001,764001,,2007
800,Thailand,Chinese,4000,80004000,80,80,,2007
800,Thailand,Malay Muslims,1000,80001000,764002,764002,,2007
800,Thailand,Hill Tribes,5000,80005000,764003,764003,,2007
800,Thailand,Shan,2000,80002000,NA,NA,,2007
52,Trinidad and Tobago,East Indians,1000,5201000,,,Yes,
52,Trinidad and Tobago,Blacks,2000,5202000,,,Yes,
616,Tunisia,Arabs,1000,61601000,,,Yes,
640,Turkey,Turkish,2000,64002000,,,Yes,
640,Turkey,Kurds,1000,64001000,,,Yes,
640,Turkey,Roma,3000,64003000,,,Yes,
500,Uganda,"Northerners (Langi, Acholi, Teso, Madi, Kakwa-Nubian, Lugbara, Alur)",9000,50009000,,,Yes,
500,Uganda,"South-Westeners (Ankole, Banyoro, Toro, Banyarwanda)",11000,50011000,,,Yes,
500,Uganda,Baganda,2000,50002000,,,Yes,
500,Uganda,Basoga,4000,50004000,,,Yes,
500,Uganda,Karamojong,7000,50007000,,,Yes,
500,Uganda,Asians,1000,50001000,,,Yes,
500,Uganda,"Northerners (Langi, Acholi, Madi, Kakwa-Nubian, Lugbara, Alur)",9100,50009100,,,Yes,
500,Uganda,Teso,9210,50009210,,,Yes,
500,Uganda,Langi/Acholi,9120,50009120,,,Yes,
500,Uganda,"Far North-West Nile (Kakwa-Nubian, Madi, Lugbara, Alur)",9110,50009110,,,Yes,
500,Uganda,"Far North-West Nilers (Madi, Lugbara, Alur)",9111,50009111,,,Yes,
500,Uganda,Kakwa-Nubian,9112,50009112,,,Yes,
500,Uganda,"Northerners (Langi, Acholi, Teso)",9200,50009200,,,Yes,
500,Uganda,"South-Westerners (Ankole, Banyoro, Toro)",11090,50011090,,,Yes,
500,Uganda,Banyarwanda,11030,50011030,,,Yes,
369,Ukraine,Ukrainians,1000,36901000,1310,1310,,2006
369,Ukraine,Russians,2000,36902000,1220,1220,,2006
369,Ukraine,Romanians/Moldovans,3000,36903000,790,790,,2006
369,Ukraine,Crimean Tatars,5000,36905000,1280,1280,,2006
369,Ukraine,Hungarians,7000,36907000,530,530,,2006
369,Ukraine,Rusyns,8000,36908000,1222,1222,,2006
200,United Kingdom,English,1000,20001000,,,Yes,
200,United Kingdom,Scots,2000,20002000,,,Yes,
200,United Kingdom,Asians,3000,20003000,,,Yes,
200,United Kingdom,Afro-Caribbeans,4000,20004000,,,Yes,
200,United Kingdom,Welsh,5000,20005000,,,Yes,
200,United Kingdom,Catholics In N. Ireland,6000,20006000,,,Yes,
200,United Kingdom,Protestants In N. Ireland,7000,20007000,,,Yes,
2,United States,Whites,1000,201000,1400,"1400, 840002, 840010",,
2,United States,Latinos,2000,202000,1250,"1250, 840005, 840012",,
2,United States,African Americans,3000,203000,840003,"840003, 200, 840011",,
2,United States,Asian Americans,4000,204000,840007,"840007, 840008",,
2,United States,American Indians,5000,205000,NA,NA,,
2,United States,Arab Americans,6000,206000,840009,840009,,
2,United States,Whites,1000,201000,840002,,,
2,United States,Whites,1000,201000,840010,,,
2,United States,Latinos,2000,202000,840005,,,
2,United States,Latinos,2000,202000,840012,,,
2,United States,African Americans,3000,203000,200,,,
2,United States,African Americans,3000,203000,840011,,,
2,United States,Asian Americans,4000,204000,840008,,,
165,Uruguay,Whites/mestizos,1000,16501000,1400,"1400, 858001",,
165,Uruguay,Afro-Uruguayans,2000,16502000,220,"220, 858002",,
165,Uruguay,Whites/mestizos,1000,16501000,858001,,,
165,Uruguay,Afro-Uruguayans,2000,16502000,858002,,,
704,Uzbekistan,Uzbeks,6000,70406000,1315,1315,,
704,Uzbekistan,Russians,3000,70403000,1220,1220,,
704,Uzbekistan,Tajiks,4000,70404000,1277,1277,,
704,Uzbekistan,Karakalpak,1000,70401000,703,703,,
101,Venezuela,Whites/mestizos,1000,10101000,862001,862001,,
101,Venezuela,Afrovenezuelans,2000,10102000,862007,"862007, 862002, 862003, 862004",,
101,Venezuela,Indigenous peoples,3000,10103000,862005,862005,,
101,Venezuela,Afrovenezuelans,2000,10102000,862002,,,
101,Venezuela,Afrovenezuelans,2000,10102000,862003,,,
101,Venezuela,Afrovenezuelans,2000,10102000,862004,,,
816,Vietnam,Kinh (Vietnamese),2000,81602000,,,Yes,
816,Vietnam,Tay,17000,81617000,,,Yes,
816,Vietnam,Thai,18000,81618000,,,Yes,
816,Vietnam,Muong,15000,81615000,,,Yes,
816,Vietnam,Hoa (Chinese),1000,81601000,,,Yes,
816,Vietnam,Nung,16000,81616000,,,Yes,
816,Vietnam,Hmong,11000,81611000,,,Yes,
816,Vietnam,Dao,3000,81603000,,,Yes,
816,Vietnam,Khmer,13000,81613000,,,Yes,
816,Vietnam,Gia Rai,10000,81610000,,,Yes,
678,Yemen,Sunni Shafi'i (Arab),2200,67802200,,,Yes,
678,Yemen,Zaydis,2100,67802100,,,Yes,
678,Yemen,Al-Akhdam,3000,67803000,,,Yes,
678,Yemen,Jewish,4000,67804000,,,Yes,
678,Yemen,Northerners,2000,67802000,,,Yes,
678,Yemen,Southerners,1000,67801000,,,Yes,
678,Yemen,Northern Shafi'i,6000,67806000,,,Yes,
678,Yemen,Northern Zaydis,5000,67805000,,,Yes,
678,Yemen,Southern Shafi'i,7000,67807000,,,Yes,
551,Zambia,Bemba speakers,1000,55101000,,,Yes,
551,Zambia,Nyanja speakers (Easterners),6000,55106000,,,Yes,
551,Zambia,Tonga-Ila-Lenje (Southerners),7000,55107000,,,Yes,
551,Zambia,Lozi (Barotse),3000,55103000,,,Yes,
551,Zambia,Luanda (NW Province),4000,55104000,,,Yes,
551,Zambia,Kaonde (NW Province),2000,55102000,,,Yes,
551,Zambia,Luvale (NW Province),5000,55105000,,,Yes,
552,Zimbabwe,Africans,1000,55201000,,,Yes,
552,Zimbabwe,White Zimbabweans,2000,55202000,,,Yes,
552,Zimbabwe,Shona,1200,55201200,,,Yes,
552,Zimbabwe,Ndebele-Kalanga-(Tonga),1100,55201100,,,Yes,
552,Zimbabwe,Shona (minus Ndau),1220,55201220,,,Yes,
552,Zimbabwe,Ndau (Shona sub-group),1210,55201210,,,Yes,
552,Zimbabwe,Shona (minus Manyika & Ndau),1222,55201222,,,Yes,
552,Zimbabwe,Manyika (Shona sub-group),1221,55201221,,,Yes,