﻿ministry,ministry_gender,ministry_prestige
Ageing & Elderly,Feminine,Low
"Agriculture, Food, Fisheries & Livestock",Masculine,Medium
Ambassador to the United States,Masculine,Low
"Attorney General, Chief Justice or Legal Official",Neutral,Medium
"Audit, Oversight & Internal Affairs",Masculine,Low
Chief of Staff,Neutral,Low
Chief of State,Neutral,High
Children & Family,Feminine,Low
Civil Service,Neutral,Medium
Communications & Information,Masculine,Medium
Construction & Public Works,Masculine,Medium
Correctional Services & Police,Masculine,Medium
Culture & Heritage,Feminine,Low
"Defense, Military & National Security",Masculine,High
Deputy Chief of State,Neutral,Medium
Deputy Prime Minister,Neutral,Medium
Deputy Speaker,Neutral,Medium
"Education, Training & Skills",Feminine,Medium
Energy,Neutral,Medium
"Enterprises, Companies & Business",Masculine,Medium
Environment,Neutral,Medium
Executive & Legislative Relations,Masculine,Medium
"Finance, Budget & Treasury",Masculine,High
Foreign Economic Relations,Masculine,High
Foreign Relations,Masculine,High
General Economic Affairs,Masculine,High
"Government, Interior & Home Affairs",Masculine,High
Governor (Central Bank),Masculine,Medium
Governor (General),Neutral,Medium
Governor (Military),Masculine,Medium
Governor (Region),Neutral,Low
Health & Social Welfare,Feminine,Medium
Housing,Neutral,Medium
Immigration & Emigration,Masculine,Low
Industry & Commerce,Masculine,Medium
Justice & Legal Affairs,Neutral,Medium
"Labor, Employment & Social Security",Masculine,Medium
Local Government,Neutral,Low
"Member, Royal Family",Neutral,Low
"Member, Ruling Group",Neutral,Low
Minister (Full Rank),Neutral,Low
Minorities,Neutral,Low
Minority Affairs,Neutral,Low
Natural Resources,Neutral,Medium
Other,Neutral,Low
Planning & Development,Neutral,Medium
Political Reform,Neutral,Low
President,Neutral,High
Prime Minister,Neutral,High
Prime minister,Neutral,High
Properties & Buildings,Neutral,Medium
Regional,Neutral,Low
Religion,Masculine,Low
Representative to the United Nations,Masculine,Low
"Science, Technology & Research",Masculine,Low
Sports,Neutral,Low
"Tax, Revenue & Fiscal Policy",Masculine,High
Tourism,Neutral,Low
Transport,Masculine,Medium
Veterans,Masculine,Low
Vice President,Neutral,Medium
Without Portfolio,Neutral,Low
Women,Feminine,Low
Youth,Feminine,Low
Advisor,Neutral,Low
Deputy Director of Government Agency,Neutral,Low
Director of Government Agency,Neutral,Low
Minister (Junior),Neutral,Low