﻿Name,Prestige,Gender
Aging,Low,Feminine
Agriculture,Medium,Masculine
Children,Low,Feminine
Civil Service,Medium,Neutral
Communication,Medium,Masculine
Culture,Low,Feminine
Defense,High,Masculine
Displaced Persons,Low,Neutral
Education,Medium,Feminine
Energy,Medium,Neutral
Enterprise,Medium,Masculine
Environment,Medium,Neutral
Finance,High,Masculine
Foreign Affairs,High,Masculine
Health,Medium,Feminine
Heritage,Low,Feminine
Housing,Medium,Neutral
Industry,Medium,Masculine
Internal,High,Masculine
Justice,Medium,Neutral
Labor,Medium,Masculine
Minority,Low,Neutral
Parliamentary Affairs,Medium,Neutral
Planning,Medium,Neutral
Police,Medium,Masculine
Public Works,Medium,Masculine
Reform,Low,Neutral
Regional,Low,Neutral
Religion,Medium,Masculine
Science,Low,Masculine
Sports,Low,Neutral
Tourism,Low,Neutral
Transportation,Medium,Masculine
Women,Low,Feminine
Youth,Low,Feminine
Advisor,Low,Neutral
Integration,Medium,Neutral
Without Portfolio,Low,Neutral
Deputy,High,Neutral
Chief of Staff,Medium,Neutral
Minister of State,Low,Neutral
Chief of State,,Neutral