﻿Code,Label,Country
20,Albanian,
30,Armenian,
31,Arabic,
35,Ashuri,
40,Asian,
70,Asian - Central (Arabic),
80,"Asian - East (Chinese, Japanese)",
90,"Asian - South (Indian, Hindu, Pakistani, Bangladeshi)",
91,"Asian - South-East (Philippino, Malay, Indonesian)",
100,Australian - Aboriginal,
101,Australian - English speaking,
120,Azerbaijanian,
140,Bangladeshi-Baluchi,
190,Belorussian,
195,Bereber,
200,Black African,
220,Black-Other / Black,
230,Bulgarian,
235,Chechen,
280,China - Uygur nationality,
295,Chinese,
301,Chuvash,
320,Coloured (dark),
330,Coloured (light),
350,Crosbreed; Mulato,
365,Dungan,
402,Ethiopian - Amhara,
403,Ethiopian - Tigre,
404,Ethiopian - Oromiya,
405,Ethiopian - Shankella,
406,Ethiopian - Gurage,
407,Ethiopian - Gamo,
410,European,
420,European - English,
470,French,
480,Gagaus,
490,Georgian,
500,German,
501,Ghana: Ga Afangbe,
502,Ghana: Akan,
503,Ghana: Ewe,
504,Ghana: Dagbani,
505,Ghana: Hausa,
506,Ghana: Guan,
510,Greek,
520,Gypsy,
522,Half breed of black and white,
524,Half breed of white and indian,
530,Hungarian,
570,Indian - Scheduled Castes,
580,Indian - Scheduled Tribus,
591,Indian - Other Backward Castes,
640,Indigenous,
642,Indonesia - Kalimantan,
643,Indonesia - Sulawesi,
644,Indonesia - Lombok/Sumbawa,
651,Iranian: Fars,
652,Iranian: Lur,
653,Iranian: Gilak,
660,Italian,
670,Javanese,
680,Jew,
701,Kalmyk,
703,Karakalpak,
705,Kazah,
710,Keldan,
711,Koreans,
720,Kurd/Esid,
723,Kyrgyz,
725,Ladino (Maya-European crossbreed),
740,Lebanese/Syrian,
777,Malaysia - Bugis,
778,Malaysia - Jawa,
779,Malaysia - Brunei Malay,
780,Malay,
781,Malaysia - Kadazan,
782,Malaysia - Bajau,
783,Malaysia - Murut,
784,Malaysia - Iban,
785,Malaysia - Bidayuh,
786,Malaysia - Melanau,
787,Malaysia - Kelabit,
788,Malaysia - Others Bumi,
789,Malaysia - Rungus,
790,Moldavian,
795,Montenegrin,
797,Mordvin,
800,Muslim,
830,Peruan - Crossbreed Amazones,
831,Peruan - Quechua,
832,Peruan - Aymara,
1200,Polish,
1220,Russian,
1222,Rusyn,
1225,Scandinavian; From Nordic countries,
1230,Serbian,
1245,Somali,
1250,Spanish; Hispanic,
1260,Sumatranese,
1270,Sundanese,
1275,Swedish,
1277,Tadjic,
1280,Tatar,
1290,Turkish,
1300,Turkmenian,
1302,Udmurt,
1310,Ukrainian,
1315,Uzbek,
1319,Vietnamese,
1400,White / Caucasian White,
1410,Yezidi,
1420,Yugoslavian,
8000,Other,
8001,Mixed races,
8002,From Asia,
8003,From Africa,
8004,From North America,
8005,From South America,
8008,"From Europe, except the Nordic countries",
8009,From East Europe,
8010,Other Caucassian,
8012,AL: Albanian,AL
8013,AL: Geek,AL
8015,AL: Other,AL
12001,DZ: Arabe,DZ
12002,DZ: Kabyle,DZ
12003,DZ: Chaoui,DZ
12004,DZ: Other (Berber),DZ
31001,AZ: Avarian,AZ
31002,AZ: Azerbaijanian,AZ
31003,AZ: Chekh,AZ
31004,AZ: Iranian,AZ
31005,AZ: Jew,AZ
31006,AZ: Lezgin,AZ
31007,AZ: Moldovian,AZ
31008,AZ: Russian,AZ
31009,AZ: Spanish,AZ
31010,AZ: Tatarian,AZ
31011,AZ: Turkmenian,AZ
36001,AU: Australian (English speaking),AU
36002,AU: European,AU
36003,"AU: South Asian (Indian, Pakistani, etc)",AU
36004,"AU: East Asian (Chinese, Japanese, etc)",AU
36005,"AU: Middle Eastern (Arabic, etc)",AU
36006,AU: Aboriginal or Torres Strait Islander,AU
36007,AU: Other,AU
36008,AU: White,AU
36009,AU: Arabic,AU
50001,"BD: South Asia (Bangladeshi, Pakistani, Indian)",BD
50002,BD: Muslim,BD
50003,BD: Hindu,BD
50004,BD: Christian,BD
50005,BD: Other,BD
51001,AM: Armenian,AM
51002,AM: Greek,AM
51003,AM: Jew,AM
51004,AM: Kurd/Esid,AM
51005,AM: Russian,AM
70001,BO: Croatian,BO
70002,BO: Bosnian/ Muslim,BO
70003,BO: Serbian,BO
70004,BO: Other,BO
76001,BR: Caucasian (White),BR
76002,BR: Negro (Black),BR
76003,BR: South Asian (Indian),BR
76004,"BR: East Asian Chinese,Japanese",BR
76005,BR: Arabic (Central Asia),BR
76006,BR: Other,BR
100001,BG: Bulgarian,BG
100002,BG: Gypsy,BG
100003,BG: Turkish,BG
100004,BG: Other,BG
112001,BY: Belorussian,BY
112002,BY: Polish,BY
112003,BY: Russian,BY
112004,BY: Ukrainian,BY
112005,BY: Other,BY
124001,CA: Caucasian (White),CA
124002,CA: Negro (Black),CA
124003,CA: South Asian (Indian),CA
124004,"CA: East Asian Chinese,Japanese",CA
124005,CA: Arabic (Central Asia),CA
124007,CA: Latin American / Hispanic,CA
124008,CA: Native/Native Indian,CA
152001,CL: Caucasian,CL
152002,CL: Black,CL
152003,"CL: South Asian (hindu, pakistani, brown)",CL
152004,"CL: East Asian (chinese, japanese, korean,..)",CL
152005,CL: Arab (light brown),CL
152006,CL: Other,CL
152008,CL: Indigenous,CL
156001,CN: Chinese,CN
156002,CN: Han nationality,CN
156003,CN: Zhuang nationality,CN
156004,CN: Hui nationality,CN
156005,CN: Uygur nationality,CN
156006,CN: Miao nationality,CN
156007,CN: Manchu nationality,CN
156008,CN: Other,CN
158001,TW: Hakka from Taiwan,TW
158002,TW: Minnanese from Taiwan,TW
158003,TW: Mainlander/China,TW
158004,TW: Aboriginal,TW
158005,TW: Other,TW
170001,"CO: Among all, I am Latine",CO
170002,"CO: Among all, I am crossbreed",CO
170003,"CO: Among all, I am black",CO
170004,"CO: Among all, I am indigenous",CO
214001,DO: White,DO
214002,DO: Black,DO
214003,DO: Mulatto,DO
214004,"DO: Chinese, Japonese",DO
214005,DO: Arab,DO
214006,DO: Other,DO
218001,"EC: Sobre todo, soy latino",EC
218002,"EC: Sobre todo, soy mestizo",EC
218003,"EC: Sobre todo, soy negro",EC
218004,"EC: Sobre todo, soy indígena",EC
218005,"EC: Sobre todo, soy blanco",EC
218006,"EC: Sobre todo, soy mulato",EC
218007,EC: Me considero ecuatoriano/a ante todo,EC
268001,GE: Georgian,GE
268009,GE: Other,GE
276001,DE: German,DE
276002,DE: Southern European,DE
276003,DE: Other,DE
276004,DE: Turkish,DE
276005,DE: Yugoslavian,DE
288001,GH: Frafra,GH
288002,GH: Krobo,GH
288003,GH: Ningo,GH
288004,GH: Shai,GH
288005,GH: Ada,GH
288006,GH: Kotokoli,GH
288007,GH: Bono,GH
288008,GH: Komkomba,GH
288009,GH: Nzema,GH
288010,GH: Busanga,GH
288011,GH: Mamprugu,GH
288012,GH: Gonja,GH
288013,GH: Mampuli,GH
288014,GH: Dagari,GH
288015,GH: Bimba,GH
288016,GH: Dagomba,GH
288017,GH: Ijaw,GH
288018,GH: Esako,GH
332001,HT: White Haitian,HT
332002,HT: Mixed Race (Mullato) Haitian,HT
332003,HT: Asian/Middle Eastern,HT
356001,IN: Upper Castes,IN
356002,IN: Dominant Peasant Castes,IN
356003,IN: Peasant Backward Castes,IN
356004,IN: Weavers and Craftsman Backward Castes,IN
356005,IN: Service Backward Castes,IN
356006,IN: Scheduled Castes,IN
356007,IN: Scheduled Tribes,IN
356008,IN: Muslims,IN
356009,IN: Sikhs,IN
356010,IN: Christians,IN
356013,IN: Buddhists,IN
356015,IN: Hindu No Caste,IN
356016,IN: No Religion No caste,IN
360001,ID: Malay,ID
360002,ID: Chinese,ID
360003,ID: Arab,ID
360004,ID: Javanese,ID
360005,ID: Sundanese,ID
360006,ID: Sumatranese,ID
368001,IQ: Arab,IQ
368002,IQ: Kurdish,IQ
368003,IQ: Turk,IQ
368004,IQ: Ashur,IQ
368005,IQ: Keldan,IQ
368006,IQ: Other,IQ
376001,IR: Jew,IR
376002,IR: Arab,IR
392001,"JP: East Asian Chinese,Japanese",JP
392002,JP: Caucasian (White),JP
392004,JP: South Asian (Indian),JP
392005,JP: Arabic (Central Asia),JP
392006,JP: Other,JP
400001,JO: Jordan,JO
400002,JO: Palestine,JO
400003,JO: Syria,JO
400004,JO: Romania,JO
400005,JO: Saudi Arabia,JO
400006,JO: Afhanistan,JO
400007,JO: Egypt,JO
417001,KG: Asian,KG
417002,KG: European,KG
428001,LV: Armenian,LV
428002,LV: Belorussian,LV
428003,LV: Gypsy,LV
428004,LV: Jew,LV
428005,LV: Latvian,LV
428006,LV: Lithuanian,LV
428007,LV: Moldovian,LV
428008,LV: Polish,LV
428009,LV: Russian,LV
428010,LV: Ukrainian,LV
428011,LV: Other,LV
484001,MX: White,MX
484002,MX: Light brown,MX
484003,MX: Dark brown,MX
484004,MX: Black,MX
484005,MX: Indigenous,MX
484006,MX: Other,MX
484007,"MX: South Asian (Indian, Pakistani)",MX
484008,"MX: East Asian (Chinese, Japanese)",MX
484009,MX: Arabic (Central Asia),MX
484010,MX: Undocumented 1,MX
484012,MX: Indian (American),MX
484013,MX: Coloured (medium),MX
498001,MD: Moldovian,MD
498002,MD: Russian,MD
498003,MD: Ucrainian,MD
498004,MD: Gagaus,MD
498005,MD: Bulgarian,MD
498006,MD: Other,MD
554001,NZ: Maori,NZ
554002,NZ: Pakeha,NZ
554003,NZ: European,NZ
554004,NZ: Pacific Islander,NZ
554005,NZ: Asian,NZ
554006,"NZ: New Zealander first, ethnic group second",NZ
566001,NG: Caucasian white,NG
566002,NG: Negro Black,NG
566003,NG: South Asian Indian P,NG
566004,NG: East Asian Chinese J,NG
566006,NG: Others,NG
586001,PK: Punjabi,PK
586002,PK: Pathan,PK
586003,PK: Baluchi,PK
586004,PK: Sindhi,PK
586005,PK: Urdu speaking,PK
604001,PE: White,PE
604002,PE: Crossbreed Andino,PE
604003,PE: Crossbreed Amazones,PE
604004,PE: Black or crossbreed,PE
604005,PE: Asiatic or crossbreed,PE
604006,PE: Other,PE
604007,PE: Indian,PE
604008,PE: Arab,PE
608001,PH: Tagalog,PH
608002,PH: Bisaya,PH
608003,PH: Ilonggo,PH
608004,PH: Bicolano,PH
608005,PH: Ilocano,PH
608006,PH: Waray,PH
608007,PH: Chabacano,PH
608010,PH: Kapampangan,PH
608011,PH: Kaulo,PH
608012,PH: Bagobo,PH
608013,PH: Dabawenyo,PH
608014,PH: Chinese,PH
608015,PH: Aklanon,PH
608016,PH: Boholano,PH
608017,PH: Sama,PH
608018,PH: Matanao,PH
608019,PH: Ibanag,PH
608020,PH: Bilaan,PH
608021,PH: Spanish,PH
608022,PH: Leyte¥O,PH
608023,PH: Waray,PH
608024,PH: Cebuano,PH
608025,PH: Zambal,PH
608026,PH: Antiqueno,PH
608027,PH: Masbateno,PH
608028,PH: Pangasinense,PH
608029,PH: Kankana-ay,PH
608030,PH: Ibaloy,PH
608031,PH: Tausog,PH
608032,PH: Suriganon,PH
608033,PH: Muslim,PH
608034,PH: Bagubu,PH
608035,PH: Chinese,PH
608036,PH: Litinya,PH
608037,PH: Davaoeno,PH
608038,PH: Maranao,PH
608039,PH: Maguindanao,PH
608040,PH: Bungolanon,PH
608041,PH: Kanglo,PH
608042,PH: Manobo,PH
608043,PH: Kulanan,PH
608044,PH: Kalagan,PH
608045,PH: Minority,PH
608046,PH: Lubano,PH
630001,PR: White,PR
630002,PR: Black,PR
630003,PR: Arabic,PR
630004,PR: Mulatto,PR
630005,PR: Indian,PR
630006,PR: Other,PR
642001,RO: German,RO
642002,RO: Gypsy,RO
642003,RO: Hungarian,RO
642004,RO: Romanian,RO
642005,RO: Other,RO
682001,SA: Saudi,SA
682002,SA: Egyptian \ Sudanese,SA
682003,SA: Jordanian \ Palestinian.,SA
682004,SA: Lebanese \ Syrian,SA
682005,SA: Yemeni,SA
682006,SA: Other Arabs,SA
682007,SA: Indian \ Sri Lankan,SA
682008,SA: Pakistani \ Bangladeshi,SA
682009,SA: Filipino,SA
682010,SA: Europeans \ Americans,SA
682011,SA: Other nationalities,SA
702001,SG: Caucasian white,SG
702003,"SG: South Asian Indian, Pakistan, etc.",SG
702004,SG: Chinese,SG
702005,"SG: Arabic, Central Asian",SG
702006,SG: Malay,SG
702007,SG: Others,SG
702008,SG: Eurasian,SG
703001,SK: Gypsy,SK
703002,SK: White,SK
703003,SK: Other,SK
703004,SK: Slovenian,SK
704001,VN: Kinh,VN
704002,VN: Muong,VN
704003,VN: Mong,VN
704004,VN: Dao,VN
704005,VN: Ede,VN
704006,VN: Ray,VN
704008,VN: Hoa,VN
710001,ZA: Black,ZA
710002,ZA: White,ZA
710003,ZA: Coloured,ZA
710004,ZA: Indian,ZA
710005,ZA: Other,ZA
710006,ZA: South Asian,ZA
710007,ZA: East Asian,ZA
716001,ZN: Black,ZN
716002,ZN: White,ZN
716003,ZN: Coloured,ZN
724001,ES: White,ES
724002,ES: Black,ES
724003,"ES: South Asian Indian,",ES
724004,"ES: East Asian Chinese,Japanese",ES
724005,"ES: Arabic, Central Asia",ES
724006,ES: Other,ES
752001,SE: White,SE
756001,CH: Swiss German,CH
756002,CH: Swiss French,CH
756003,CH: Swiss Italian,CH
764001,TH: Thai,TH
764002,TH: Malayu,TH
764003,TH: Tribe,TH
788001,TN: Arabic,TN
800001,UG: Black,UG
800003,UG: Coloured,UG
800004,UG: Indian,UG
800005,UG: Other,UG
807001,MK: Macedonian,MK
807002,MK: Albanian,MK
807003,MK: Turkish,MK
807004,MK: Roma,MK
807005,MK: Serbian,MK
807006,MK: Vlav,MK
807007,MK: Other,MK
807008,MK: Gypsy,MK
818001,EG: Arab,EG
818002,EG: From upper egypt,EG
818003,EG: From nile delta,EG
818004,EG: Noba,EG
818005,EG: Other,EG
826001,GB: White,GB
826002,GB: Black-Caribbean,GB
826003,GB: Black-African,GB
826004,GB: Black-Other,GB
826005,GB: Indian,GB
826006,GB: Pakistani,GB
826007,GB: Bangladeshi,GB
826008,GB: Chinese,GB
826009,GB: Other ethnic group,GB
840002,"US: White, Non-Hispanic",US
840003,"US: Black, Non-Hispanic",US
840004,"US: Other, Non-Hispanic",US
840005,US: Hispanic,US
840006,"US: 2+Races, Non-Hispanic",US
840007,"US:  South Asian  (Indian, Pakistani, etc.)",US
840008,"US:  East Asian (Chinese, Japanese, etc.)",US
840009,US:  Arabic (Central Asian),US
840010,US:  White,US
840011,US:  Black,US
840012,US:  Spanish; Hispanic,US
855001,NG: Yoruba,NG
855002,NG: Hausa,NG
855003,NG: Igbo,NG
855004,NG: Fulani,NG
855005,NG: Tiv,NG
855006,NG: Ibibio,NG
855023,NG: Frafra,NG
855024,NG: Krobo,NG
855029,NG: Loss,NG
855030,NG: Bono,NG
855036,NG: Gonja,NG
855037,NG: Mampuli,NG
855038,NG: Dagari,NG
855039,NG: Bimba,NG
855040,NG: Dagomba,NG
855041,NG: Yala,NG
855042,NG: Bassa,NG
855043,NG: Gbagi,NG
855044,NG: Ciawa,NG
855045,NG: Ijaw,NG
855046,NG: Esan,NG
855047,NG: Edo,NG
855048,NG: Esako,NG
855049,NG: Urhobo,NG
855050,NG: Nupe,NG
855051,NG: Chamba,NG
855052,NG: Kilba,NG
855053,NG: Higgi,NG
855054,NG: Bachama,NG
855055,NG: Yungur,NG
855056,NG: Tangale,NG
855058,NG: Bukwarra,NG
855059,NG: Ikom,NG
855060,NG: Ogoja,NG
855061,NG: Boki,NG
855062,NG: Efik,NG
855064,NG: Ejagam,NG
855066,NG: Baribari,NG
858001,UY: Caucasian (White),UY
858002,UY: Black,UY
858003,"UY: South Asian (hindu, pakistani, brown)",UY
858004,"UY: East Asian (chinese, japanese, korean,..)",UY
858005,UY: Arab (light brown),UY
858006,UY: Other,UY
862001,VE: White,VE
862002,VE: Light brown,VE
862003,VE: Dark brown,VE
862004,VE: Black,VE
862005,VE: Indigenous,VE
862006,VE: Other,VE
862007,VE: Brown,VE
911001,CS: Caucasian,CS
912001,ME: Caucasian,ME
-5,Missing; Not specified,
-4,Not asked,
-2,No answer,
-1,Don´t know,