State,Riots,Year,,
Bihar,8809,2010,,
Gujarat,1623,2010,,
Karnataka,7710,2010,,
Kerala,8724,2010,,
Maharashtra,8412,2010,,
Uttar,4186,2010,,
Delhi,53,2010,,
Total,67571,2010,,
Bihar,9768,2011,,
Gujarat,1615,2011,,
Karnataka,7265,2011,,
Kerala,10754,2011,,
Maharashtra,8556,2011,,
Uttar,5022,2011,,
Delhi,50,2011,,
Total,68500,2011,,
Bihar,10871,2012,,
Gujarat,1758,2012,,
Karnataka,7502,2012,,
Kerala,10938,2012,,
Maharashtra,8860,2012,,
Uttar,5676,2012,,
Delhi,79,2012,,
Total,74633,2012,,
Bihar,11931,2013,,
Gujarat,1715,2013,,
Karnataka,7237,2013,,
Kerala,10042,2013,,
Maharashtra,9610,2013,,
Uttar,6089,2013,,
Delhi,113,2013,,
Total,72126,2013,,
Bihar,13566,2014,,
Gujarat,1354,2014,,
Karnataka,6520,2014,,
Kerala,5820,2014,,
Maharashtra,7760,2014,,
Uttar,6438,2014,,
Delhi,160,2014,,
Total,66042,2014,,
Bihar,13311,2015,,
Gujarat,1751,2015,,
Karnataka,6602,2015,,
Kerala,5830,2015,,
Maharashtra,8336,2015,,
Uttar,6813,2015,,
Delhi,130,2015,,
Total,65255,2015,,
Bihar,11617,2016,,
Gujarat,1659,2016,,
Karnataka,6263,2016,,
Kerala,5089,2016,,
Maharashtra,7898,2016,,
Uttar,8018,2016,,
Delhi,79,2016,,
Total,61974,2016,,