CCode,Prevalent_Ethnicity
40,Hispanic.Spanish
255,European.German
260,European.German
530,African.EastAfrican
600,Muslim.Maghreb
900,CelticEnglish
41,European.French
52,Hispanic.Spanish
58,Hispanic.Spanish
80,Hispanic.Spanish
95,Hispanic.Spanish
130,Hispanic.Spanish
135,Hispanic.Spanish
225,European.German
375,Nordic.Finland
380,Nordic.Scandinavian.Sweden
411,African.WestAfrican
420,African.WestAfrican
541,Hispanic.Portuguese
690,Muslim.ArabianPeninsula
150,Hispanic.Spanish
339,European.SouthSlavs
372,Muslim.Turkic.CentralAsian
452,African.WestAfrican
461,African.WestAfrican
571,African.SouthAfrican
590,African.EastAfrican
651,Muslim.Nubian
663,Muslim.ArabianPeninsula
730,EastAsian.South.Korea
436,African.WestAfrican
450,African.WestAfrican
517,African.EastAfrican
552,African.SouthAfrican
710,EastAsian.Chinese
713,EastAsian.Chinese
220,European.French
345,European.SouthSlavs
346,European.SouthSlavs
365,European.Russian
439,African.WestAfrican
471,African.WestAfrican
775,EastAsian.Indochina.Myanmar
20,CelticEnglish
42,Hispanic.Spanish
70,Hispanic.Spanish
90,Hispanic.Spanish
91,Hispanic.Spanish
92,Hispanic.Spanish
93,Hispanic.Spanish
94,Hispanic.Spanish
100,Hispanic.Spanish
101,Hispanic.Spanish
140,Hispanic.Portuguese
145,Hispanic.Spanish
155,Hispanic.Spanish
160,Hispanic.Spanish
165,Hispanic.Spanish
200,CelticEnglish
205,CelticEnglish
210,European.German
211,European.French
212,European.French
223,European.German
230,Hispanic.Spanish
232,Hispanic.Spanish
235,Hispanic.Portuguese
265,European.German
290,European.EastEuropean
305,European.German
310,European.EastEuropean
315,European.EastEuropean
316,European.EastEuropean
317,European.EastEuropean
325,European.Italian.Italy
341,European.SouthSlavs
343,European.SouthSlavs
344,European.SouthSlavs
347,European.SouthSlavs
350,Greek
355,European.SouthSlavs
359,European.Italian.Romania
360,European.Italian.Romania
366,European.Baltics
367,European.Baltics
368,European.Baltics
369,European.Russian
370,European.Russian
373,Muslim.Turkic.CentralAsian
385,Nordic.Scandinavian.Norway
390,Nordic.Scandinavian.Denmark
402,African.WestAfrican
404,African.WestAfrican
432,African.WestAfrican
433,African.WestAfrican
434,African.WestAfrican
435,African.WestAfrican
437,African.WestAfrican
438,African.WestAfrican
451,African.WestAfrican
475,African.WestAfrican
481,African.WestAfrican
482,African.WestAfrican
484,African.WestAfrican
500,African.EastAfrican
501,African.EastAfrican
510,African.EastAfrican
516,African.EastAfrican
520,Muslim.Nubian
522,African.EastAfrican
531,African.EastAfrican
540,Hispanic.Portuguese
551,African.EastAfrican
553,African.EastAfrican
560,African.SouthAfrican
565,African.SouthAfrican
570,African.SouthAfrican
572,African.SouthAfrican
580,African.EastAfrican
581,African.EastAfrican
591,African.EastAfrican
615,Muslim.Maghreb
616,Muslim.Maghreb
620,Muslim.Maghreb
625,Muslim.Nubian
626,African.EastAfrican
630,Muslim.Persian
640,Muslim.Turkic.Turkey
645,Muslim.ArabianPeninsula
652,Muslim.ArabianPeninsula
660,Muslim.ArabianPeninsula
666,Jewish
670,Muslim.ArabianPeninsula
679,Muslim.ArabianPeninsula
692,Muslim.ArabianPeninsula
694,Muslim.ArabianPeninsula
696,Muslim.ArabianPeninsula
698,Muslim.ArabianPeninsula
700,Muslim.Persian
701,Muslim.Turkic.CentralAsian
702,Muslim.Turkic.CentralAsian
703,Muslim.Turkic.CentralAsian
704,Muslim.Turkic.CentralAsian
705,Muslim.Turkic.CentralAsian
731,EastAsian.South.Korea
740,EastAsian.Japan
750,SouthAsian
760,SouthAsian
770,Muslim.Pakistanis.Pakistan
771,Muslim.Pakistanis.Bangladesh
780,SouthAsian
790,SouthAsian
800,EastAsian.Indochina.Thailand
811,EastAsian.Indochina.Cambodia
816,EastAsian.Indochina.Vietnam
820,EastAsian.Malay.Malaysia
830,EastAsian.Chinese
835,EastAsian.Malay.Malaysia
840,Hispanic.Philippines
850,EastAsian.Malay.Indonesia
860,Hispanic.Portuguese
920,CelticEnglish
483,African.WestAfrican
490,African.EastAfrican
349,European.SouthSlavs